cpu,mobo,ram,gpu,ssd,fonte,cooler,gabinete,tier,preco
Intel i5-14600KF,ASUS TUF B760M-Plus DDR5,DDR5 32GB 6000MHz RGB,RTX 5080,WD Blue SN580 1TB,Corsair RM1000x Gold,Thermalright Peerless Assassin,NZXT H5 Flow,high,18784.39
Intel i5-14600KF,MSI MAG Z790 Tomahawk DDR5,DDR5 32GB 6000MHz RGB,RTX 5060 Ti 16GB,Samsung 990 Pro 4TB,Corsair RM850x Gold,DeepCool LE720 360mm,Lian Li O11 Dynamic EVO,high,15760.37
AMD Ryzen 7 7700X,MSI MAG X870E Tomahawk,DDR5 32GB 5600MHz (2x16),RX 7800 XT,WD Blue SN580 1TB,Corsair CX650 Bronze,DeepCool AK400,NZXT H5 Flow,mid,10985.79
AMD Ryzen 7 7800X3D,MSI MAG X870E Tomahawk,DDR5 32GB 5600MHz (2x16),RTX 5080,WD Black SN850X 2TB,Corsair RM850x Gold,Thermalright Peerless Assassin,Corsair 7000D Airflow,high,21110.24
Intel i7-14700KF,ASUS TUF B760M-Plus DDR5,DDR5 32GB 6000MHz RGB,RTX 5070,Samsung 990 Pro 1TB,Corsair RM750x Gold,DeepCool LE720 360mm,NZXT H5 Flow,high,13723.49
AMD Ryzen 7 7800X3D,MSI MAG X870E Tomahawk,DDR5 32GB 6000MHz RGB,RTX 4070,Samsung 990 Pro 4TB,Corsair RM850x Gold,Thermalright Peerless Assassin,Lian Li O11 Dynamic EVO,high,14915.2
Intel i3-12100F,MSI PRO B760M-A DDR4,DDR4 8GB 3200MHz (1x8),RTX 3060 12GB,Kingston NV2 1TB,Cooler Master MWE 650 Gold,Thermalright Peerless Assassin,Corsair 3000D Airflow,budget,4823.79
AMD Ryzen 7 5800X3D,ASUS TUF B550M-Plus,DDR4 32GB 3200MHz (2x16),RTX 5080,Samsung 990 Pro 4TB,Corsair RM850x Gold,NZXT Kraken 360,Corsair 7000D Airflow,high,17850.26
AMD Ryzen 7 9800X3D,MSI MAG X870E Tomahawk,DDR5 32GB 5600MHz (2x16),RTX 5080,WD Blue SN580 1TB,Corsair RM1000x Gold,Thermalright Peerless Assassin,Corsair 7000D Airflow,high,20728.69
Intel i7-14700KF,ASUS TUF B760M-Plus DDR5,DDR5 64GB 5600MHz (2x32),RX 9070 XT,Samsung 990 Pro 1TB,Corsair RM850x Gold,DeepCool LE720 360mm,NZXT H5 Flow,high,15754.47
AMD Ryzen 7 7700X,MSI MAG X870E Tomahawk,DDR5 32GB 6000MHz RGB,RTX 5080,WD Black SN850X 2TB,Corsair RM750x Gold,NZXT Kraken 360,Lian Li O11 Dynamic EVO,high,20167.42
Intel i5-14400F,MSI MAG Z790 Tomahawk DDR5,DDR5 16GB 5600MHz (2x8),RTX 4070,Crucial P3 500GB,Cooler Master MWE 650 Gold,Thermalright Peerless Assassin,Lian Li O11 Dynamic EVO,mid,9372.79
AMD Ryzen 7 7700X,MSI MAG B650 Tomahawk,DDR5 32GB 5600MHz (2x16),RTX 5080,WD Blue SN580 1TB,Corsair RM1000x Gold,Thermalright Peerless Assassin,Corsair 7000D Airflow,high,18441.7
AMD Ryzen 5 7600,MSI MAG B650 Tomahawk,DDR5 32GB 6000MHz RGB,RTX 5070 Ti,Samsung 990 Pro 1TB,Cooler Master MWE 650 Gold,Thermalright Peerless Assassin,NZXT H5 Flow,mid,13877.9
Intel i5-12400F,MSI PRO H610M-G DDR4,DDR4 8GB 3200MHz (1x8),Arc B580,Kingston NV2 1TB,Cooler Master MWE 650 Gold,Cooler box (stock),Corsair 3000D Airflow,entry,4890.82
AMD Ryzen 5 5600,MSI B550M-A Pro,DDR4 32GB 3200MHz (2x16),Arc B580,Crucial P3 500GB,Redragon RGPS 500W Bronze,DeepCool AK400,Gamemax Infinit M909,budget,5676.92
AMD Ryzen 5 7600,MSI MAG X870E Tomahawk,DDR5 16GB 5600MHz (2x8),RTX 4060,Crucial P3 500GB,Cooler Master MWE 650 Gold,DeepCool LE720 360mm,NZXT H5 Flow,mid,8874.8
Intel i5-14600KF,ASUS TUF B760M-Plus DDR5,DDR5 32GB 5600MHz (2x16),RTX 3060 12GB,WD Blue SN580 1TB,Corsair CX650 Bronze,Thermalright Peerless Assassin,NZXT H5 Flow,budget,8421.5
AMD Ryzen 5 8400F,ASUS Prime A620M-K,DDR5 16GB 5600MHz (2x8),RTX 4060,Kingston NV2 500GB,Corsair CX650 Bronze,DeepCool AK400,Gamemax Infinit M909,entry,5653.84
AMD Ryzen 7 7800X3D,MSI PRO B850M-B,DDR5 32GB 5600MHz (2x16),RX 9070 XT,Crucial P3 500GB,Corsair RM850x Gold,Thermalright Peerless Assassin,Lian Li O11 Dynamic EVO,mid,12942.83
AMD Ryzen 7 5800X3D,ASUS TUF B550M-Plus,DDR4 16GB 3200MHz (2x8),RTX 4070,Samsung 990 Pro 1TB,Corsair CX650 Bronze,DeepCool LE720 360mm,NZXT H5 Flow,mid,8534.52
AMD Ryzen 7 5800X3D,MSI B550M-A Pro,DDR4 32GB 3200MHz (2x16),RX 7600,Samsung 990 Pro 1TB,Corsair CX650 Bronze,DeepCool AK400,NZXT H5 Flow,mid,7238.28
Intel i9-14900K,MSI MAG Z790 Tomahawk DDR5,DDR5 64GB 5600MHz (2x32),RTX 5070 Ti,WD Black SN850X 2TB,Corsair RM1000x Gold,NZXT Kraken 360,Lian Li O11 Dynamic EVO,enthusiast,23224.5
AMD Ryzen 7 5700X,MSI B550M-A Pro,DDR4 32GB 3600MHz RGB,RTX 3060 12GB,Crucial P3 500GB,Cooler Master MWE 650 Gold,Thermalright Peerless Assassin,Lian Li O11 Dynamic EVO,mid,7810.31
AMD Ryzen 7 7700X,MSI MAG B650 Tomahawk,DDR5 32GB 5600MHz (2x16),RX 9070 XT,Kingston NV2 1TB,Corsair RM850x Gold,DeepCool AK400,NZXT H5 Flow,mid,12585.77
AMD Ryzen 5 7600,ASUS Prime A620M-K,DDR5 16GB 5600MHz (2x8),Arc B580,Kingston NV2 500GB,Cooler Master MWE 650 Gold,DeepCool AK400,Gamemax Infinit M909,entry,6172.91
Intel i3-12100F,MSI PRO B760M-A DDR4,DDR4 8GB 3200MHz (1x8),RX 6600,Kingston NV2 500GB,Corsair CX650 Bronze,DeepCool AK400,Corsair 3000D Airflow,entry,4046.78
AMD Ryzen 5 7600,MSI PRO B850M-B,DDR5 16GB 5600MHz (2x8),RTX 4060,Kingston NV2 500GB,Redragon RGPS 500W Bronze,Cooler box (stock),Gamemax Infinit M909,entry,5807.53
AMD Ryzen 9 9950X,MSI MAG B650 Tomahawk,DDR5 64GB 5600MHz (2x32),RTX 5090,Samsung 990 Pro 1TB,Corsair RM750x Gold,NZXT Kraken 360,Lian Li O11 Dynamic EVO,high,32337.72
AMD Ryzen 7 5700X,ASUS TUF B550M-Plus,DDR4 32GB 3200MHz (2x16),RX 6600,Kingston NV2 500GB,Cooler Master MWE 650 Gold,Cooler box (stock),Gamemax Infinit M909,budget,5801.68
AMD Ryzen 7 9800X3D,MSI MAG X870E Tomahawk,DDR5 32GB 6000MHz RGB,RTX 5080,Samsung 990 Pro 4TB,Corsair RM1000x Gold,DeepCool LE720 360mm,Corsair 7000D Airflow,enthusiast,22563.88
AMD Ryzen 5 5500,ASUS TUF B550M-Plus,DDR4 16GB 3200MHz (2x8),RTX 4060,Crucial P3 500GB,Corsair CX650 Bronze,Thermalright Peerless Assassin,Gamemax Infinit M909,budget,5299.3
AMD Ryzen 5 5500,ASUS TUF B550M-Plus,DDR4 32GB 3200MHz (2x16),RTX 3060 12GB,Kingston NV2 500GB,Redragon RGPS 500W Bronze,Cooler box (stock),NZXT H5 Flow,budget,4881.31
AMD Ryzen 5 8400F,MSI PRO B850M-B,DDR5 32GB 5600MHz (2x16),RTX 5060 Ti 16GB,Kingston NV2 500GB,Redragon RGPS 500W Bronze,Cooler box (stock),Gamemax Infinit M909,budget,9334.71
AMD Ryzen 7 9800X3D,MSI MAG X870E Tomahawk,DDR5 64GB 5600MHz (2x32),RTX 5070 Ti,Samsung 990 Pro 1TB,Corsair RM1000x Gold,DeepCool LE720 360mm,Lian Li O11 Dynamic EVO,enthusiast,20025.49
AMD Ryzen 7 7700X,MSI MAG X870E Tomahawk,DDR5 32GB 5600MHz (2x16),RTX 4070,WD Black SN850X 2TB,Corsair RM1000x Gold,NZXT Kraken 360,Corsair 7000D Airflow,high,14393.7
AMD Ryzen 9 9950X,MSI MAG B650 Tomahawk,DDR5 64GB 5600MHz (2x32),RX 7800 XT,WD Black SN850X 2TB,Corsair RM1000x Gold,Thermalright Peerless Assassin,Lian Li O11 Dynamic EVO,high,19028.38
AMD Ryzen 7 5700X,ASUS TUF B550M-Plus,DDR4 16GB 3200MHz (2x8),RX 7600,WD Blue SN580 1TB,Corsair RM750x Gold,Thermalright Peerless Assassin,Corsair 3000D Airflow,mid,5657.84
Intel i9-14900K,MSI MAG Z790 Tomahawk DDR5,DDR5 32GB 6000MHz RGB,RTX 5070,WD Black SN850X 2TB,Corsair RM1000x Gold,DeepCool LE720 360mm,Corsair 7000D Airflow,enthusiast,15301.23
Intel i5-12400F,MSI PRO B760M-A DDR4,DDR4 8GB 3200MHz (1x8),RTX 4070,Kingston NV2 500GB,Cooler Master MWE 650 Gold,Cooler box (stock),NZXT H5 Flow,budget,6952.87
Intel i5-14400F,MSI MAG Z790 Tomahawk DDR5,DDR5 32GB 6000MHz RGB,RTX 3060 12GB,Samsung 990 Pro 1TB,Corsair CX650 Bronze,DeepCool AK400,Lian Li O11 Dynamic EVO,mid,10393.2
AMD Ryzen 5 8400F,MSI PRO B850M-B,DDR5 32GB 5600MHz (2x16),RTX 4060,WD Blue SN580 1TB,Corsair RM750x Gold,Thermalright Peerless Assassin,Corsair 3000D Airflow,budget,8405.75
Intel i7-14700KF,ASUS TUF B760M-Plus DDR5,DDR5 16GB 5600MHz (2x8),RTX 4070,WD Black SN850X 2TB,Corsair RM850x Gold,DeepCool AK400,NZXT H5 Flow,mid,10364.27
Intel i5-14600KF,ASUS TUF B760M-Plus DDR5,DDR5 32GB 5600MHz (2x16),RTX 5060 Ti 16GB,WD Blue SN580 1TB,Redragon RGPS 500W Bronze,Thermalright Peerless Assassin,Gamemax Infinit M909,budget,10570.33
AMD Ryzen 5 5600,ASUS TUF B550M-Plus,DDR4 8GB 3200MHz (1x8),RTX 3060 12GB,WD Blue SN580 1TB,Redragon RGPS 500W Bronze,Thermalright Peerless Assassin,NZXT H5 Flow,budget,4259.18
AMD Ryzen 7 7700X,ASUS Prime A620M-K,DDR5 16GB 5600MHz (2x8),RX 6600,Kingston NV2 1TB,Redragon RGPS 500W Bronze,Thermalright Peerless Assassin,Gamemax Infinit M909,budget,5346.4
AMD Ryzen 5 8400F,MSI PRO B850M-B,DDR5 16GB 5600MHz (2x8),RX 7600,Kingston NV2 1TB,Cooler Master MWE 650 Gold,Cooler box (stock),Corsair 3000D Airflow,entry,5719.14
AMD Ryzen 7 7800X3D,MSI MAG X870E Tomahawk,DDR5 64GB 5600MHz (2x32),RTX 5090,WD Black SN850X 2TB,Corsair RM850x Gold,DeepCool LE720 360mm,Lian Li O11 Dynamic EVO,enthusiast,30369.56
Intel i3-12100F,MSI PRO B760M-A DDR4,DDR4 32GB 3200MHz (2x16),RX 7600,Crucial P3 500GB,Redragon RGPS 500W Bronze,Cooler box (stock),Corsair 3000D Airflow,budget,5360.29
AMD Ryzen 5 5500,MSI B550M-A Pro,DDR4 8GB 3200MHz (1x8),GTX 1650,Crucial P3 500GB,Cooler Master MWE 650 Gold,DeepCool AK400,Gamemax Infinit M909,entry,3364.31
AMD Ryzen 7 7800X3D,MSI MAG X870E Tomahawk,DDR5 64GB 5600MHz (2x32),RX 9070 XT,Samsung 990 Pro 4TB,Corsair RM1000x Gold,NZXT Kraken 360,Corsair 7000D Airflow,enthusiast,21462.12
Intel i3-12100F,ASUS TUF B760M-Plus DDR5,DDR5 32GB 5600MHz (2x16),RTX 3060 12GB,Kingston NV2 1TB,Corsair RM750x Gold,Thermalright Peerless Assassin,NZXT H5 Flow,budget,7990.34
AMD Ryzen 7 7700X,MSI PRO B850M-B,DDR5 16GB 5600MHz (2x8),RTX 3060 12GB,Crucial P3 500GB,Cooler Master MWE 650 Gold,Thermalright Peerless Assassin,Corsair 3000D Airflow,mid,6221.87
AMD Ryzen 7 7700X,MSI MAG B650 Tomahawk,DDR5 32GB 5600MHz (2x16),RTX 5070,Kingston NV2 1TB,Cooler Master MWE 650 Gold,Thermalright Peerless Assassin,Corsair 3000D Airflow,mid,11187.21
Intel i7-14700KF,MSI MAG Z790 Tomahawk DDR5,DDR5 64GB 5600MHz (2x32),RTX 5090,Samsung 990 Pro 4TB,Corsair RM850x Gold,NZXT Kraken 360,Lian Li O11 Dynamic EVO,enthusiast,32774.77
AMD Ryzen 7 9800X3D,MSI MAG X870E Tomahawk,DDR5 32GB 5600MHz (2x16),RTX 5080,WD Black SN850X 2TB,Corsair RM850x Gold,NZXT Kraken 360,Lian Li O11 Dynamic EVO,high,20226.37
AMD Ryzen 7 5800X3D,ASUS TUF B550M-Plus,DDR4 32GB 3200MHz (2x16),RX 9070 XT,WD Black SN850X 2TB,Corsair RM850x Gold,NZXT Kraken 360,Corsair 7000D Airflow,high,13604.5
AMD Ryzen 5 5600,MSI B550M-A Pro,DDR4 16GB 3200MHz (2x8),RX 7600,Kingston NV2 500GB,Corsair CX650 Bronze,DeepCool AK400,Corsair 3000D Airflow,entry,4938.81
AMD Ryzen 7 7700X,MSI MAG B650 Tomahawk,DDR5 32GB 6000MHz RGB,RTX 5070,Samsung 990 Pro 4TB,Corsair RM1000x Gold,NZXT Kraken 360,Corsair 7000D Airflow,high,15285.09
Intel i7-14700KF,MSI PRO B760M-A DDR4,DDR4 16GB 3200MHz (2x8),RTX 5060 Ti 16GB,Samsung 990 Pro 1TB,Corsair CX650 Bronze,DeepCool AK400,Corsair 3000D Airflow,mid,8702.7
AMD Ryzen 7 7800X3D,MSI MAG X870E Tomahawk,DDR5 32GB 5600MHz (2x16),RTX 5070,Samsung 990 Pro 1TB,Corsair RM850x Gold,DeepCool LE720 360mm,NZXT H5 Flow,mid,14464.88
AMD Ryzen 7 9800X3D,MSI MAG X870E Tomahawk,DDR5 64GB 5600MHz (2x32),RTX 5070,Samsung 990 Pro 4TB,Corsair RM850x Gold,NZXT Kraken 360,Lian Li O11 Dynamic EVO,enthusiast,20569.75
Intel i7-14700KF,MSI MAG Z790 Tomahawk DDR5,DDR5 16GB 5600MHz (2x8),RTX 4070,Samsung 990 Pro 1TB,Cooler Master MWE 650 Gold,DeepCool LE720 360mm,Lian Li O11 Dynamic EVO,mid,11805.92
Intel i5-12400F,MSI PRO B760M-A DDR4,DDR4 16GB 3200MHz (2x8),RTX 3060 12GB,Crucial P3 500GB,Redragon RGPS 500W Bronze,Thermalright Peerless Assassin,Gamemax Infinit M909,budget,4717.73
Intel i5-14400F,ASUS TUF B760M-Plus DDR5,DDR5 16GB 5600MHz (2x8),RTX 5070,Crucial P3 500GB,Corsair RM750x Gold,DeepCool LE720 360mm,Lian Li O11 Dynamic EVO,mid,10296.98
AMD Ryzen 7 5800X3D,MSI B550M-A Pro,DDR4 32GB 3200MHz (2x16),RTX 5070 Ti,Crucial P3 500GB,Corsair RM750x Gold,DeepCool LE720 360mm,Lian Li O11 Dynamic EVO,mid,12610.19
Intel i9-14900K,MSI MAG Z790 Tomahawk DDR5,DDR5 32GB 5600MHz (2x16),RX 7800 XT,Samsung 990 Pro 1TB,Corsair RM850x Gold,Thermalright Peerless Assassin,Corsair 7000D Airflow,high,13053.23
Intel i5-14400F,MSI MAG Z790 Tomahawk DDR5,DDR5 32GB 5600MHz (2x16),Arc B580,WD Black SN850X 2TB,Cooler Master MWE 650 Gold,DeepCool AK400,NZXT H5 Flow,mid,9665.65
Intel i7-14700KF,MSI MAG Z790 Tomahawk DDR5,DDR5 64GB 5600MHz (2x32),RTX 5070 Ti,Samsung 990 Pro 1TB,Corsair RM850x Gold,NZXT Kraken 360,Lian Li O11 Dynamic EVO,enthusiast,19606.82
Intel i9-14900K,ASUS TUF B760M-Plus DDR5,DDR5 32GB 5600MHz (2x16),RTX 5070 Ti,Samsung 990 Pro 4TB,Corsair RM750x Gold,DeepCool LE720 360mm,NZXT H5 Flow,high,16490.6
AMD Ryzen 9 9950X,MSI MAG X870E Tomahawk,DDR5 64GB 5600MHz (2x32),RTX 5070,Samsung 990 Pro 1TB,Corsair RM850x Gold,DeepCool LE720 360mm,Lian Li O11 Dynamic EVO,enthusiast,20408.42
AMD Ryzen 5 5500,ASUS TUF B550M-Plus,DDR4 8GB 3200MHz (1x8),RTX 4060,WD Blue SN580 1TB,Redragon RGPS 500W Bronze,Cooler box (stock),Gamemax Infinit M909,budget,4212.47
Intel i7-14700KF,MSI MAG Z790 Tomahawk DDR5,DDR5 32GB 6000MHz RGB,Arc B580,Kingston NV2 1TB,Corsair RM850x Gold,DeepCool AK400,Corsair 3000D Airflow,mid,11959.44
AMD Ryzen 7 5800X3D,ASUS TUF B550M-Plus,DDR4 32GB 3600MHz RGB,RTX 5090,Samsung 990 Pro 4TB,Corsair RM1000x Gold,NZXT Kraken 360,Lian Li O11 Dynamic EVO,enthusiast,26587.8
AMD Ryzen 5 5500,ASUS TUF B550M-Plus,DDR4 16GB 3200MHz (2x8),Arc B580,Kingston NV2 1TB,Cooler Master MWE 650 Gold,DeepCool AK400,Gamemax Infinit M909,budget,4797.87
Intel i7-14700KF,ASUS TUF B760M-Plus DDR5,DDR5 32GB 5600MHz (2x16),RX 7800 XT,Samsung 990 Pro 1TB,Corsair RM750x Gold,NZXT Kraken 360,Lian Li O11 Dynamic EVO,high,13058.98
Intel i5-14400F,MSI PRO H610M-G DDR4,DDR4 16GB 3200MHz (2x8),GTX 1650,Kingston NV2 500GB,Redragon RGPS 500W Bronze,DeepCool AK400,Gamemax Infinit M909,entry,3347.28
Intel i3-12100F,MSI PRO B760M-A DDR4,DDR4 8GB 3200MHz (1x8),RTX 3060 12GB,Kingston NV2 1TB,Corsair CX650 Bronze,Cooler box (stock),Corsair 3000D Airflow,entry,4342.76
Intel i5-14600KF,ASUS TUF B760M-Plus DDR5,DDR5 16GB 5600MHz (2x8),Arc B580,WD Black SN850X 2TB,Corsair RM750x Gold,DeepCool AK400,NZXT H5 Flow,mid,8420.83
AMD Ryzen 7 7800X3D,MSI MAG B650 Tomahawk,DDR5 32GB 6000MHz RGB,RX 7600,Crucial P3 500GB,Cooler Master MWE 650 Gold,Thermalright Peerless Assassin,Lian Li O11 Dynamic EVO,mid,10371.95
AMD Ryzen 5 8400F,MSI PRO B850M-B,DDR5 16GB 5600MHz (2x8),GTX 1650,Kingston NV2 1TB,Redragon RGPS 500W Bronze,Cooler box (stock),Gamemax Infinit M909,entry,4245.46
AMD Ryzen 7 7700X,MSI MAG B650 Tomahawk,DDR5 32GB 6000MHz RGB,RX 7800 XT,Crucial P3 500GB,Cooler Master MWE 650 Gold,DeepCool LE720 360mm,Corsair 3000D Airflow,mid,11510.36
Intel i5-14600KF,MSI PRO H610M-G DDR4,DDR4 8GB 3200MHz (1x8),RX 7600,Crucial P3 500GB,Corsair CX650 Bronze,Cooler box (stock),Gamemax Infinit M909,budget,4794.95
AMD Ryzen 7 7800X3D,MSI MAG X870E Tomahawk,DDR5 32GB 5600MHz (2x16),RTX 4070,WD Blue SN580 1TB,Corsair RM750x Gold,Thermalright Peerless Assassin,Corsair 3000D Airflow,mid,13393.89
AMD Ryzen 7 5800X3D,MSI B550M-A Pro,DDR4 32GB 3200MHz (2x16),RTX 4070,WD Blue SN580 1TB,Cooler Master MWE 650 Gold,DeepCool LE720 360mm,NZXT H5 Flow,mid,10182.57
AMD Ryzen 7 5800X3D,ASUS TUF B550M-Plus,DDR4 32GB 3600MHz RGB,RTX 5090,WD Black SN850X 2TB,Corsair RM1000x Gold,NZXT Kraken 360,Lian Li O11 Dynamic EVO,enthusiast,26169.32
Intel i7-14700KF,ASUS TUF B760M-Plus DDR5,DDR5 32GB 6000MHz RGB,RX 7800 XT,WD Blue SN580 1TB,Corsair RM750x Gold,Thermalright Peerless Assassin,Corsair 7000D Airflow,high,11815.49
Intel i5-14400F,MSI PRO B760M-A DDR4,DDR4 16GB 3200MHz (2x8),Arc B580,Kingston NV2 500GB,Cooler Master MWE 650 Gold,Cooler box (stock),Gamemax Infinit M909,budget,4733.5
Intel i5-14600KF,MSI MAG Z790 Tomahawk DDR5,DDR5 64GB 5600MHz (2x32),RTX 5070,Samsung 990 Pro 1TB,Corsair RM1000x Gold,Thermalright Peerless Assassin,NZXT H5 Flow,high,14963.44
AMD Ryzen 7 7800X3D,MSI MAG B650 Tomahawk,DDR5 32GB 6000MHz RGB,RTX 3060 12GB,WD Black SN850X 2TB,Cooler Master MWE 650 Gold,DeepCool LE720 360mm,NZXT H5 Flow,mid,11108.83
AMD Ryzen 7 7800X3D,MSI MAG X870E Tomahawk,DDR5 32GB 6000MHz RGB,RTX 5090,WD Black SN850X 2TB,Corsair RM850x Gold,Thermalright Peerless Assassin,Corsair 7000D Airflow,high,29412.59
AMD Ryzen 7 5700X,ASUS TUF B550M-Plus,DDR4 8GB 3200MHz (1x8),RX 7600,WD Blue SN580 1TB,Corsair RM750x Gold,Thermalright Peerless Assassin,NZXT H5 Flow,budget,6038.75
AMD Ryzen 9 9950X,MSI MAG X870E Tomahawk,DDR5 64GB 5600MHz (2x32),RTX 5070,WD Black SN850X 2TB,Corsair RM850x Gold,NZXT Kraken 360,Lian Li O11 Dynamic EVO,enthusiast,18948.13
AMD Ryzen 7 5800X3D,ASUS TUF B550M-Plus,DDR4 32GB 3200MHz (2x16),RTX 5070,Samsung 990 Pro 1TB,Corsair RM1000x Gold,Thermalright Peerless Assassin,NZXT H5 Flow,high,11826.21
AMD Ryzen 5 5600,MSI B550M-A Pro,DDR4 8GB 3200MHz (1x8),RX 6600,Kingston NV2 500GB,Redragon RGPS 500W Bronze,Cooler box (stock),Corsair 3000D Airflow,entry,3357.39
AMD Ryzen 5 7600,ASUS Prime A620M-K,DDR5 16GB 5600MHz (2x8),RX 6600,Kingston NV2 1TB,Cooler Master MWE 650 Gold,DeepCool AK400,Corsair 3000D Airflow,entry,5600.54
Intel i7-14700KF,MSI MAG Z790 Tomahawk DDR5,DDR5 32GB 6000MHz RGB,RX 7800 XT,WD Black SN850X 2TB,Corsair RM850x Gold,NZXT Kraken 360,Lian Li O11 Dynamic EVO,high,14183.67
AMD Ryzen 7 7800X3D,MSI MAG B650 Tomahawk,DDR5 32GB 6000MHz RGB,RTX 5080,WD Black SN850X 2TB,Corsair RM1000x Gold,DeepCool LE720 360mm,Lian Li O11 Dynamic EVO,high,20640.35
AMD Ryzen 7 5700X,ASUS TUF B550M-Plus,DDR4 32GB 3200MHz (2x16),RTX 4060,WD Blue SN580 1TB,Cooler Master MWE 650 Gold,DeepCool LE720 360mm,NZXT H5 Flow,mid,7052.21
Intel i7-14700KF,MSI MAG Z790 Tomahawk DDR5,DDR5 32GB 5600MHz (2x16),RTX 4070,Kingston NV2 1TB,Corsair CX650 Bronze,DeepCool AK400,NZXT H5 Flow,mid,11474.42
AMD Ryzen 5 7600,MSI PRO B850M-B,DDR5 16GB 5600MHz (2x8),Arc B580,Crucial P3 500GB,Corsair CX650 Bronze,Cooler box (stock),Gamemax Infinit M909,entry,5573.08
AMD Ryzen 7 7700X,ASUS Prime A620M-K,DDR5 32GB 5600MHz (2x16),Arc B580,Kingston NV2 1TB,Cooler Master MWE 650 Gold,Thermalright Peerless Assassin,NZXT H5 Flow,budget,9027.39
AMD Ryzen 9 9950X,MSI MAG X870E Tomahawk,DDR5 64GB 5600MHz (2x32),RX 9070 XT,WD Black SN850X 2TB,Corsair RM750x Gold,NZXT Kraken 360,Lian Li O11 Dynamic EVO,high,21819.56
Intel i5-12400F,MSI PRO B760M-A DDR4,DDR4 16GB 3200MHz (2x8),Arc B580,Crucial P3 500GB,Corsair CX650 Bronze,DeepCool AK400,Corsair 3000D Airflow,entry,5709.15
AMD Ryzen 9 9950X,MSI MAG X870E Tomahawk,DDR5 32GB 6000MHz RGB,RX 9070 XT,Samsung 990 Pro 4TB,Corsair RM1000x Gold,NZXT Kraken 360,Corsair 7000D Airflow,enthusiast,19479.51
AMD Ryzen 7 5700X,Gigabyte A520M K V2,DDR4 16GB 3200MHz (2x8),RX 7800 XT,WD Blue SN580 1TB,Corsair CX650 Bronze,Thermalright Peerless Assassin,NZXT H5 Flow,budget,7003.53
AMD Ryzen 7 7800X3D,MSI MAG X870E Tomahawk,DDR5 32GB 6000MHz RGB,RTX 5070,Samsung 990 Pro 4TB,Corsair RM1000x Gold,DeepCool LE720 360mm,Lian Li O11 Dynamic EVO,enthusiast,17442.11
AMD Ryzen 9 9950X,MSI MAG X870E Tomahawk,DDR5 32GB 6000MHz RGB,RTX 5090,Samsung 990 Pro 1TB,Corsair RM850x Gold,DeepCool LE720 360mm,Lian Li O11 Dynamic EVO,enthusiast,28575.99
Intel i5-14400F,MSI PRO B760M-A DDR4,DDR4 16GB 3200MHz (2x8),Arc B580,Crucial P3 500GB,Cooler Master MWE 650 Gold,Cooler box (stock),Corsair 3000D Airflow,entry,5557.03
AMD Ryzen 7 9800X3D,MSI MAG B650 Tomahawk,DDR5 64GB 5600MHz (2x32),RTX 5060 Ti 16GB,WD Blue SN580 1TB,Corsair RM850x Gold,Thermalright Peerless Assassin,Corsair 7000D Airflow,high,15259.09
AMD Ryzen 5 7600,MSI MAG X870E Tomahawk,DDR5 32GB 5600MHz (2x16),RTX 3060 12GB,Samsung 990 Pro 1TB,Cooler Master MWE 650 Gold,DeepCool LE720 360mm,Lian Li O11 Dynamic EVO,mid,10870.51
AMD Ryzen 5 7600,MSI MAG B650 Tomahawk,DDR5 32GB 5600MHz (2x16),RX 7600,WD Blue SN580 1TB,Corsair RM750x Gold,Thermalright Peerless Assassin,Gamemax Infinit M909,budget,8714.14
AMD Ryzen 7 5700X,MSI B550M-A Pro,DDR4 32GB 3200MHz (2x16),RX 9070 XT,WD Black SN850X 2TB,Corsair CX650 Bronze,DeepCool LE720 360mm,Corsair 3000D Airflow,mid,10106.75
AMD Ryzen 7 9800X3D,MSI MAG X870E Tomahawk,DDR5 32GB 6000MHz RGB,RTX 5090,WD Black SN850X 2TB,Corsair RM750x Gold,NZXT Kraken 360,Lian Li O11 Dynamic EVO,high,28285.0
AMD Ryzen 7 5800X3D,ASUS TUF B550M-Plus,DDR4 32GB 3600MHz RGB,RTX 5070,Samsung 990 Pro 1TB,Corsair RM750x Gold,DeepCool AK400,NZXT H5 Flow,mid,11862.1
AMD Ryzen 5 7600,MSI PRO B850M-B,DDR5 16GB 5600MHz (2x8),RTX 4060,Crucial P3 500GB,Corsair CX650 Bronze,Thermalright Peerless Assassin,Corsair 3000D Airflow,mid,6118.34
Intel i7-14700KF,ASUS TUF B760M-Plus DDR5,DDR5 32GB 6000MHz RGB,RTX 4060,WD Blue SN580 1TB,Cooler Master MWE 650 Gold,DeepCool LE720 360mm,Lian Li O11 Dynamic EVO,mid,11849.18
Intel i7-14700KF,MSI PRO B760M-A DDR4,DDR4 32GB 3200MHz (2x16),RX 9070 XT,Kingston NV2 1TB,Corsair CX650 Bronze,Thermalright Peerless Assassin,Corsair 3000D Airflow,mid,11197.88
Intel i7-14700KF,MSI MAG Z790 Tomahawk DDR5,DDR5 16GB 5600MHz (2x8),RTX 5060 Ti 16GB,Samsung 990 Pro 1TB,Corsair RM750x Gold,DeepCool AK400,Corsair 3000D Airflow,mid,10125.9
AMD Ryzen 5 5600,Gigabyte A520M K V2,DDR4 16GB 3200MHz (2x8),RTX 5060 Ti 16GB,Kingston NV2 500GB,Corsair CX650 Bronze,Cooler box (stock),Corsair 3000D Airflow,budget,6550.35
Intel i5-14600KF,ASUS TUF B760M-Plus DDR5,DDR5 64GB 5600MHz (2x32),RTX 5070,Samsung 990 Pro 4TB,Corsair RM1000x Gold,DeepCool LE720 360mm,Corsair 7000D Airflow,high,18594.21
AMD Ryzen 7 7800X3D,MSI MAG X870E Tomahawk,DDR5 64GB 5600MHz (2x32),RTX 5070 Ti,Samsung 990 Pro 1TB,Corsair RM850x Gold,NZXT Kraken 360,Lian Li O11 Dynamic EVO,enthusiast,21323.27
AMD Ryzen 7 5800X3D,ASUS TUF B550M-Plus,DDR4 32GB 3600MHz RGB,RTX 5070 Ti,Samsung 990 Pro 4TB,Corsair RM850x Gold,DeepCool LE720 360mm,Lian Li O11 Dynamic EVO,enthusiast,17476.55
AMD Ryzen 7 5700X,Gigabyte A520M K V2,DDR4 8GB 3200MHz (1x8),RX 6600,Crucial P3 500GB,Redragon RGPS 500W Bronze,DeepCool AK400,Gamemax Infinit M909,entry,3842.87
AMD Ryzen 5 5500,Gigabyte A520M K V2,DDR4 32GB 3200MHz (2x16),RX 6600,Kingston NV2 1TB,Corsair CX650 Bronze,Thermalright Peerless Assassin,Gamemax Infinit M909,budget,4944.99
Intel i5-14600KF,MSI PRO H610M-G DDR4,DDR4 16GB 3200MHz (2x8),RX 7600,Kingston NV2 500GB,Corsair CX650 Bronze,Cooler box (stock),Gamemax Infinit M909,budget,4652.14
AMD Ryzen 7 7700X,MSI MAG B650 Tomahawk,DDR5 32GB 5600MHz (2x16),RX 9070 XT,Samsung 990 Pro 1TB,Corsair RM850x Gold,Thermalright Peerless Assassin,NZXT H5 Flow,high,12936.28
AMD Ryzen 7 9800X3D,MSI MAG X870E Tomahawk,DDR5 32GB 6000MHz RGB,RTX 4070,WD Blue SN580 1TB,Corsair RM750x Gold,DeepCool LE720 360mm,NZXT H5 Flow,high,14353.61
AMD Ryzen 7 7800X3D,MSI MAG B650 Tomahawk,DDR5 64GB 5600MHz (2x32),RTX 4070,WD Blue SN580 1TB,Corsair RM1000x Gold,DeepCool LE720 360mm,NZXT H5 Flow,high,15497.11
AMD Ryzen 7 7700X,MSI MAG B650 Tomahawk,DDR5 32GB 6000MHz RGB,RX 7800 XT,Samsung 990 Pro 1TB,Corsair RM750x Gold,Thermalright Peerless Assassin,Corsair 7000D Airflow,high,11527.73
Intel i5-14400F,MSI PRO H610M-G DDR4,DDR4 8GB 3200MHz (1x8),GTX 1650,Kingston NV2 1TB,Cooler Master MWE 650 Gold,DeepCool AK400,Gamemax Infinit M909,budget,3732.88
Intel i5-14400F,MSI MAG Z790 Tomahawk DDR5,DDR5 32GB 5600MHz (2x16),RTX 3060 12GB,Kingston NV2 1TB,Corsair RM850x Gold,Thermalright Peerless Assassin,NZXT H5 Flow,mid,8875.74
Intel i9-14900K,MSI MAG Z790 Tomahawk DDR5,DDR5 32GB 5600MHz (2x16),RTX 4070,WD Blue SN580 1TB,Corsair RM1000x Gold,DeepCool LE720 360mm,Lian Li O11 Dynamic EVO,high,14687.08
AMD Ryzen 7 5800X3D,MSI B550M-A Pro,DDR4 32GB 3600MHz RGB,RTX 5080,Samsung 990 Pro 4TB,Corsair RM850x Gold,DeepCool LE720 360mm,Corsair 7000D Airflow,enthusiast,18825.61
Intel i5-12400F,MSI PRO B760M-A DDR4,DDR4 16GB 3200MHz (2x8),RTX 4060,Crucial P3 500GB,Corsair RM750x Gold,Cooler box (stock),NZXT H5 Flow,budget,5413.67
AMD Ryzen 5 5500,MSI B550M-A Pro,DDR4 8GB 3200MHz (1x8),RX 7600,Kingston NV2 1TB,Cooler Master MWE 650 Gold,DeepCool AK400,Gamemax Infinit M909,entry,4163.52
Intel i7-14700KF,MSI MAG Z790 Tomahawk DDR5,DDR5 32GB 6000MHz RGB,RTX 5070 Ti,Samsung 990 Pro 1TB,Corsair RM850x Gold,NZXT Kraken 360,Lian Li O11 Dynamic EVO,enthusiast,18379.83
Intel i5-12400F,MSI PRO B760M-A DDR4,DDR4 8GB 3200MHz (1x8),RTX 4070,Crucial P3 500GB,Redragon RGPS 500W Bronze,Thermalright Peerless Assassin,Gamemax Infinit M909,budget,6872.55
AMD Ryzen 7 7700X,MSI PRO B850M-B,DDR5 32GB 5600MHz (2x16),RX 9070 XT,Crucial P3 500GB,Corsair RM850x Gold,Thermalright Peerless Assassin,NZXT H5 Flow,mid,12509.1
Intel i5-12400F,MSI PRO H610M-G DDR4,DDR4 16GB 3200MHz (2x8),RTX 4060,Kingston NV2 500GB,Corsair CX650 Bronze,DeepCool AK400,Corsair 3000D Airflow,budget,5490.29
AMD Ryzen 5 5500,MSI B550M-A Pro,DDR4 8GB 3200MHz (1x8),RX 6600,Kingston NV2 1TB,Cooler Master MWE 650 Gold,DeepCool AK400,Gamemax Infinit M909,entry,3734.03
AMD Ryzen 7 7800X3D,MSI MAG B650 Tomahawk,DDR5 32GB 6000MHz RGB,RTX 4070,WD Blue SN580 1TB,Corsair RM750x Gold,DeepCool LE720 360mm,NZXT H5 Flow,mid,13094.95
AMD Ryzen 7 5800X3D,MSI B550M-A Pro,DDR4 32GB 3600MHz RGB,RTX 5090,WD Black SN850X 2TB,Corsair RM1000x Gold,DeepCool LE720 360mm,Lian Li O11 Dynamic EVO,enthusiast,26446.33
Intel i5-14600KF,MSI MAG Z790 Tomahawk DDR5,DDR5 16GB 5600MHz (2x8),RTX 5070,WD Black SN850X 2TB,Corsair RM750x Gold,Thermalright Peerless Assassin,Corsair 3000D Airflow,mid,10168.63
Intel i7-14700KF,MSI MAG Z790 Tomahawk DDR5,DDR5 32GB 6000MHz RGB,RTX 5070,Samsung 990 Pro 4TB,Corsair RM850x Gold,NZXT Kraken 360,Corsair 7000D Airflow,enthusiast,17826.94
AMD Ryzen 5 8400F,MSI PRO B850M-B,DDR5 32GB 5600MHz (2x16),RX 7800 XT,Kingston NV2 1TB,Corsair RM750x Gold,DeepCool AK400,Corsair 3000D Airflow,budget,9520.86
Intel i5-14600KF,MSI MAG Z790 Tomahawk DDR5,DDR5 32GB 6000MHz RGB,RTX 5080,Samsung 990 Pro 4TB,Corsair RM850x Gold,DeepCool LE720 360mm,NZXT H5 Flow,high,20883.89
Intel i7-14700KF,MSI MAG Z790 Tomahawk DDR5,DDR5 32GB 6000MHz RGB,RX 7800 XT,WD Blue SN580 1TB,Corsair RM750x Gold,DeepCool LE720 360mm,Corsair 7000D Airflow,high,12525.4
Intel i9-14900K,MSI MAG Z790 Tomahawk DDR5,DDR5 32GB 6000MHz RGB,RTX 5090,Samsung 990 Pro 4TB,Corsair RM1000x Gold,NZXT Kraken 360,Corsair 7000D Airflow,enthusiast,30547.64
AMD Ryzen 7 7700X,MSI MAG B650 Tomahawk,DDR5 32GB 5600MHz (2x16),RTX 4060,WD Blue SN580 1TB,Corsair CX650 Bronze,Thermalright Peerless Assassin,NZXT H5 Flow,mid,9639.83
Intel i5-14600KF,MSI PRO B760M-A DDR4,DDR4 16GB 3200MHz (2x8),RX 7600,Crucial P3 500GB,Corsair RM750x Gold,Cooler box (stock),Gamemax Infinit M909,budget,5528.58
AMD Ryzen 5 5600,Gigabyte A520M K V2,DDR4 32GB 3200MHz (2x16),RX 7800 XT,Kingston NV2 500GB,Redragon RGPS 500W Bronze,Cooler box (stock),Corsair 3000D Airflow,budget,7039.51
Intel i5-12400F,MSI PRO B760M-A DDR4,DDR4 8GB 3200MHz (1x8),RTX 4070,Kingston NV2 500GB,Corsair CX650 Bronze,DeepCool AK400,Gamemax Infinit M909,budget,6201.74
AMD Ryzen 5 8400F,ASUS Prime A620M-K,DDR5 16GB 5600MHz (2x8),RTX 3060 12GB,Kingston NV2 500GB,Cooler Master MWE 650 Gold,Cooler box (stock),Corsair 3000D Airflow,entry,5201.26
AMD Ryzen 5 5600,Gigabyte A520M K V2,DDR4 8GB 3200MHz (1x8),RX 6600,Kingston NV2 500GB,Cooler Master MWE 650 Gold,Cooler box (stock),Corsair 3000D Airflow,entry,3708.96
AMD Ryzen 9 9950X,MSI MAG X870E Tomahawk,DDR5 64GB 5600MHz (2x32),RX 9070 XT,Samsung 990 Pro 4TB,Corsair RM1000x Gold,DeepCool LE720 360mm,Lian Li O11 Dynamic EVO,enthusiast,20982.36
AMD Ryzen 7 5800X3D,MSI B550M-A Pro,DDR4 16GB 3200MHz (2x8),RX 9070 XT,WD Black SN850X 2TB,Corsair RM750x Gold,Thermalright Peerless Assassin,NZXT H5 Flow,mid,9844.02
AMD Ryzen 7 7700X,MSI PRO B850M-B,DDR5 16GB 5600MHz (2x8),GTX 1650,WD Blue SN580 1TB,Corsair CX650 Bronze,DeepCool AK400,Corsair 3000D Airflow,budget,5572.02
Intel i5-14400F,MSI MAG Z790 Tomahawk DDR5,DDR5 32GB 5600MHz (2x16),RX 7600,Samsung 990 Pro 1TB,Corsair CX650 Bronze,DeepCool LE720 360mm,Corsair 3000D Airflow,mid,10162.57
AMD Ryzen 7 5700X,Gigabyte A520M K V2,DDR4 32GB 3200MHz (2x16),RX 7800 XT,Kingston NV2 500GB,Corsair CX650 Bronze,Cooler box (stock),Gamemax Infinit M909,budget,6862.08
Intel i5-14600KF,MSI PRO B760M-A DDR4,DDR4 32GB 3200MHz (2x16),RX 7600,Kingston NV2 1TB,Corsair RM850x Gold,DeepCool LE720 360mm,Corsair 3000D Airflow,mid,8013.09
Intel i5-14400F,MSI PRO B760M-A DDR4,DDR4 16GB 3200MHz (2x8),RX 7800 XT,Kingston NV2 500GB,Corsair CX650 Bronze,Cooler box (stock),Gamemax Infinit M909,budget,6724.27
AMD Ryzen 7 5800X3D,Gigabyte A520M K V2,DDR4 32GB 3600MHz RGB,RTX 5080,Samsung 990 Pro 1TB,Corsair RM1000x Gold,DeepCool LE720 360mm,Lian Li O11 Dynamic EVO,enthusiast,17051.77
Intel i5-14600KF,ASUS TUF B760M-Plus DDR5,DDR5 32GB 5600MHz (2x16),RX 7600,Kingston NV2 1TB,Corsair CX650 Bronze,DeepCool AK400,Lian Li O11 Dynamic EVO,mid,9223.41
AMD Ryzen 7 5800X3D,Gigabyte A520M K V2,DDR4 32GB 3600MHz RGB,RX 9070 XT,WD Black SN850X 2TB,Corsair RM1000x Gold,DeepCool LE720 360mm,Lian Li O11 Dynamic EVO,enthusiast,12147.36
AMD Ryzen 7 5700X,Gigabyte A520M K V2,DDR4 16GB 3200MHz (2x8),GTX 1650,Kingston NV2 500GB,Cooler Master MWE 650 Gold,DeepCool AK400,Gamemax Infinit M909,entry,3890.04
AMD Ryzen 7 7700X,MSI MAG B650 Tomahawk,DDR5 16GB 5600MHz (2x8),RX 9070 XT,WD Black SN850X 2TB,Corsair CX650 Bronze,DeepCool LE720 360mm,Lian Li O11 Dynamic EVO,mid,11641.52
Intel i5-12400F,ASUS TUF B760M-Plus DDR5,DDR5 32GB 5600MHz (2x16),RX 7800 XT,Crucial P3 500GB,Cooler Master MWE 650 Gold,Cooler box (stock),NZXT H5 Flow,budget,9989.46
AMD Ryzen 5 7600,MSI PRO B850M-B,DDR5 32GB 6000MHz RGB,RTX 4070,Samsung 990 Pro 1TB,Corsair RM850x Gold,DeepCool AK400,Corsair 3000D Airflow,mid,11227.49
Intel i7-14700KF,MSI MAG Z790 Tomahawk DDR5,DDR5 16GB 5600MHz (2x8),RTX 5060 Ti 16GB,WD Black SN850X 2TB,Cooler Master MWE 650 Gold,DeepCool AK400,Lian Li O11 Dynamic EVO,mid,11187.78
AMD Ryzen 5 5500,MSI B550M-A Pro,DDR4 8GB 3200MHz (1x8),RTX 5060 Ti 16GB,Kingston NV2 1TB,Corsair CX650 Bronze,DeepCool AK400,Gamemax Infinit M909,budget,6022.55
Intel i9-14900K,MSI MAG Z790 Tomahawk DDR5,DDR5 32GB 6000MHz RGB,RTX 4070,WD Black SN850X 2TB,Corsair RM850x Gold,DeepCool LE720 360mm,NZXT H5 Flow,high,15970.8
AMD Ryzen 5 7600,MSI PRO B850M-B,DDR5 16GB 5600MHz (2x8),GTX 1650,Kingston NV2 1TB,Corsair RM750x Gold,Thermalright Peerless Assassin,Corsair 3000D Airflow,budget,5475.52
AMD Ryzen 7 5800X3D,ASUS TUF B550M-Plus,DDR4 32GB 3600MHz RGB,RTX 5080,Samsung 990 Pro 1TB,Corsair RM1000x Gold,DeepCool LE720 360mm,Corsair 7000D Airflow,enthusiast,18066.96
AMD Ryzen 5 8400F,MSI MAG B650 Tomahawk,DDR5 32GB 5600MHz (2x16),RX 7600,Kingston NV2 1TB,Cooler Master MWE 650 Gold,DeepCool AK400,Corsair 3000D Airflow,budget,8245.76
AMD Ryzen 9 9950X,MSI MAG X870E Tomahawk,DDR5 64GB 5600MHz (2x32),RTX 5090,Samsung 990 Pro 1TB,Corsair RM850x Gold,Thermalright Peerless Assassin,Lian Li O11 Dynamic EVO,high,32167.67
AMD Ryzen 7 7700X,MSI MAG B650 Tomahawk,DDR5 16GB 5600MHz (2x8),RX 7600,WD Black SN850X 2TB,Corsair CX650 Bronze,DeepCool AK400,Lian Li O11 Dynamic EVO,mid,8445.03
AMD Ryzen 7 7800X3D,MSI MAG B650 Tomahawk,DDR5 64GB 5600MHz (2x32),RTX 4070,Samsung 990 Pro 4TB,Corsair RM750x Gold,Thermalright Peerless Assassin,Corsair 7000D Airflow,high,18049.67
Intel i5-14600KF,ASUS TUF B760M-Plus DDR5,DDR5 16GB 5600MHz (2x8),RX 6600,WD Blue SN580 1TB,Corsair CX650 Bronze,Thermalright Peerless Assassin,Gamemax Infinit M909,budget,5956.29
Intel i9-14900K,MSI MAG Z790 Tomahawk DDR5,DDR5 64GB 5600MHz (2x32),RTX 5060 Ti 16GB,Samsung 990 Pro 4TB,Corsair RM850x Gold,DeepCool LE720 360mm,Corsair 7000D Airflow,high,20463.75
Intel i5-14400F,MSI PRO B760M-A DDR4,DDR4 16GB 3200MHz (2x8),RTX 4070,Crucial P3 500GB,Cooler Master MWE 650 Gold,DeepCool LE720 360mm,Lian Li O11 Dynamic EVO,mid,7912.91
AMD Ryzen 9 9950X,MSI MAG B650 Tomahawk,DDR5 32GB 6000MHz RGB,RTX 5070,WD Black SN850X 2TB,Corsair RM1000x Gold,NZXT Kraken 360,Lian Li O11 Dynamic EVO,high,16761.3
Intel i9-14900K,MSI MAG Z790 Tomahawk DDR5,DDR5 64GB 5600MHz (2x32),RX 9070 XT,Samsung 990 Pro 1TB,Corsair RM1000x Gold,NZXT Kraken 360,Corsair 7000D Airflow,enthusiast,19971.7
AMD Ryzen 5 7600,MSI MAG B650 Tomahawk,DDR5 16GB 5600MHz (2x8),RX 7600,WD Blue SN580 1TB,Corsair RM750x Gold,Thermalright Peerless Assassin,Gamemax Infinit M909,budget,7244.93
Intel i7-14700KF,MSI MAG Z790 Tomahawk DDR5,DDR5 64GB 5600MHz (2x32),RTX 5060 Ti 16GB,Samsung 990 Pro 4TB,Corsair RM750x Gold,DeepCool LE720 360mm,Lian Li O11 Dynamic EVO,high,16861.77
AMD Ryzen 7 7700X,MSI MAG B650 Tomahawk,DDR5 16GB 5600MHz (2x8),RTX 4060,Kingston NV2 1TB,Cooler Master MWE 650 Gold,Thermalright Peerless Assassin,NZXT H5 Flow,mid,7496.88
AMD Ryzen 7 9800X3D,MSI MAG B650 Tomahawk,DDR5 64GB 5600MHz (2x32),RX 9070 XT,WD Blue SN580 1TB,Corsair RM850x Gold,Thermalright Peerless Assassin,NZXT H5 Flow,high,17725.42
AMD Ryzen 7 7800X3D,MSI MAG B650 Tomahawk,DDR5 32GB 5600MHz (2x16),RTX 5070 Ti,Samsung 990 Pro 4TB,Corsair RM850x Gold,Thermalright Peerless Assassin,NZXT H5 Flow,high,18198.57
AMD Ryzen 5 8400F,MSI MAG B650 Tomahawk,DDR5 16GB 5600MHz (2x8),GTX 1650,Crucial P3 500GB,Corsair CX650 Bronze,DeepCool AK400,NZXT H5 Flow,budget,5670.04
Intel i5-14400F,MSI PRO B760M-A DDR4,DDR4 8GB 3200MHz (1x8),RX 7600,Kingston NV2 1TB,Redragon RGPS 500W Bronze,Cooler box (stock),Gamemax Infinit M909,entry,4527.38
Intel i5-14400F,MSI PRO B760M-A DDR4,DDR4 16GB 3200MHz (2x8),RX 7600,Kingston NV2 500GB,Redragon RGPS 500W Bronze,Cooler box (stock),Corsair 3000D Airflow,entry,4702.58
AMD Ryzen 9 9950X,MSI MAG X870E Tomahawk,DDR5 32GB 6000MHz RGB,RX 7800 XT,Samsung 990 Pro 4TB,Corsair RM750x Gold,NZXT Kraken 360,NZXT H5 Flow,high,16048.58
AMD Ryzen 9 9950X,MSI MAG B650 Tomahawk,DDR5 64GB 5600MHz (2x32),RTX 4070,Samsung 990 Pro 1TB,Corsair RM750x Gold,DeepCool LE720 360mm,NZXT H5 Flow,high,15965.51
AMD Ryzen 7 9800X3D,MSI MAG X870E Tomahawk,DDR5 32GB 6000MHz RGB,RTX 4070,Samsung 990 Pro 4TB,Corsair RM1000x Gold,NZXT Kraken 360,Corsair 7000D Airflow,high,17434.4
Intel i5-14400F,MSI PRO H610M-G DDR4,DDR4 32GB 3200MHz (2x16),RX 7800 XT,WD Blue SN580 1TB,Redragon RGPS 500W Bronze,DeepCool AK400,Gamemax Infinit M909,budget,6810.53
Intel i9-14900K,MSI MAG Z790 Tomahawk DDR5,DDR5 64GB 5600MHz (2x32),RTX 5070,Samsung 990 Pro 1TB,Corsair RM850x Gold,DeepCool LE720 360mm,Corsair 7000D Airflow,enthusiast,17016.01
AMD Ryzen 5 5600,Gigabyte A520M K V2,DDR4 8GB 3200MHz (1x8),RTX 3060 12GB,Kingston NV2 1TB,Cooler Master MWE 650 Gold,Cooler box (stock),Gamemax Infinit M909,entry,3928.43
AMD Ryzen 7 7800X3D,MSI MAG B650 Tomahawk,DDR5 32GB 5600MHz (2x16),RTX 5060 Ti 16GB,WD Blue SN580 1TB,Corsair RM1000x Gold,Thermalright Peerless Assassin,Corsair 7000D Airflow,high,13169.55
AMD Ryzen 7 5800X3D,ASUS TUF B550M-Plus,DDR4 32GB 3200MHz (2x16),RTX 5070,Samsung 990 Pro 1TB,Corsair RM850x Gold,NZXT Kraken 360,Lian Li O11 Dynamic EVO,high,12529.21
AMD Ryzen 5 7600,MSI MAG B650 Tomahawk,DDR5 32GB 6000MHz RGB,RTX 5070,WD Blue SN580 1TB,Cooler Master MWE 650 Gold,Thermalright Peerless Assassin,NZXT H5 Flow,mid,11137.88
AMD Ryzen 7 7700X,MSI MAG X870E Tomahawk,DDR5 32GB 5600MHz (2x16),RTX 5080,WD Blue SN580 1TB,Corsair RM850x Gold,Thermalright Peerless Assassin,NZXT H5 Flow,high,19063.06
AMD Ryzen 7 5800X3D,ASUS TUF B550M-Plus,DDR4 32GB 3600MHz RGB,RX 9070 XT,Crucial P3 500GB,Corsair RM850x Gold,Thermalright Peerless Assassin,Corsair 3000D Airflow,mid,11489.71
AMD Ryzen 7 9800X3D,MSI MAG X870E Tomahawk,DDR5 64GB 5600MHz (2x32),RTX 5090,Samsung 990 Pro 4TB,Corsair RM1000x Gold,DeepCool LE720 360mm,Lian Li O11 Dynamic EVO,enthusiast,32060.8
Intel i9-14900K,ASUS TUF B760M-Plus DDR5,DDR5 32GB 5600MHz (2x16),RTX 5070 Ti,WD Blue SN580 1TB,Corsair RM850x Gold,NZXT Kraken 360,Lian Li O11 Dynamic EVO,high,18237.84
AMD Ryzen 7 9800X3D,MSI MAG B650 Tomahawk,DDR5 32GB 6000MHz RGB,RX 7800 XT,Samsung 990 Pro 4TB,Corsair RM850x Gold,DeepCool LE720 360mm,Lian Li O11 Dynamic EVO,high,14578.3
AMD Ryzen 5 7600,MSI MAG X870E Tomahawk,DDR5 16GB 5600MHz (2x8),RX 9070 XT,Kingston NV2 1TB,Corsair RM750x Gold,DeepCool AK400,NZXT H5 Flow,mid,10702.39
AMD Ryzen 7 5800X3D,MSI B550M-A Pro,DDR4 32GB 3200MHz (2x16),RTX 5060 Ti 16GB,Samsung 990 Pro 1TB,Corsair RM750x Gold,DeepCool LE720 360mm,Corsair 3000D Airflow,mid,9279.0
AMD Ryzen 7 7700X,MSI MAG B650 Tomahawk,DDR5 32GB 5600MHz (2x16),RTX 4060,WD Blue SN580 1TB,Redragon RGPS 500W Bronze,Thermalright Peerless Assassin,NZXT H5 Flow,budget,9444.38
Intel i5-14600KF,MSI MAG Z790 Tomahawk DDR5,DDR5 32GB 5600MHz (2x16),RTX 3060 12GB,Kingston NV2 1TB,Corsair CX650 Bronze,Thermalright Peerless Assassin,NZXT H5 Flow,mid,8818.35
AMD Ryzen 7 5800X3D,ASUS TUF B550M-Plus,DDR4 32GB 3200MHz (2x16),RTX 5090,WD Blue SN580 1TB,Corsair RM850x Gold,Thermalright Peerless Assassin,NZXT H5 Flow,high,23135.64
AMD Ryzen 5 7600,MSI PRO B850M-B,DDR5 32GB 5600MHz (2x16),RX 6600,Crucial P3 500GB,Corsair CX650 Bronze,DeepCool AK400,Gamemax Infinit M909,budget,6928.2
AMD Ryzen 5 5500,ASUS TUF B550M-Plus,DDR4 16GB 3200MHz (2x8),RX 7600,Kingston NV2 500GB,Corsair RM750x Gold,Thermalright Peerless Assassin,Gamemax Infinit M909,budget,4500.16
Intel i5-14400F,MSI PRO H610M-G DDR4,DDR4 8GB 3200MHz (1x8),RTX 3060 12GB,Crucial P3 500GB,Corsair CX650 Bronze,Cooler box (stock),Gamemax Infinit M909,entry,4248.07
Intel i7-14700KF,MSI MAG Z790 Tomahawk DDR5,DDR5 32GB 6000MHz RGB,RTX 5060 Ti 16GB,Samsung 990 Pro 4TB,Corsair RM850x Gold,Thermalright Peerless Assassin,NZXT H5 Flow,high,14337.41
AMD Ryzen 7 9800X3D,MSI MAG X870E Tomahawk,DDR5 32GB 6000MHz RGB,RTX 5070 Ti,Samsung 990 Pro 4TB,Corsair RM1000x Gold,NZXT Kraken 360,Lian Li O11 Dynamic EVO,enthusiast,22090.38
AMD Ryzen 7 7800X3D,MSI MAG B650 Tomahawk,DDR5 16GB 5600MHz (2x8),RTX 5070 Ti,WD Black SN850X 2TB,Cooler Master MWE 650 Gold,DeepCool LE720 360mm,NZXT H5 Flow,mid,14011.46
Intel i3-12100F,MSI PRO H610M-G DDR4,DDR4 8GB 3200MHz (1x8),RX 6600,WD Blue SN580 1TB,Redragon RGPS 500W Bronze,Thermalright Peerless Assassin,NZXT H5 Flow,budget,3945.6
Intel i5-14400F,ASUS TUF B760M-Plus DDR5,DDR5 32GB 5600MHz (2x16),RX 7800 XT,WD Black SN850X 2TB,Corsair RM750x Gold,Thermalright Peerless Assassin,Lian Li O11 Dynamic EVO,mid,12084.6
Intel i5-14600KF,MSI PRO B760M-A DDR4,DDR4 16GB 3200MHz (2x8),RX 7800 XT,WD Black SN850X 2TB,Corsair RM750x Gold,Thermalright Peerless Assassin,NZXT H5 Flow,mid,8480.06
AMD Ryzen 5 7600,MSI PRO B850M-B,DDR5 32GB 6000MHz RGB,RTX 4060,Crucial P3 500GB,Cooler Master MWE 650 Gold,Thermalright Peerless Assassin,Corsair 3000D Airflow,mid,8556.99
Intel i9-14900K,ASUS TUF B760M-Plus DDR5,DDR5 64GB 5600MHz (2x32),RTX 5060 Ti 16GB,Samsung 990 Pro 4TB,Corsair RM850x Gold,NZXT Kraken 360,Corsair 7000D Airflow,high,18225.08
Intel i9-14900K,MSI MAG Z790 Tomahawk DDR5,DDR5 32GB 5600MHz (2x16),RX 9070 XT,WD Blue SN580 1TB,Corsair RM1000x Gold,NZXT Kraken 360,NZXT H5 Flow,high,16677.74
AMD Ryzen 7 5700X,ASUS TUF B550M-Plus,DDR4 32GB 3600MHz RGB,RTX 5060 Ti 16GB,WD Black SN850X 2TB,Corsair CX650 Bronze,Thermalright Peerless Assassin,Corsair 3000D Airflow,mid,10083.93
AMD Ryzen 7 5700X,MSI B550M-A Pro,DDR4 32GB 3200MHz (2x16),RTX 5070,Crucial P3 500GB,Corsair RM850x Gold,DeepCool AK400,NZXT H5 Flow,mid,9231.15
AMD Ryzen 5 7600,MSI PRO B850M-B,DDR5 16GB 5600MHz (2x8),RTX 4060,Kingston NV2 500GB,Cooler Master MWE 650 Gold,DeepCool AK400,Corsair 3000D Airflow,entry,6628.31
AMD Ryzen 5 8400F,MSI MAG B650 Tomahawk,DDR5 16GB 5600MHz (2x8),RX 7600,WD Blue SN580 1TB,Redragon RGPS 500W Bronze,DeepCool AK400,Gamemax Infinit M909,budget,6323.24
AMD Ryzen 9 9950X,MSI MAG X870E Tomahawk,DDR5 64GB 5600MHz (2x32),RTX 5090,Samsung 990 Pro 4TB,Corsair RM850x Gold,NZXT Kraken 360,Corsair 7000D Airflow,enthusiast,37488.8
AMD Ryzen 7 5700X,MSI B550M-A Pro,DDR4 32GB 3200MHz (2x16),RX 9070 XT,WD Blue SN580 1TB,Cooler Master MWE 650 Gold,DeepCool AK400,NZXT H5 Flow,mid,10317.95
Intel i7-14700KF,ASUS TUF B760M-Plus DDR5,DDR5 32GB 6000MHz RGB,RTX 4060,Crucial P3 500GB,Cooler Master MWE 650 Gold,DeepCool AK400,Corsair 3000D Airflow,mid,10806.69
AMD Ryzen 7 5800X3D,ASUS TUF B550M-Plus,DDR4 32GB 3200MHz (2x16),RTX 5070 Ti,Samsung 990 Pro 1TB,Corsair RM1000x Gold,NZXT Kraken 360,NZXT H5 Flow,high,14606.65
AMD Ryzen 7 5700X,MSI B550M-A Pro,DDR4 32GB 3600MHz RGB,RTX 5060 Ti 16GB,Crucial P3 500GB,Corsair RM750x Gold,DeepCool LE720 360mm,Corsair 3000D Airflow,mid,9570.4
AMD Ryzen 5 8400F,MSI PRO B850M-B,DDR5 16GB 5600MHz (2x8),RTX 3060 12GB,Kingston NV2 1TB,Corsair CX650 Bronze,DeepCool AK400,Gamemax Infinit M909,entry,5112.19
AMD Ryzen 5 7600,MSI PRO B850M-B,DDR5 16GB 5600MHz (2x8),GTX 1650,Kingston NV2 1TB,Corsair RM750x Gold,Cooler box (stock),Corsair 3000D Airflow,budget,5499.04
AMD Ryzen 7 7800X3D,MSI MAG X870E Tomahawk,DDR5 32GB 6000MHz RGB,RTX 5070 Ti,WD Black SN850X 2TB,Corsair RM1000x Gold,NZXT Kraken 360,Corsair 7000D Airflow,enthusiast,18995.81
Intel i5-14400F,ASUS TUF B760M-Plus DDR5,DDR5 16GB 5600MHz (2x8),Arc B580,WD Blue SN580 1TB,Cooler Master MWE 650 Gold,DeepCool LE720 360mm,NZXT H5 Flow,mid,6829.89
Intel i9-14900K,MSI MAG Z790 Tomahawk DDR5,DDR5 32GB 5600MHz (2x16),RX 9070 XT,Samsung 990 Pro 4TB,Corsair RM850x Gold,Thermalright Peerless Assassin,NZXT H5 Flow,high,17041.01
Intel i5-14400F,MSI PRO H610M-G DDR4,DDR4 8GB 3200MHz (1x8),GTX 1650,Kingston NV2 1TB,Cooler Master MWE 650 Gold,Cooler box (stock),Corsair 3000D Airflow,entry,3958.92
AMD Ryzen 7 7800X3D,MSI MAG X870E Tomahawk,DDR5 32GB 5600MHz (2x16),RTX 5070,WD Blue SN580 1TB,Corsair RM850x Gold,DeepCool AK400,Corsair 3000D Airflow,mid,13098.77
Intel i5-14600KF,MSI PRO B760M-A DDR4,DDR4 8GB 3200MHz (1x8),RX 6600,WD Blue SN580 1TB,Redragon RGPS 500W Bronze,Cooler box (stock),NZXT H5 Flow,budget,4721.98
Intel i7-14700KF,ASUS TUF B760M-Plus DDR5,DDR5 64GB 5600MHz (2x32),RX 9070 XT,Samsung 990 Pro 4TB,Corsair RM850x Gold,NZXT Kraken 360,Lian Li O11 Dynamic EVO,high,19825.88
AMD Ryzen 7 5800X3D,MSI B550M-A Pro,DDR4 32GB 3200MHz (2x16),RTX 5070 Ti,WD Black SN850X 2TB,Corsair CX650 Bronze,DeepCool LE720 360mm,NZXT H5 Flow,mid,13493.07
Intel i5-14400F,MSI MAG Z790 Tomahawk DDR5,DDR5 32GB 5600MHz (2x16),Arc B580,Kingston NV2 1TB,Corsair CX650 Bronze,Thermalright Peerless Assassin,Corsair 3000D Airflow,mid,8691.74
AMD Ryzen 7 5800X3D,ASUS TUF B550M-Plus,DDR4 32GB 3600MHz RGB,RTX 5070,WD Blue SN580 1TB,Corsair RM1000x Gold,NZXT Kraken 360,Lian Li O11 Dynamic EVO,high,11721.23
Intel i5-14400F,MSI PRO H610M-G DDR4,DDR4 8GB 3200MHz (1x8),RTX 4070,WD Blue SN580 1TB,Redragon RGPS 500W Bronze,DeepCool AK400,Corsair 3000D Airflow,budget,7084.14
AMD Ryzen 7 5800X3D,Gigabyte A520M K V2,DDR4 32GB 3600MHz RGB,RTX 5070 Ti,Samsung 990 Pro 1TB,Corsair RM850x Gold,DeepCool LE720 360mm,Corsair 7000D Airflow,enthusiast,14319.66
AMD Ryzen 7 5700X,MSI B550M-A Pro,DDR4 32GB 3600MHz RGB,Arc B580,WD Blue SN580 1TB,Corsair RM750x Gold,Thermalright Peerless Assassin,Lian Li O11 Dynamic EVO,mid,8614.28
AMD Ryzen 7 5800X3D,ASUS TUF B550M-Plus,DDR4 32GB 3600MHz RGB,RTX 4070,WD Black SN850X 2TB,Corsair CX650 Bronze,Thermalright Peerless Assassin,Corsair 3000D Airflow,mid,10297.72
AMD Ryzen 7 5700X,ASUS TUF B550M-Plus,DDR4 32GB 3600MHz RGB,RX 9070 XT,Kingston NV2 1TB,Cooler Master MWE 650 Gold,DeepCool LE720 360mm,Corsair 3000D Airflow,mid,10107.61
AMD Ryzen 7 7700X,ASUS Prime A620M-K,DDR5 32GB 5600MHz (2x16),RX 6600,Kingston NV2 1TB,Redragon RGPS 500W Bronze,DeepCool AK400,NZXT H5 Flow,budget,7983.74
AMD Ryzen 7 5700X,ASUS TUF B550M-Plus,DDR4 32GB 3200MHz (2x16),RX 7800 XT,Kingston NV2 500GB,Corsair RM750x Gold,Cooler box (stock),Corsair 3000D Airflow,budget,7962.83
AMD Ryzen 7 7700X,MSI MAG X870E Tomahawk,DDR5 32GB 5600MHz (2x16),Arc B580,WD Black SN850X 2TB,Corsair CX650 Bronze,Thermalright Peerless Assassin,NZXT H5 Flow,mid,11138.8
AMD Ryzen 5 8400F,MSI PRO B850M-B,DDR5 16GB 5600MHz (2x8),RX 7600,Kingston NV2 500GB,Redragon RGPS 500W Bronze,DeepCool AK400,Corsair 3000D Airflow,entry,5100.09
AMD Ryzen 7 5800X3D,MSI B550M-A Pro,DDR4 32GB 3600MHz RGB,RTX 5070 Ti,Samsung 990 Pro 4TB,Corsair RM850x Gold,DeepCool LE720 360mm,Corsair 7000D Airflow,enthusiast,17308.58
AMD Ryzen 7 5700X,ASUS TUF B550M-Plus,DDR4 32GB 3600MHz RGB,RTX 5070 Ti,WD Blue SN580 1TB,Cooler Master MWE 650 Gold,Thermalright Peerless Assassin,Corsair 3000D Airflow,mid,12759.07
Intel i5-14400F,MSI PRO B760M-A DDR4,DDR4 16GB 3200MHz (2x8),RTX 5060 Ti 16GB,Kingston NV2 1TB,Corsair RM750x Gold,Thermalright Peerless Assassin,NZXT H5 Flow,budget,7523.72
AMD Ryzen 7 7800X3D,MSI MAG B650 Tomahawk,DDR5 32GB 6000MHz RGB,RX 7800 XT,WD Black SN850X 2TB,Corsair RM850x Gold,DeepCool LE720 360mm,Lian Li O11 Dynamic EVO,high,14034.84
AMD Ryzen 7 5700X,MSI B550M-A Pro,DDR4 8GB 3200MHz (1x8),RX 7600,Kingston NV2 1TB,Redragon RGPS 500W Bronze,Thermalright Peerless Assassin,Gamemax Infinit M909,budget,4634.02
Intel i5-14400F,MSI PRO H610M-G DDR4,DDR4 16GB 3200MHz (2x8),Arc B580,Kingston NV2 500GB,Redragon RGPS 500W Bronze,Cooler box (stock),Gamemax Infinit M909,entry,4724.11
AMD Ryzen 7 7800X3D,MSI MAG X870E Tomahawk,DDR5 64GB 5600MHz (2x32),RTX 5080,Samsung 990 Pro 1TB,Corsair RM1000x Gold,NZXT Kraken 360,Lian Li O11 Dynamic EVO,enthusiast,22555.43
Intel i5-14600KF,MSI PRO B760M-A DDR4,DDR4 32GB 3200MHz (2x16),Arc B580,Kingston NV2 1TB,Cooler Master MWE 650 Gold,Thermalright Peerless Assassin,Corsair 3000D Airflow,mid,7217.55
AMD Ryzen 7 7700X,MSI MAG B650 Tomahawk,DDR5 32GB 6000MHz RGB,RTX 5070,WD Blue SN580 1TB,Corsair RM1000x Gold,DeepCool LE720 360mm,Corsair 7000D Airflow,high,14656.39
AMD Ryzen 7 7700X,MSI MAG X870E Tomahawk,DDR5 16GB 5600MHz (2x8),Arc B580,Kingston NV2 1TB,Cooler Master MWE 650 Gold,DeepCool AK400,Corsair 3000D Airflow,mid,8614.95
Intel i5-14400F,MSI PRO B760M-A DDR4,DDR4 32GB 3600MHz RGB,RTX 5070,Crucial P3 500GB,Cooler Master MWE 650 Gold,DeepCool AK400,Corsair 3000D Airflow,mid,8670.78
Intel i5-14400F,MSI PRO B760M-A DDR4,DDR4 32GB 3600MHz RGB,RTX 4060,WD Black SN850X 2TB,Corsair CX650 Bronze,Thermalright Peerless Assassin,Lian Li O11 Dynamic EVO,mid,9151.07
Intel i5-14400F,ASUS TUF B760M-Plus DDR5,DDR5 16GB 5600MHz (2x8),RX 9070 XT,Samsung 990 Pro 1TB,Corsair RM850x Gold,Thermalright Peerless Assassin,NZXT H5 Flow,mid,11188.83
AMD Ryzen 9 9950X,MSI MAG X870E Tomahawk,DDR5 64GB 5600MHz (2x32),RX 9070 XT,WD Black SN850X 2TB,Corsair RM1000x Gold,DeepCool LE720 360mm,Corsair 7000D Airflow,enthusiast,20983.18
AMD Ryzen 7 5700X,MSI B550M-A Pro,DDR4 32GB 3200MHz (2x16),RX 7800 XT,WD Blue SN580 1TB,Corsair RM850x Gold,Thermalright Peerless Assassin,NZXT H5 Flow,mid,8135.57
Intel i5-14400F,MSI PRO H610M-G DDR4,DDR4 32GB 3200MHz (2x16),GTX 1650,WD Blue SN580 1TB,Corsair RM750x Gold,Thermalright Peerless Assassin,NZXT H5 Flow,budget,5834.61
Intel i5-14400F,MSI PRO H610M-G DDR4,DDR4 16GB 3200MHz (2x8),RX 7800 XT,Crucial P3 500GB,Corsair RM750x Gold,DeepCool AK400,Corsair 3000D Airflow,budget,6545.16
Intel i7-14700KF,ASUS TUF B760M-Plus DDR5,DDR5 16GB 5600MHz (2x8),Arc B580,Crucial P3 500GB,Corsair CX650 Bronze,DeepCool AK400,Lian Li O11 Dynamic EVO,mid,8939.54
AMD Ryzen 7 5700X,MSI B550M-A Pro,DDR4 32GB 3600MHz RGB,RTX 3060 12GB,Samsung 990 Pro 1TB,Corsair RM750x Gold,DeepCool AK400,Lian Li O11 Dynamic EVO,mid,8146.31
AMD Ryzen 5 5600,ASUS TUF B550M-Plus,DDR4 32GB 3200MHz (2x16),RX 7800 XT,Kingston NV2 500GB,Corsair CX650 Bronze,Thermalright Peerless Assassin,NZXT H5 Flow,budget,7201.46
Intel i5-14400F,MSI PRO B760M-A DDR4,DDR4 32GB 3200MHz (2x16),RTX 4060,Crucial P3 500GB,Redragon RGPS 500W Bronze,DeepCool AK400,NZXT H5 Flow,budget,6197.05
AMD Ryzen 7 9800X3D,MSI MAG X870E Tomahawk,DDR5 64GB 5600MHz (2x32),RX 9070 XT,Samsung 990 Pro 1TB,Corsair RM1000x Gold,NZXT Kraken 360,Corsair 7000D Airflow,high,18386.16
AMD Ryzen 7 5800X3D,MSI B550M-A Pro,DDR4 32GB 3600MHz RGB,RX 9070 XT,Crucial P3 500GB,Corsair CX650 Bronze,DeepCool AK400,Lian Li O11 Dynamic EVO,mid,11966.38
AMD Ryzen 5 7600,ASUS Prime A620M-K,DDR5 16GB 5600MHz (2x8),RTX 3060 12GB,Crucial P3 500GB,Cooler Master MWE 650 Gold,Cooler box (stock),Gamemax Infinit M909,entry,5093.15
AMD Ryzen 7 7700X,MSI PRO B850M-B,DDR5 16GB 5600MHz (2x8),Arc B580,Kingston NV2 1TB,Corsair RM750x Gold,DeepCool AK400,Corsair 3000D Airflow,budget,7512.08
AMD Ryzen 7 5800X3D,MSI B550M-A Pro,DDR4 32GB 3600MHz RGB,RTX 5080,WD Black SN850X 2TB,Corsair RM850x Gold,NZXT Kraken 360,Lian Li O11 Dynamic EVO,enthusiast,18316.62
AMD Ryzen 7 7700X,MSI MAG X870E Tomahawk,DDR5 32GB 5600MHz (2x16),RTX 5070,Samsung 990 Pro 1TB,Corsair RM750x Gold,Thermalright Peerless Assassin,NZXT H5 Flow,high,13146.47
AMD Ryzen 5 5600,Gigabyte A520M K V2,DDR4 32GB 3200MHz (2x16),RX 6600,WD Blue SN580 1TB,Cooler Master MWE 650 Gold,Thermalright Peerless Assassin,Corsair 3000D Airflow,budget,4959.07
AMD Ryzen 7 5700X,Gigabyte A520M K V2,DDR4 8GB 3200MHz (1x8),GTX 1650,WD Blue SN580 1TB,Cooler Master MWE 650 Gold,DeepCool AK400,NZXT H5 Flow,budget,4436.13
AMD Ryzen 7 5800X3D,MSI B550M-A Pro,DDR4 16GB 3200MHz (2x8),RTX 3060 12GB,Crucial P3 500GB,Corsair RM850x Gold,Thermalright Peerless Assassin,NZXT H5 Flow,mid,6400.61
Intel i7-14700KF,MSI MAG Z790 Tomahawk DDR5,DDR5 64GB 5600MHz (2x32),RTX 5090,Samsung 990 Pro 1TB,Corsair RM1000x Gold,DeepCool LE720 360mm,Lian Li O11 Dynamic EVO,enthusiast,28835.62
AMD Ryzen 9 9950X,MSI MAG B650 Tomahawk,DDR5 32GB 5600MHz (2x16),RX 9070 XT,WD Black SN850X 2TB,Corsair RM1000x Gold,DeepCool LE720 360mm,NZXT H5 Flow,high,16917.48
AMD Ryzen 7 5800X3D,ASUS TUF B550M-Plus,DDR4 32GB 3600MHz RGB,RTX 5090,WD Black SN850X 2TB,Corsair RM850x Gold,NZXT Kraken 360,Lian Li O11 Dynamic EVO,enthusiast,27818.4
AMD Ryzen 9 9950X,MSI MAG B650 Tomahawk,DDR5 64GB 5600MHz (2x32),RX 9070 XT,Samsung 990 Pro 1TB,Corsair RM850x Gold,Thermalright Peerless Assassin,Corsair 7000D Airflow,high,19138.8
AMD Ryzen 7 5800X3D,ASUS TUF B550M-Plus,DDR4 32GB 3200MHz (2x16),RX 9070 XT,Kingston NV2 1TB,Corsair RM850x Gold,DeepCool LE720 360mm,Lian Li O11 Dynamic EVO,mid,11484.93
Intel i9-14900K,ASUS TUF B760M-Plus DDR5,DDR5 64GB 5600MHz (2x32),RTX 4070,WD Black SN850X 2TB,Corsair RM1000x Gold,Thermalright Peerless Assassin,Lian Li O11 Dynamic EVO,high,18422.55
Intel i7-14700KF,MSI MAG Z790 Tomahawk DDR5,DDR5 64GB 5600MHz (2x32),RTX 5060 Ti 16GB,Samsung 990 Pro 4TB,Corsair RM850x Gold,DeepCool LE720 360mm,Lian Li O11 Dynamic EVO,high,17858.21
AMD Ryzen 9 9950X,MSI MAG X870E Tomahawk,DDR5 32GB 6000MHz RGB,RTX 5070,WD Black SN850X 2TB,Corsair RM850x Gold,NZXT Kraken 360,Corsair 7000D Airflow,enthusiast,17554.74
AMD Ryzen 9 9950X,MSI MAG B650 Tomahawk,DDR5 32GB 6000MHz RGB,RTX 5090,Samsung 990 Pro 1TB,Corsair RM1000x Gold,NZXT Kraken 360,NZXT H5 Flow,high,31192.6
AMD Ryzen 7 5700X,MSI B550M-A Pro,DDR4 8GB 3200MHz (1x8),RTX 4060,WD Blue SN580 1TB,Corsair RM750x Gold,Thermalright Peerless Assassin,Gamemax Infinit M909,budget,5472.49
AMD Ryzen 7 7800X3D,MSI MAG X870E Tomahawk,DDR5 32GB 6000MHz RGB,RTX 5070,Samsung 990 Pro 1TB,Corsair RM750x Gold,DeepCool LE720 360mm,Lian Li O11 Dynamic EVO,high,15683.61
Intel i5-12400F,MSI PRO H610M-G DDR4,DDR4 8GB 3200MHz (1x8),RTX 4060,Kingston NV2 1TB,Redragon RGPS 500W Bronze,Cooler box (stock),Corsair 3000D Airflow,entry,4556.17
AMD Ryzen 7 7700X,MSI MAG X870E Tomahawk,DDR5 64GB 5600MHz (2x32),RTX 5090,Samsung 990 Pro 1TB,Corsair RM750x Gold,DeepCool LE720 360mm,Lian Li O11 Dynamic EVO,high,32009.09
Intel i5-12400F,MSI PRO H610M-G DDR4,DDR4 16GB 3200MHz (2x8),GTX 1650,Crucial P3 500GB,Corsair RM750x Gold,DeepCool AK400,NZXT H5 Flow,budget,4188.93
Intel i9-14900K,MSI MAG Z790 Tomahawk DDR5,DDR5 32GB 5600MHz (2x16),RTX 5070,WD Blue SN580 1TB,Corsair RM850x Gold,Thermalright Peerless Assassin,Lian Li O11 Dynamic EVO,high,13741.86
Intel i9-14900K,MSI MAG Z790 Tomahawk DDR5,DDR5 64GB 5600MHz (2x32),RTX 5070,WD Black SN850X 2TB,Corsair RM1000x Gold,NZXT Kraken 360,Lian Li O11 Dynamic EVO,enthusiast,20329.45
AMD Ryzen 7 5800X3D,ASUS TUF B550M-Plus,DDR4 32GB 3600MHz RGB,RTX 5090,Samsung 990 Pro 4TB,Corsair RM850x Gold,NZXT Kraken 360,Lian Li O11 Dynamic EVO,enthusiast,26441.65
AMD Ryzen 5 5600,Gigabyte A520M K V2,DDR4 8GB 3200MHz (1x8),GTX 1650,Kingston NV2 500GB,Cooler Master MWE 650 Gold,Cooler box (stock),Gamemax Infinit M909,entry,2762.44
Intel i5-14600KF,MSI MAG Z790 Tomahawk DDR5,DDR5 32GB 5600MHz (2x16),RTX 5080,WD Blue SN580 1TB,Corsair RM850x Gold,DeepCool LE720 360mm,Corsair 7000D Airflow,high,18772.9
Intel i7-14700KF,MSI MAG Z790 Tomahawk DDR5,DDR5 32GB 5600MHz (2x16),RX 7800 XT,Samsung 990 Pro 1TB,Cooler Master MWE 650 Gold,DeepCool AK400,NZXT H5 Flow,mid,11356.38
Intel i7-14700KF,ASUS TUF B760M-Plus DDR5,DDR5 32GB 6000MHz RGB,RTX 5060 Ti 16GB,Samsung 990 Pro 4TB,Corsair RM750x Gold,NZXT Kraken 360,Corsair 7000D Airflow,high,14926.16
Intel i5-14600KF,MSI MAG Z790 Tomahawk DDR5,DDR5 64GB 5600MHz (2x32),RX 7800 XT,Samsung 990 Pro 4TB,Corsair RM1000x Gold,Thermalright Peerless Assassin,NZXT H5 Flow,high,15608.68
Intel i5-14600KF,MSI MAG Z790 Tomahawk DDR5,DDR5 32GB 5600MHz (2x16),RTX 4070,Samsung 990 Pro 4TB,Corsair RM850x Gold,Thermalright Peerless Assassin,NZXT H5 Flow,high,13687.86
AMD Ryzen 7 7700X,MSI MAG B650 Tomahawk,DDR5 16GB 5600MHz (2x8),RTX 4070,WD Black SN850X 2TB,Corsair CX650 Bronze,DeepCool AK400,Lian Li O11 Dynamic EVO,mid,10505.75
AMD Ryzen 9 9950X,MSI MAG B650 Tomahawk,DDR5 64GB 5600MHz (2x32),RTX 5070,WD Blue SN580 1TB,Corsair RM850x Gold,DeepCool LE720 360mm,NZXT H5 Flow,high,16973.95
Intel i5-14600KF,MSI MAG Z790 Tomahawk DDR5,DDR5 32GB 6000MHz RGB,Arc B580,WD Black SN850X 2TB,Corsair RM850x Gold,Thermalright Peerless Assassin,NZXT H5 Flow,mid,12000.01
AMD Ryzen 7 7800X3D,MSI MAG B650 Tomahawk,DDR5 16GB 5600MHz (2x8),RTX 4070,Samsung 990 Pro 1TB,Corsair RM850x Gold,DeepCool LE720 360mm,NZXT H5 Flow,mid,10844.5
Intel i7-14700KF,MSI MAG Z790 Tomahawk DDR5,DDR5 16GB 5600MHz (2x8),RTX 3060 12GB,WD Blue SN580 1TB,Corsair RM750x Gold,DeepCool LE720 360mm,NZXT H5 Flow,mid,9212.26
AMD Ryzen 7 7800X3D,MSI MAG B650 Tomahawk,DDR5 32GB 6000MHz RGB,RTX 5070 Ti,WD Blue SN580 1TB,Cooler Master MWE 650 Gold,Thermalright Peerless Assassin,Corsair 3000D Airflow,mid,14534.45
AMD Ryzen 5 7600,ASUS Prime A620M-K,DDR5 16GB 5600MHz (2x8),RX 7600,Crucial P3 500GB,Corsair CX650 Bronze,DeepCool AK400,Corsair 3000D Airflow,entry,5467.6
Intel i5-14400F,MSI MAG Z790 Tomahawk DDR5,DDR5 16GB 5600MHz (2x8),RX 7600,WD Black SN850X 2TB,Corsair RM850x Gold,DeepCool AK400,NZXT H5 Flow,mid,8012.86
Intel i5-14400F,MSI PRO B760M-A DDR4,DDR4 32GB 3200MHz (2x16),Arc B580,Samsung 990 Pro 1TB,Corsair CX650 Bronze,DeepCool AK400,Corsair 3000D Airflow,mid,6842.23
Intel i9-14900K,ASUS TUF B760M-Plus DDR5,DDR5 64GB 5600MHz (2x32),RTX 4070,Samsung 990 Pro 4TB,Corsair RM1000x Gold,Thermalright Peerless Assassin,Corsair 7000D Airflow,high,17720.96
AMD Ryzen 7 5700X,MSI B550M-A Pro,DDR4 16GB 3200MHz (2x8),RX 7800 XT,WD Blue SN580 1TB,Redragon RGPS 500W Bronze,Thermalright Peerless Assassin,Gamemax Infinit M909,budget,6807.13
AMD Ryzen 9 9950X,MSI MAG B650 Tomahawk,DDR5 64GB 5600MHz (2x32),RTX 4070,WD Blue SN580 1TB,Corsair RM850x Gold,DeepCool LE720 360mm,Corsair 7000D Airflow,high,17501.02
Intel i5-14600KF,MSI PRO B760M-A DDR4,DDR4 32GB 3600MHz RGB,RX 7800 XT,WD Black SN850X 2TB,Corsair RM850x Gold,DeepCool LE720 360mm,NZXT H5 Flow,mid,10121.77
Intel i5-12400F,MSI PRO B760M-A DDR4,DDR4 16GB 3200MHz (2x8),GTX 1650,Kingston NV2 1TB,Redragon RGPS 500W Bronze,DeepCool AK400,Corsair 3000D Airflow,budget,3832.94
Intel i5-14600KF,MSI MAG Z790 Tomahawk DDR5,DDR5 32GB 6000MHz RGB,RTX 5070,Samsung 990 Pro 1TB,Corsair RM850x Gold,Thermalright Peerless Assassin,Lian Li O11 Dynamic EVO,high,14439.83
AMD Ryzen 7 5800X3D,MSI B550M-A Pro,DDR4 16GB 3200MHz (2x8),RX 7600,Samsung 990 Pro 1TB,Corsair RM850x Gold,Thermalright Peerless Assassin,Corsair 3000D Airflow,mid,7008.83
AMD Ryzen 5 5500,Gigabyte A520M K V2,DDR4 16GB 3200MHz (2x8),RTX 4070,Crucial P3 500GB,Cooler Master MWE 650 Gold,Cooler box (stock),Gamemax Infinit M909,budget,6152.41
AMD Ryzen 5 5500,Gigabyte A520M K V2,DDR4 16GB 3200MHz (2x8),GTX 1650,Kingston NV2 500GB,Corsair CX650 Bronze,DeepCool AK400,Gamemax Infinit M909,entry,3203.44
AMD Ryzen 5 8400F,ASUS Prime A620M-K,DDR5 16GB 5600MHz (2x8),Arc B580,Crucial P3 500GB,Cooler Master MWE 650 Gold,Cooler box (stock),Gamemax Infinit M909,entry,5335.74
AMD Ryzen 7 9800X3D,MSI MAG X870E Tomahawk,DDR5 64GB 5600MHz (2x32),RTX 5080,Samsung 990 Pro 1TB,Corsair RM1000x Gold,DeepCool LE720 360mm,Corsair 7000D Airflow,enthusiast,24548.36
Intel i5-14400F,MSI MAG Z790 Tomahawk DDR5,DDR5 32GB 6000MHz RGB,RX 9070 XT,WD Blue SN580 1TB,Corsair RM750x Gold,DeepCool AK400,Lian Li O11 Dynamic EVO,mid,12895.79
AMD Ryzen 5 7600,MSI MAG B650 Tomahawk,DDR5 16GB 5600MHz (2x8),GTX 1650,Crucial P3 500GB,Corsair CX650 Bronze,Thermalright Peerless Assassin,Corsair 3000D Airflow,budget,5535.6
AMD Ryzen 7 5700X,MSI B550M-A Pro,DDR4 32GB 3200MHz (2x16),RTX 4070,Samsung 990 Pro 1TB,Corsair RM750x Gold,DeepCool LE720 360mm,Corsair 3000D Airflow,mid,8567.56
Intel i5-14400F,ASUS TUF B760M-Plus DDR5,DDR5 32GB 5600MHz (2x16),RTX 4070,Kingston NV2 1TB,Corsair CX650 Bronze,DeepCool AK400,Lian Li O11 Dynamic EVO,mid,10714.12
AMD Ryzen 7 5800X3D,MSI B550M-A Pro,DDR4 16GB 3200MHz (2x8),RX 7600,WD Black SN850X 2TB,Corsair RM750x Gold,DeepCool LE720 360mm,NZXT H5 Flow,mid,8123.43
AMD Ryzen 5 5600,Gigabyte A520M K V2,DDR4 16GB 3200MHz (2x8),RX 7600,Kingston NV2 1TB,Corsair CX650 Bronze,Cooler box (stock),Corsair 3000D Airflow,entry,4779.41
Intel i7-14700KF,MSI MAG Z790 Tomahawk DDR5,DDR5 32GB 6000MHz RGB,RTX 5090,Samsung 990 Pro 1TB,Corsair RM1000x Gold,NZXT Kraken 360,Lian Li O11 Dynamic EVO,enthusiast,30654.7
Intel i7-14700KF,ASUS TUF B760M-Plus DDR5,DDR5 32GB 5600MHz (2x16),RX 7800 XT,Samsung 990 Pro 1TB,Corsair RM750x Gold,Thermalright Peerless Assassin,Corsair 3000D Airflow,mid,12024.25
Intel i3-12100F,MSI PRO B760M-A DDR4,DDR4 8GB 3200MHz (1x8),RTX 4060,Crucial P3 500GB,Corsair CX650 Bronze,DeepCool AK400,Corsair 3000D Airflow,entry,4849.77
AMD Ryzen 7 5800X3D,ASUS TUF B550M-Plus,DDR4 32GB 3600MHz RGB,RTX 5070,WD Black SN850X 2TB,Corsair RM1000x Gold,DeepCool LE720 360mm,Lian Li O11 Dynamic EVO,enthusiast,12719.15
AMD Ryzen 7 7800X3D,MSI MAG X870E Tomahawk,DDR5 64GB 5600MHz (2x32),RTX 5080,Samsung 990 Pro 1TB,Corsair RM850x Gold,NZXT Kraken 360,Corsair 7000D Airflow,enthusiast,22778.28
Intel i7-14700KF,ASUS TUF B760M-Plus DDR5,DDR5 32GB 6000MHz RGB,RX 9070 XT,Samsung 990 Pro 1TB,Corsair RM1000x Gold,Thermalright Peerless Assassin,NZXT H5 Flow,high,14669.26
AMD Ryzen 9 9950X,MSI MAG X870E Tomahawk,DDR5 32GB 6000MHz RGB,RTX 5070 Ti,Samsung 990 Pro 1TB,Corsair RM1000x Gold,NZXT Kraken 360,Corsair 7000D Airflow,enthusiast,19362.86
AMD Ryzen 5 7600,MSI MAG X870E Tomahawk,DDR5 32GB 6000MHz RGB,RX 7600,Kingston NV2 1TB,Corsair RM750x Gold,Thermalright Peerless Assassin,Corsair 3000D Airflow,mid,10413.34
Intel i7-14700KF,ASUS TUF B760M-Plus DDR5,DDR5 32GB 6000MHz RGB,RTX 5080,Samsung 990 Pro 4TB,Corsair RM750x Gold,DeepCool LE720 360mm,NZXT H5 Flow,high,20612.31
AMD Ryzen 7 5700X,MSI B550M-A Pro,DDR4 16GB 3200MHz (2x8),Arc B580,Crucial P3 500GB,Corsair CX650 Bronze,DeepCool LE720 360mm,Corsair 3000D Airflow,mid,5774.85
AMD Ryzen 5 5500,Gigabyte A520M K V2,DDR4 16GB 3200MHz (2x8),RX 7800 XT,Crucial P3 500GB,Cooler Master MWE 650 Gold,DeepCool AK400,Gamemax Infinit M909,budget,5414.77
AMD Ryzen 5 7600,MSI PRO B850M-B,DDR5 32GB 5600MHz (2x16),RTX 4060,Samsung 990 Pro 1TB,Corsair RM850x Gold,DeepCool AK400,NZXT H5 Flow,mid,9069.42
AMD Ryzen 7 5700X,MSI B550M-A Pro,DDR4 32GB 3200MHz (2x16),RTX 5070,WD Black SN850X 2TB,Corsair CX650 Bronze,Thermalright Peerless Assassin,Lian Li O11 Dynamic EVO,mid,10131.36
AMD Ryzen 5 7600,MSI PRO B850M-B,DDR5 16GB 5600MHz (2x8),RX 7600,Kingston NV2 1TB,Corsair CX650 Bronze,DeepCool AK400,Gamemax Infinit M909,entry,5597.55
Intel i7-14700KF,MSI MAG Z790 Tomahawk DDR5,DDR5 32GB 5600MHz (2x16),RX 7800 XT,Samsung 990 Pro 4TB,Corsair RM850x Gold,Thermalright Peerless Assassin,Corsair 7000D Airflow,high,14135.93
AMD Ryzen 9 9950X,MSI MAG X870E Tomahawk,DDR5 32GB 5600MHz (2x16),RTX 5090,Samsung 990 Pro 4TB,Corsair RM1000x Gold,NZXT Kraken 360,NZXT H5 Flow,high,31519.84
AMD Ryzen 7 7800X3D,MSI PRO B850M-B,DDR5 32GB 6000MHz RGB,RTX 4060,Crucial P3 500GB,Corsair RM850x Gold,DeepCool AK400,Corsair 3000D Airflow,mid,10276.32
AMD Ryzen 9 9950X,MSI MAG B650 Tomahawk,DDR5 32GB 5600MHz (2x16),RTX 5070,WD Blue SN580 1TB,Corsair RM1000x Gold,Thermalright Peerless Assassin,Lian Li O11 Dynamic EVO,high,14229.95
Intel i3-12100F,MSI PRO B760M-A DDR4,DDR4 16GB 3200MHz (2x8),RX 6600,Kingston NV2 1TB,Corsair CX650 Bronze,Cooler box (stock),Gamemax Infinit M909,entry,3842.48
Intel i7-14700KF,MSI MAG Z790 Tomahawk DDR5,DDR5 64GB 5600MHz (2x32),RTX 5090,Samsung 990 Pro 4TB,Corsair RM1000x Gold,DeepCool LE720 360mm,Corsair 7000D Airflow,enthusiast,34581.07
AMD Ryzen 7 7800X3D,MSI PRO B850M-B,DDR5 16GB 5600MHz (2x8),RX 7800 XT,WD Black SN850X 2TB,Corsair RM850x Gold,Thermalright Peerless Assassin,Corsair 3000D Airflow,mid,10681.72
AMD Ryzen 7 7700X,MSI MAG B650 Tomahawk,DDR5 16GB 5600MHz (2x8),RX 6600,Kingston NV2 500GB,Corsair CX650 Bronze,DeepCool AK400,Corsair 3000D Airflow,budget,6522.63
AMD Ryzen 7 5700X,MSI B550M-A Pro,DDR4 32GB 3200MHz (2x16),RX 7600,Crucial P3 500GB,Cooler Master MWE 650 Gold,DeepCool AK400,Corsair 3000D Airflow,budget,6445.02
AMD Ryzen 5 7600,MSI MAG B650 Tomahawk,DDR5 32GB 5600MHz (2x16),RX 7600,WD Black SN850X 2TB,Corsair CX650 Bronze,Thermalright Peerless Assassin,Corsair 3000D Airflow,mid,9735.73
AMD Ryzen 7 5700X,ASUS TUF B550M-Plus,DDR4 8GB 3200MHz (1x8),RTX 4060,Crucial P3 500GB,Cooler Master MWE 650 Gold,Cooler box (stock),NZXT H5 Flow,budget,5829.73
AMD Ryzen 7 5700X,Gigabyte A520M K V2,DDR4 32GB 3200MHz (2x16),RTX 4070,WD Blue SN580 1TB,Redragon RGPS 500W Bronze,DeepCool AK400,Gamemax Infinit M909,budget,8059.32
Intel i7-14700KF,MSI MAG Z790 Tomahawk DDR5,DDR5 32GB 6000MHz RGB,RX 9070 XT,WD Black SN850X 2TB,Corsair RM850x Gold,DeepCool LE720 360mm,Corsair 7000D Airflow,enthusiast,16054.96
AMD Ryzen 5 7600,MSI PRO B850M-B,DDR5 16GB 5600MHz (2x8),GTX 1650,Kingston NV2 500GB,Corsair RM750x Gold,DeepCool AK400,Gamemax Infinit M909,budget,4696.49
Intel i5-12400F,MSI PRO H610M-G DDR4,DDR4 8GB 3200MHz (1x8),RX 6600,Kingston NV2 1TB,Redragon RGPS 500W Bronze,Cooler box (stock),Gamemax Infinit M909,entry,3271.0
AMD Ryzen 7 7700X,MSI MAG B650 Tomahawk,DDR5 32GB 6000MHz RGB,RTX 4060,Kingston NV2 1TB,Cooler Master MWE 650 Gold,DeepCool AK400,Corsair 3000D Airflow,mid,9240.33
AMD Ryzen 7 5700X,ASUS TUF B550M-Plus,DDR4 16GB 3200MHz (2x8),RTX 4070,Crucial P3 500GB,Corsair RM750x Gold,Cooler box (stock),Corsair 3000D Airflow,budget,7435.67
AMD Ryzen 5 5500,ASUS TUF B550M-Plus,DDR4 8GB 3200MHz (1x8),RX 7800 XT,Kingston NV2 1TB,Corsair RM750x Gold,DeepCool AK400,NZXT H5 Flow,budget,6439.64
Intel i5-14600KF,MSI MAG Z790 Tomahawk DDR5,DDR5 64GB 5600MHz (2x32),RTX 4070,WD Blue SN580 1TB,Corsair RM1000x Gold,DeepCool LE720 360mm,NZXT H5 Flow,high,16736.58
AMD Ryzen 7 5800X3D,ASUS TUF B550M-Plus,DDR4 32GB 3200MHz (2x16),RTX 4070,WD Black SN850X 2TB,Corsair RM750x Gold,Thermalright Peerless Assassin,Corsair 7000D Airflow,high,11736.21
Intel i5-14600KF,ASUS TUF B760M-Plus DDR5,DDR5 32GB 6000MHz RGB,RTX 4060,Crucial P3 500GB,Corsair RM850x Gold,DeepCool AK400,Lian Li O11 Dynamic EVO,mid,9870.35
AMD Ryzen 7 7700X,MSI MAG B650 Tomahawk,DDR5 16GB 5600MHz (2x8),RTX 5070 Ti,Kingston NV2 1TB,Corsair RM850x Gold,Thermalright Peerless Assassin,Corsair 3000D Airflow,mid,12463.55
Intel i9-14900K,MSI MAG Z790 Tomahawk DDR5,DDR5 64GB 5600MHz (2x32),RTX 5070 Ti,Samsung 990 Pro 4TB,Corsair RM850x Gold,NZXT Kraken 360,Corsair 7000D Airflow,enthusiast,22437.76
AMD Ryzen 5 8400F,MSI PRO B850M-B,DDR5 16GB 5600MHz (2x8),RX 6600,WD Blue SN580 1TB,Corsair CX650 Bronze,DeepCool AK400,Corsair 3000D Airflow,budget,5182.19
Intel i9-14900K,ASUS TUF B760M-Plus DDR5,DDR5 64GB 5600MHz (2x32),RTX 5090,WD Blue SN580 1TB,Corsair RM1000x Gold,DeepCool LE720 360mm,Corsair 7000D Airflow,high,33117.77
Intel i5-14600KF,MSI PRO B760M-A DDR4,DDR4 16GB 3200MHz (2x8),RX 6600,Kingston NV2 500GB,Corsair RM750x Gold,Cooler box (stock),Corsair 3000D Airflow,budget,4743.41
Intel i9-14900K,MSI MAG Z790 Tomahawk DDR5,DDR5 32GB 6000MHz RGB,RX 9070 XT,WD Black SN850X 2TB,Corsair RM850x Gold,NZXT Kraken 360,Lian Li O11 Dynamic EVO,enthusiast,17121.95
AMD Ryzen 7 5800X3D,ASUS TUF B550M-Plus,DDR4 32GB 3200MHz (2x16),RX 7800 XT,WD Black SN850X 2TB,Corsair RM850x Gold,Thermalright Peerless Assassin,NZXT H5 Flow,high,10640.32
AMD Ryzen 5 8400F,MSI PRO B850M-B,DDR5 16GB 5600MHz (2x8),RX 6600,Kingston NV2 1TB,Redragon RGPS 500W Bronze,Cooler box (stock),Gamemax Infinit M909,entry,4710.13
AMD Ryzen 7 7800X3D,MSI MAG B650 Tomahawk,DDR5 32GB 6000MHz RGB,RTX 5070,WD Blue SN580 1TB,Corsair RM1000x Gold,Thermalright Peerless Assassin,Corsair 7000D Airflow,high,13967.5
Intel i9-14900K,MSI MAG Z790 Tomahawk DDR5,DDR5 32GB 6000MHz RGB,RTX 5070 Ti,Samsung 990 Pro 4TB,Corsair RM1000x Gold,NZXT Kraken 360,Lian Li O11 Dynamic EVO,enthusiast,18865.25
AMD Ryzen 9 9950X,MSI MAG X870E Tomahawk,DDR5 64GB 5600MHz (2x32),RX 9070 XT,Samsung 990 Pro 1TB,Corsair RM850x Gold,DeepCool LE720 360mm,Corsair 7000D Airflow,enthusiast,20254.61
AMD Ryzen 5 7600,MSI PRO B850M-B,DDR5 32GB 5600MHz (2x16),RTX 5060 Ti 16GB,Crucial P3 500GB,Corsair CX650 Bronze,Thermalright Peerless Assassin,Corsair 3000D Airflow,budget,9236.99
AMD Ryzen 7 5800X3D,ASUS TUF B550M-Plus,DDR4 32GB 3200MHz (2x16),RTX 4070,WD Black SN850X 2TB,Corsair RM850x Gold,DeepCool LE720 360mm,NZXT H5 Flow,high,11845.34
AMD Ryzen 7 9800X3D,MSI MAG X870E Tomahawk,DDR5 32GB 6000MHz RGB,RTX 5060 Ti 16GB,Samsung 990 Pro 4TB,Corsair RM750x Gold,NZXT Kraken 360,Lian Li O11 Dynamic EVO,high,16862.7
Intel i5-14400F,MSI PRO H610M-G DDR4,DDR4 16GB 3200MHz (2x8),RX 7600,Kingston NV2 1TB,Corsair CX650 Bronze,DeepCool AK400,Corsair 3000D Airflow,budget,4807.05
AMD Ryzen 5 8400F,MSI PRO B850M-B,DDR5 16GB 5600MHz (2x8),RX 7600,Kingston NV2 500GB,Corsair CX650 Bronze,Thermalright Peerless Assassin,Corsair 3000D Airflow,budget,6047.07
AMD Ryzen 5 7600,MSI MAG B650 Tomahawk,DDR5 16GB 5600MHz (2x8),RTX 5070 Ti,Kingston NV2 1TB,Corsair RM750x Gold,DeepCool AK400,Lian Li O11 Dynamic EVO,mid,13096.77
Intel i3-12100F,MSI PRO H610M-G DDR4,DDR4 16GB 3200MHz (2x8),Arc B580,Crucial P3 500GB,Cooler Master MWE 650 Gold,DeepCool AK400,Gamemax Infinit M909,entry,4496.61
AMD Ryzen 7 5700X,MSI B550M-A Pro,DDR4 32GB 3600MHz RGB,RTX 5070,Crucial P3 500GB,Corsair RM750x Gold,DeepCool AK400,Lian Li O11 Dynamic EVO,mid,10614.28
Intel i7-14700KF,ASUS TUF B760M-Plus DDR5,DDR5 32GB 5600MHz (2x16),RTX 5070,WD Blue SN580 1TB,Corsair RM850x Gold,Thermalright Peerless Assassin,Lian Li O11 Dynamic EVO,mid,12103.36
Intel i5-14400F,MSI PRO B760M-A DDR4,DDR4 16GB 3200MHz (2x8),RX 9070 XT,Samsung 990 Pro 1TB,Corsair RM750x Gold,Thermalright Peerless Assassin,NZXT H5 Flow,mid,8552.77
Intel i5-12400F,ASUS TUF B760M-Plus DDR5,DDR5 16GB 5600MHz (2x8),RX 6600,Kingston NV2 1TB,Redragon RGPS 500W Bronze,DeepCool AK400,NZXT H5 Flow,budget,5774.2
AMD Ryzen 7 5700X,Gigabyte A520M K V2,DDR4 8GB 3200MHz (1x8),RTX 4070,Kingston NV2 500GB,Cooler Master MWE 650 Gold,DeepCool AK400,Corsair 3000D Airflow,budget,6651.76
Intel i3-12100F,MSI PRO H610M-G DDR4,DDR4 8GB 3200MHz (1x8),RX 7800 XT,Kingston NV2 1TB,Redragon RGPS 500W Bronze,Thermalright Peerless Assassin,Gamemax Infinit M909,budget,5961.14
AMD Ryzen 7 7800X3D,MSI MAG X870E Tomahawk,DDR5 64GB 5600MHz (2x32),RX 9070 XT,WD Black SN850X 2TB,Corsair RM850x Gold,DeepCool LE720 360mm,Corsair 7000D Airflow,enthusiast,18423.18
AMD Ryzen 7 7700X,MSI MAG B650 Tomahawk,DDR5 32GB 5600MHz (2x16),Arc B580,WD Blue SN580 1TB,Corsair RM750x Gold,DeepCool LE720 360mm,NZXT H5 Flow,mid,9400.6
Intel i7-14700KF,MSI PRO B760M-A DDR4,DDR4 16GB 3200MHz (2x8),RTX 5070,Kingston NV2 1TB,Corsair CX650 Bronze,DeepCool AK400,Corsair 3000D Airflow,mid,9185.37
AMD Ryzen 7 5800X3D,ASUS TUF B550M-Plus,DDR4 32GB 3600MHz RGB,RX 9070 XT,Crucial P3 500GB,Corsair RM850x Gold,DeepCool AK400,Corsair 3000D Airflow,mid,10811.67
AMD Ryzen 5 7600,MSI PRO B850M-B,DDR5 32GB 5600MHz (2x16),RTX 3060 12GB,Kingston NV2 500GB,Redragon RGPS 500W Bronze,Cooler box (stock),Gamemax Infinit M909,budget,7087.73
AMD Ryzen 7 7800X3D,MSI PRO B850M-B,DDR5 32GB 5600MHz (2x16),RTX 4060,WD Black SN850X 2TB,Cooler Master MWE 650 Gold,DeepCool AK400,Lian Li O11 Dynamic EVO,mid,10937.29
AMD Ryzen 7 9800X3D,MSI MAG X870E Tomahawk,DDR5 32GB 6000MHz RGB,RX 9070 XT,WD Black SN850X 2TB,Corsair RM850x Gold,Thermalright Peerless Assassin,NZXT H5 Flow,high,15018.03
AMD Ryzen 7 7700X,MSI MAG X870E Tomahawk,DDR5 32GB 5600MHz (2x16),RX 7800 XT,WD Black SN850X 2TB,Corsair RM750x Gold,Thermalright Peerless Assassin,Corsair 7000D Airflow,high,14182.6
Intel i5-12400F,MSI PRO H610M-G DDR4,DDR4 8GB 3200MHz (1x8),RTX 4060,Kingston NV2 500GB,Corsair CX650 Bronze,DeepCool AK400,Corsair 3000D Airflow,entry,5008.39
AMD Ryzen 7 5800X3D,MSI B550M-A Pro,DDR4 32GB 3600MHz RGB,RX 9070 XT,WD Blue SN580 1TB,Corsair CX650 Bronze,Thermalright Peerless Assassin,Lian Li O11 Dynamic EVO,mid,11008.23
Intel i9-14900K,MSI MAG Z790 Tomahawk DDR5,DDR5 32GB 5600MHz (2x16),RTX 4070,Samsung 990 Pro 1TB,Corsair RM750x Gold,NZXT Kraken 360,NZXT H5 Flow,high,14587.86
Intel i3-12100F,ASUS TUF B760M-Plus DDR5,DDR5 16GB 5600MHz (2x8),GTX 1650,Crucial P3 500GB,Corsair CX650 Bronze,DeepCool AK400,Gamemax Infinit M909,budget,4647.61
AMD Ryzen 5 7600,MSI MAG B650 Tomahawk,DDR5 16GB 5600MHz (2x8),RTX 5060 Ti 16GB,Crucial P3 500GB,Redragon RGPS 500W Bronze,Cooler box (stock),NZXT H5 Flow,budget,8286.21
Intel i5-14400F,MSI PRO B760M-A DDR4,DDR4 32GB 3200MHz (2x16),RTX 4070,WD Blue SN580 1TB,Redragon RGPS 500W Bronze,Cooler box (stock),Corsair 3000D Airflow,budget,7207.02
AMD Ryzen 5 5600,Gigabyte A520M K V2,DDR4 16GB 3200MHz (2x8),RX 6600,Kingston NV2 1TB,Redragon RGPS 500W Bronze,Cooler box (stock),Gamemax Infinit M909,entry,3190.38
Intel i5-14400F,ASUS TUF B760M-Plus DDR5,DDR5 32GB 6000MHz RGB,RX 9070 XT,Kingston NV2 1TB,Corsair RM750x Gold,DeepCool AK400,Corsair 3000D Airflow,mid,13020.85
AMD Ryzen 7 7700X,MSI PRO B850M-B,DDR5 16GB 5600MHz (2x8),Arc B580,Kingston NV2 500GB,Corsair CX650 Bronze,DeepCool AK400,Corsair 3000D Airflow,budget,7254.07
AMD Ryzen 9 9950X,MSI MAG B650 Tomahawk,DDR5 64GB 5600MHz (2x32),RTX 5070,Samsung 990 Pro 4TB,Corsair RM750x Gold,Thermalright Peerless Assassin,Lian Li O11 Dynamic EVO,high,18464.44
AMD Ryzen 7 7700X,MSI PRO B850M-B,DDR5 32GB 5600MHz (2x16),Arc B580,Kingston NV2 1TB,Corsair RM750x Gold,Thermalright Peerless Assassin,Corsair 3000D Airflow,budget,9305.41
AMD Ryzen 7 7700X,MSI MAG B650 Tomahawk,DDR5 16GB 5600MHz (2x8),RTX 4060,Kingston NV2 1TB,Corsair RM850x Gold,Thermalright Peerless Assassin,Corsair 3000D Airflow,mid,8808.84
AMD Ryzen 5 5500,Gigabyte A520M K V2,DDR4 8GB 3200MHz (1x8),RX 7800 XT,WD Blue SN580 1TB,Corsair RM750x Gold,Cooler box (stock),Gamemax Infinit M909,budget,5960.75
Intel i5-14400F,MSI PRO H610M-G DDR4,DDR4 16GB 3200MHz (2x8),RTX 4060,Crucial P3 500GB,Redragon RGPS 500W Bronze,DeepCool AK400,Gamemax Infinit M909,entry,5176.75
Intel i5-14600KF,ASUS TUF B760M-Plus DDR5,DDR5 16GB 5600MHz (2x8),RTX 5070 Ti,Samsung 990 Pro 1TB,Corsair CX650 Bronze,DeepCool LE720 360mm,Corsair 3000D Airflow,mid,13022.66
AMD Ryzen 7 7800X3D,MSI MAG X870E Tomahawk,DDR5 32GB 6000MHz RGB,RTX 4060,WD Black SN850X 2TB,Cooler Master MWE 650 Gold,DeepCool AK400,Corsair 3000D Airflow,mid,12191.45
AMD Ryzen 7 5800X3D,ASUS TUF B550M-Plus,DDR4 32GB 3200MHz (2x16),RTX 3060 12GB,Crucial P3 500GB,Cooler Master MWE 650 Gold,Thermalright Peerless Assassin,Lian Li O11 Dynamic EVO,mid,7865.77
AMD Ryzen 9 9950X,MSI MAG X870E Tomahawk,DDR5 64GB 5600MHz (2x32),RTX 5060 Ti 16GB,WD Black SN850X 2TB,Corsair RM750x Gold,NZXT Kraken 360,Corsair 7000D Airflow,high,19962.08
AMD Ryzen 7 7800X3D,MSI MAG X870E Tomahawk,DDR5 16GB 5600MHz (2x8),RX 7600,Kingston NV2 1TB,Corsair RM850x Gold,Thermalright Peerless Assassin,Lian Li O11 Dynamic EVO,mid,10085.9
Intel i5-12400F,MSI PRO H610M-G DDR4,DDR4 16GB 3200MHz (2x8),RX 6600,Kingston NV2 500GB,Redragon RGPS 500W Bronze,DeepCool AK400,Corsair 3000D Airflow,entry,3968.47
Intel i5-14600KF,MSI PRO B760M-A DDR4,DDR4 32GB 3200MHz (2x16),RTX 5070,WD Blue SN580 1TB,Corsair RM850x Gold,DeepCool LE720 360mm,Corsair 3000D Airflow,mid,10064.71
Intel i5-14400F,MSI PRO B760M-A DDR4,DDR4 16GB 3200MHz (2x8),RTX 5070,Crucial P3 500GB,Cooler Master MWE 650 Gold,DeepCool AK400,Corsair 3000D Airflow,mid,8134.72
AMD Ryzen 5 7600,MSI MAG X870E Tomahawk,DDR5 16GB 5600MHz (2x8),RTX 5070 Ti,Crucial P3 500GB,Corsair CX650 Bronze,Thermalright Peerless Assassin,Corsair 3000D Airflow,mid,12618.98
Intel i7-14700KF,MSI MAG Z790 Tomahawk DDR5,DDR5 64GB 5600MHz (2x32),RX 9070 XT,WD Blue SN580 1TB,Corsair RM1000x Gold,DeepCool LE720 360mm,Corsair 7000D Airflow,high,17796.91
Intel i5-14400F,MSI PRO B760M-A DDR4,DDR4 16GB 3200MHz (2x8),RTX 4060,Kingston NV2 1TB,Corsair CX650 Bronze,DeepCool AK400,Corsair 3000D Airflow,entry,5448.55
AMD Ryzen 9 9950X,MSI MAG X870E Tomahawk,DDR5 32GB 6000MHz RGB,RTX 5060 Ti 16GB,WD Blue SN580 1TB,Corsair RM850x Gold,NZXT Kraken 360,Corsair 7000D Airflow,high,18035.29
Intel i5-14600KF,ASUS TUF B760M-Plus DDR5,DDR5 16GB 5600MHz (2x8),RTX 4060,WD Blue SN580 1TB,Cooler Master MWE 650 Gold,Thermalright Peerless Assassin,Gamemax Infinit M909,budget,7486.68
AMD Ryzen 7 7800X3D,MSI MAG X870E Tomahawk,DDR5 32GB 5600MHz (2x16),RX 9070 XT,Crucial P3 500GB,Cooler Master MWE 650 Gold,DeepCool AK400,Lian Li O11 Dynamic EVO,mid,14769.88
AMD Ryzen 7 5700X,Gigabyte A520M K V2,DDR4 8GB 3200MHz (1x8),RTX 4070,Kingston NV2 1TB,Corsair RM750x Gold,Cooler box (stock),Corsair 3000D Airflow,budget,7063.84
AMD Ryzen 7 5800X3D,ASUS TUF B550M-Plus,DDR4 32GB 3200MHz (2x16),Arc B580,WD Black SN850X 2TB,Cooler Master MWE 650 Gold,DeepCool AK400,Lian Li O11 Dynamic EVO,mid,9568.94
Intel i9-14900K,ASUS TUF B760M-Plus DDR5,DDR5 32GB 6000MHz RGB,RX 9070 XT,WD Black SN850X 2TB,Corsair RM850x Gold,DeepCool LE720 360mm,Lian Li O11 Dynamic EVO,high,14631.18
Intel i7-14700KF,MSI MAG Z790 Tomahawk DDR5,DDR5 64GB 5600MHz (2x32),RTX 5070 Ti,Samsung 990 Pro 1TB,Corsair RM1000x Gold,DeepCool LE720 360mm,Lian Li O11 Dynamic EVO,enthusiast,18503.29
AMD Ryzen 5 7600,MSI MAG B650 Tomahawk,DDR5 16GB 5600MHz (2x8),RX 7800 XT,WD Blue SN580 1TB,Cooler Master MWE 650 Gold,DeepCool LE720 360mm,Corsair 3000D Airflow,mid,8668.03
AMD Ryzen 7 5700X,ASUS TUF B550M-Plus,DDR4 32GB 3200MHz (2x16),RX 7600,Samsung 990 Pro 1TB,Cooler Master MWE 650 Gold,DeepCool LE720 360mm,Corsair 3000D Airflow,mid,7227.74
AMD Ryzen 7 5700X,ASUS TUF B550M-Plus,DDR4 32GB 3600MHz RGB,RTX 5070 Ti,Kingston NV2 1TB,Cooler Master MWE 650 Gold,Thermalright Peerless Assassin,Lian Li O11 Dynamic EVO,mid,12009.31
AMD Ryzen 7 5700X,MSI B550M-A Pro,DDR4 32GB 3200MHz (2x16),GTX 1650,WD Blue SN580 1TB,Cooler Master MWE 650 Gold,DeepCool AK400,NZXT H5 Flow,budget,5747.27
Intel i5-14400F,ASUS TUF B760M-Plus DDR5,DDR5 16GB 5600MHz (2x8),RTX 4060,WD Blue SN580 1TB,Corsair CX650 Bronze,DeepCool LE720 360mm,Corsair 3000D Airflow,mid,7493.33
AMD Ryzen 7 9800X3D,MSI MAG X870E Tomahawk,DDR5 32GB 6000MHz RGB,RTX 5080,WD Black SN850X 2TB,Corsair RM1000x Gold,NZXT Kraken 360,Lian Li O11 Dynamic EVO,enthusiast,21792.49
Intel i5-14600KF,MSI PRO B760M-A DDR4,DDR4 32GB 3600MHz RGB,RX 9070 XT,WD Black SN850X 2TB,Corsair RM850x Gold,DeepCool AK400,Corsair 3000D Airflow,mid,10646.36
Intel i9-14900K,ASUS TUF B760M-Plus DDR5,DDR5 32GB 5600MHz (2x16),RTX 5070 Ti,WD Blue SN580 1TB,Corsair RM850x Gold,Thermalright Peerless Assassin,Lian Li O11 Dynamic EVO,high,16166.87
AMD Ryzen 5 7600,ASUS Prime A620M-K,DDR5 16GB 5600MHz (2x8),GTX 1650,Crucial P3 500GB,Corsair RM750x Gold,Thermalright Peerless Assassin,Corsair 3000D Airflow,budget,5378.16
Intel i5-14400F,ASUS TUF B760M-Plus DDR5,DDR5 16GB 5600MHz (2x8),RX 7800 XT,WD Blue SN580 1TB,Corsair CX650 Bronze,Cooler box (stock),Corsair 3000D Airflow,budget,8407.93
AMD Ryzen 7 9800X3D,MSI MAG X870E Tomahawk,DDR5 32GB 6000MHz RGB,RTX 5070 Ti,Samsung 990 Pro 4TB,Corsair RM1000x Gold,NZXT Kraken 360,Lian Li O11 Dynamic EVO,enthusiast,21351.12
AMD Ryzen 5 5500,Gigabyte A520M K V2,DDR4 8GB 3200MHz (1x8),RX 7600,Kingston NV2 1TB,Redragon RGPS 500W Bronze,DeepCool AK400,Corsair 3000D Airflow,entry,4015.09
Intel i9-14900K,MSI MAG Z790 Tomahawk DDR5,DDR5 64GB 5600MHz (2x32),RTX 5070 Ti,WD Black SN850X 2TB,Corsair RM850x Gold,NZXT Kraken 360,Lian Li O11 Dynamic EVO,enthusiast,21417.31
AMD Ryzen 7 5700X,MSI B550M-A Pro,DDR4 32GB 3200MHz (2x16),RTX 4060,WD Blue SN580 1TB,Corsair RM750x Gold,Thermalright Peerless Assassin,Corsair 3000D Airflow,budget,7653.23
Intel i5-14400F,MSI PRO B760M-A DDR4,DDR4 32GB 3200MHz (2x16),RTX 4070,Kingston NV2 1TB,Redragon RGPS 500W Bronze,DeepCool AK400,NZXT H5 Flow,budget,7878.47
AMD Ryzen 7 7700X,MSI MAG B650 Tomahawk,DDR5 16GB 5600MHz (2x8),RTX 4070,Kingston NV2 500GB,Cooler Master MWE 650 Gold,DeepCool AK400,NZXT H5 Flow,budget,9289.5
Intel i7-14700KF,MSI PRO B760M-A DDR4,DDR4 32GB 3200MHz (2x16),Arc B580,WD Blue SN580 1TB,Corsair RM750x Gold,DeepCool AK400,Corsair 3000D Airflow,mid,7566.34
Intel i7-14700KF,MSI MAG Z790 Tomahawk DDR5,DDR5 64GB 5600MHz (2x32),RTX 5090,WD Black SN850X 2TB,Corsair RM750x Gold,NZXT Kraken 360,NZXT H5 Flow,high,32765.49
AMD Ryzen 7 7800X3D,MSI MAG X870E Tomahawk,DDR5 64GB 5600MHz (2x32),RX 7800 XT,WD Black SN850X 2TB,Corsair RM750x Gold,NZXT Kraken 360,NZXT H5 Flow,high,16570.59
Intel i9-14900K,ASUS TUF B760M-Plus DDR5,DDR5 64GB 5600MHz (2x32),RX 7800 XT,Samsung 990 Pro 1TB,Corsair RM1000x Gold,NZXT Kraken 360,NZXT H5 Flow,high,16903.22
AMD Ryzen 5 8400F,MSI PRO B850M-B,DDR5 16GB 5600MHz (2x8),RX 6600,Kingston NV2 500GB,Cooler Master MWE 650 Gold,DeepCool AK400,Gamemax Infinit M909,entry,4841.54
AMD Ryzen 5 5600,MSI B550M-A Pro,DDR4 16GB 3200MHz (2x8),RTX 5060 Ti 16GB,Crucial P3 500GB,Corsair RM750x Gold,DeepCool AK400,Gamemax Infinit M909,budget,6672.94
AMD Ryzen 5 7600,MSI MAG B650 Tomahawk,DDR5 32GB 5600MHz (2x16),RX 7800 XT,Kingston NV2 1TB,Cooler Master MWE 650 Gold,Thermalright Peerless Assassin,NZXT H5 Flow,mid,10425.0
AMD Ryzen 7 5700X,MSI B550M-A Pro,DDR4 32GB 3600MHz RGB,RX 9070 XT,Samsung 990 Pro 1TB,Corsair RM750x Gold,DeepCool AK400,NZXT H5 Flow,mid,11150.65
AMD Ryzen 7 7800X3D,MSI MAG B650 Tomahawk,DDR5 32GB 5600MHz (2x16),RX 9070 XT,WD Black SN850X 2TB,Corsair RM750x Gold,NZXT Kraken 360,Corsair 7000D Airflow,high,14329.97
AMD Ryzen 7 7700X,MSI MAG B650 Tomahawk,DDR5 32GB 6000MHz RGB,RX 9070 XT,WD Blue SN580 1TB,Corsair RM1000x Gold,DeepCool LE720 360mm,Lian Li O11 Dynamic EVO,high,15096.08
AMD Ryzen 7 9800X3D,MSI MAG X870E Tomahawk,DDR5 64GB 5600MHz (2x32),RTX 5070,Samsung 990 Pro 1TB,Corsair RM1000x Gold,NZXT Kraken 360,Corsair 7000D Airflow,enthusiast,19002.95
AMD Ryzen 7 5800X3D,ASUS TUF B550M-Plus,DDR4 32GB 3600MHz RGB,RTX 5080,Samsung 990 Pro 4TB,Corsair RM1000x Gold,DeepCool LE720 360mm,Lian Li O11 Dynamic EVO,enthusiast,19472.7
AMD Ryzen 7 5800X3D,ASUS TUF B550M-Plus,DDR4 32GB 3200MHz (2x16),RX 9070 XT,Samsung 990 Pro 4TB,Corsair RM750x Gold,Thermalright Peerless Assassin,Lian Li O11 Dynamic EVO,high,13194.75
AMD Ryzen 7 7800X3D,MSI MAG X870E Tomahawk,DDR5 32GB 6000MHz RGB,RX 9070 XT,Samsung 990 Pro 1TB,Corsair RM850x Gold,NZXT Kraken 360,Lian Li O11 Dynamic EVO,enthusiast,17171.6
AMD Ryzen 5 8400F,MSI PRO B850M-B,DDR5 32GB 5600MHz (2x16),RTX 4070,Crucial P3 500GB,Redragon RGPS 500W Bronze,DeepCool AK400,Corsair 3000D Airflow,budget,9373.39
AMD Ryzen 7 7800X3D,MSI MAG B650 Tomahawk,DDR5 64GB 5600MHz (2x32),RTX 5070,Samsung 990 Pro 1TB,Corsair RM750x Gold,Thermalright Peerless Assassin,Corsair 7000D Airflow,high,16988.15
AMD Ryzen 5 5600,MSI B550M-A Pro,DDR4 16GB 3200MHz (2x8),RTX 4070,WD Blue SN580 1TB,Redragon RGPS 500W Bronze,Thermalright Peerless Assassin,Gamemax Infinit M909,budget,6517.9
AMD Ryzen 7 7700X,ASUS Prime A620M-K,DDR5 32GB 5600MHz (2x16),Arc B580,WD Blue SN580 1TB,Redragon RGPS 500W Bronze,Cooler box (stock),Corsair 3000D Airflow,budget,8729.45
Intel i7-14700KF,MSI PRO B760M-A DDR4,DDR4 16GB 3200MHz (2x8),RX 9070 XT,WD Blue SN580 1TB,Corsair CX650 Bronze,DeepCool AK400,Lian Li O11 Dynamic EVO,mid,9786.68
AMD Ryzen 7 7700X,MSI MAG B650 Tomahawk,DDR5 64GB 5600MHz (2x32),RTX 5060 Ti 16GB,Samsung 990 Pro 4TB,Corsair RM850x Gold,NZXT Kraken 360,NZXT H5 Flow,high,16198.31
AMD Ryzen 9 9950X,MSI MAG X870E Tomahawk,DDR5 32GB 5600MHz (2x16),RX 7800 XT,WD Black SN850X 2TB,Corsair RM1000x Gold,DeepCool LE720 360mm,Corsair 7000D Airflow,high,17560.7
AMD Ryzen 9 9950X,MSI MAG X870E Tomahawk,DDR5 32GB 6000MHz RGB,RX 9070 XT,Samsung 990 Pro 1TB,Corsair RM850x Gold,NZXT Kraken 360,Corsair 7000D Airflow,high,17308.18
AMD Ryzen 5 5500,Gigabyte A520M K V2,DDR4 16GB 3200MHz (2x8),RTX 4070,Kingston NV2 1TB,Corsair CX650 Bronze,Cooler box (stock),NZXT H5 Flow,budget,6815.75
AMD Ryzen 7 7800X3D,MSI MAG X870E Tomahawk,DDR5 32GB 6000MHz RGB,RX 9070 XT,Samsung 990 Pro 4TB,Corsair RM850x Gold,NZXT Kraken 360,Lian Li O11 Dynamic EVO,enthusiast,18227.06
AMD Ryzen 7 5700X,ASUS TUF B550M-Plus,DDR4 32GB 3200MHz (2x16),RTX 5060 Ti 16GB,WD Blue SN580 1TB,Corsair CX650 Bronze,DeepCool AK400,NZXT H5 Flow,mid,8055.08
AMD Ryzen 5 5600,Gigabyte A520M K V2,DDR4 16GB 3200MHz (2x8),RX 6600,Crucial P3 500GB,Redragon RGPS 500W Bronze,Cooler box (stock),Corsair 3000D Airflow,entry,3599.49
Intel i5-14400F,ASUS TUF B760M-Plus DDR5,DDR5 32GB 6000MHz RGB,RX 7800 XT,Kingston NV2 1TB,Corsair RM750x Gold,DeepCool LE720 360mm,Lian Li O11 Dynamic EVO,mid,11922.6
AMD Ryzen 7 5800X3D,ASUS TUF B550M-Plus,DDR4 32GB 3600MHz RGB,RTX 5090,Samsung 990 Pro 1TB,Corsair RM1000x Gold,NZXT Kraken 360,Corsair 7000D Airflow,enthusiast,26356.45
Intel i7-14700KF,MSI MAG Z790 Tomahawk DDR5,DDR5 32GB 6000MHz RGB,RTX 5090,WD Blue SN580 1TB,Corsair RM850x Gold,DeepCool LE720 360mm,NZXT H5 Flow,high,28155.3
AMD Ryzen 7 5700X,Gigabyte A520M K V2,DDR4 16GB 3200MHz (2x8),RX 6600,Crucial P3 500GB,Cooler Master MWE 650 Gold,DeepCool AK400,Gamemax Infinit M909,entry,4091.81
AMD Ryzen 5 5600,MSI B550M-A Pro,DDR4 8GB 3200MHz (1x8),Arc B580,Crucial P3 500GB,Redragon RGPS 500W Bronze,Cooler box (stock),Gamemax Infinit M909,entry,4220.25
Intel i5-12400F,MSI PRO B760M-A DDR4,DDR4 8GB 3200MHz (1x8),RX 7600,Kingston NV2 500GB,Corsair RM750x Gold,Thermalright Peerless Assassin,Gamemax Infinit M909,budget,4917.01
Intel i5-14400F,MSI PRO B760M-A DDR4,DDR4 16GB 3200MHz (2x8),RTX 4060,Kingston NV2 1TB,Cooler Master MWE 650 Gold,Cooler box (stock),Gamemax Infinit M909,entry,5140.88
AMD Ryzen 9 9950X,MSI MAG X870E Tomahawk,DDR5 32GB 5600MHz (2x16),RTX 5060 Ti 16GB,Samsung 990 Pro 4TB,Corsair RM850x Gold,DeepCool LE720 360mm,Lian Li O11 Dynamic EVO,high,18269.79
AMD Ryzen 7 7800X3D,MSI MAG X870E Tomahawk,DDR5 64GB 5600MHz (2x32),RTX 5070 Ti,Samsung 990 Pro 1TB,Corsair RM750x Gold,DeepCool LE720 360mm,Lian Li O11 Dynamic EVO,high,18577.65
AMD Ryzen 7 9800X3D,MSI MAG B650 Tomahawk,DDR5 32GB 6000MHz RGB,RTX 5070,Samsung 990 Pro 4TB,Corsair RM750x Gold,NZXT Kraken 360,NZXT H5 Flow,high,15923.65
AMD Ryzen 7 7700X,ASUS Prime A620M-K,DDR5 16GB 5600MHz (2x8),RX 7800 XT,Kingston NV2 1TB,Corsair CX650 Bronze,DeepCool AK400,Corsair 3000D Airflow,budget,8050.55
AMD Ryzen 7 9800X3D,MSI MAG B650 Tomahawk,DDR5 32GB 6000MHz RGB,RTX 5080,Samsung 990 Pro 1TB,Corsair RM1000x Gold,DeepCool LE720 360mm,Lian Li O11 Dynamic EVO,high,19530.16
AMD Ryzen 7 5800X3D,ASUS TUF B550M-Plus,DDR4 32GB 3200MHz (2x16),RTX 5090,Samsung 990 Pro 1TB,Corsair RM1000x Gold,DeepCool LE720 360mm,NZXT H5 Flow,high,23529.4
AMD Ryzen 5 7600,MSI MAG X870E Tomahawk,DDR5 16GB 5600MHz (2x8),RX 9070 XT,WD Blue SN580 1TB,Corsair RM750x Gold,Thermalright Peerless Assassin,Corsair 3000D Airflow,mid,10304.1
Intel i7-14700KF,MSI MAG Z790 Tomahawk DDR5,DDR5 32GB 5600MHz (2x16),RTX 3060 12GB,Crucial P3 500GB,Cooler Master MWE 650 Gold,DeepCool AK400,Lian Li O11 Dynamic EVO,mid,9747.35
AMD Ryzen 5 5600,Gigabyte A520M K V2,DDR4 16GB 3200MHz (2x8),RTX 3060 12GB,Kingston NV2 1TB,Cooler Master MWE 650 Gold,Cooler box (stock),Gamemax Infinit M909,budget,3810.01
AMD Ryzen 7 5800X3D,MSI B550M-A Pro,DDR4 16GB 3200MHz (2x8),RX 7800 XT,WD Blue SN580 1TB,Cooler Master MWE 650 Gold,DeepCool AK400,NZXT H5 Flow,mid,8640.96
AMD Ryzen 5 5500,MSI B550M-A Pro,DDR4 8GB 3200MHz (1x8),RX 6600,Kingston NV2 500GB,Cooler Master MWE 650 Gold,DeepCool AK400,Corsair 3000D Airflow,entry,3784.63
AMD Ryzen 9 9950X,MSI MAG X870E Tomahawk,DDR5 64GB 5600MHz (2x32),RTX 5070,WD Black SN850X 2TB,Corsair RM1000x Gold,DeepCool LE720 360mm,Lian Li O11 Dynamic EVO,enthusiast,20468.27
AMD Ryzen 7 5700X,MSI B550M-A Pro,DDR4 32GB 3200MHz (2x16),RTX 5070 Ti,Kingston NV2 1TB,Corsair CX650 Bronze,Thermalright Peerless Assassin,Lian Li O11 Dynamic EVO,mid,11883.64
AMD Ryzen 5 7600,MSI MAG X870E Tomahawk,DDR5 32GB 5600MHz (2x16),RTX 3060 12GB,WD Blue SN580 1TB,Corsair RM850x Gold,Thermalright Peerless Assassin,NZXT H5 Flow,mid,10471.61
AMD Ryzen 7 7700X,MSI PRO B850M-B,DDR5 16GB 5600MHz (2x8),RX 7800 XT,Kingston NV2 500GB,Corsair CX650 Bronze,Cooler box (stock),Gamemax Infinit M909,budget,7432.71
Intel i9-14900K,ASUS TUF B760M-Plus DDR5,DDR5 32GB 5600MHz (2x16),RTX 5070 Ti,Samsung 990 Pro 4TB,Corsair RM1000x Gold,DeepCool LE720 360mm,NZXT H5 Flow,high,17200.67
AMD Ryzen 9 9950X,MSI MAG B650 Tomahawk,DDR5 32GB 5600MHz (2x16),RX 9070 XT,Samsung 990 Pro 1TB,Corsair RM1000x Gold,DeepCool LE720 360mm,Lian Li O11 Dynamic EVO,high,15928.83
AMD Ryzen 9 9950X,MSI MAG X870E Tomahawk,DDR5 32GB 6000MHz RGB,RTX 5060 Ti 16GB,Samsung 990 Pro 4TB,Corsair RM850x Gold,NZXT Kraken 360,Corsair 7000D Airflow,high,19150.91
Intel i5-14400F,MSI PRO B760M-A DDR4,DDR4 32GB 3600MHz RGB,RTX 3060 12GB,WD Black SN850X 2TB,Corsair CX650 Bronze,Thermalright Peerless Assassin,Corsair 3000D Airflow,mid,7902.87
AMD Ryzen 5 5600,ASUS TUF B550M-Plus,DDR4 32GB 3200MHz (2x16),RX 6600,Kingston NV2 1TB,Corsair CX650 Bronze,Thermalright Peerless Assassin,Corsair 3000D Airflow,budget,5209.41
AMD Ryzen 7 5800X3D,ASUS TUF B550M-Plus,DDR4 32GB 3600MHz RGB,RTX 5070 Ti,Samsung 990 Pro 4TB,Corsair RM1000x Gold,Thermalright Peerless Assassin,NZXT H5 Flow,high,14890.19
Intel i7-14700KF,MSI MAG Z790 Tomahawk DDR5,DDR5 64GB 5600MHz (2x32),RTX 5070 Ti,Samsung 990 Pro 1TB,Corsair RM850x Gold,NZXT Kraken 360,Lian Li O11 Dynamic EVO,enthusiast,18722.65
Intel i3-12100F,ASUS TUF B760M-Plus DDR5,DDR5 16GB 5600MHz (2x8),RTX 5060 Ti 16GB,Kingston NV2 1TB,Corsair RM750x Gold,Thermalright Peerless Assassin,Gamemax Infinit M909,budget,8273.25
Intel i5-14600KF,MSI PRO B760M-A DDR4,DDR4 16GB 3200MHz (2x8),RTX 3060 12GB,WD Blue SN580 1TB,Corsair CX650 Bronze,Cooler box (stock),Corsair 3000D Airflow,budget,5031.45
AMD Ryzen 7 5800X3D,ASUS TUF B550M-Plus,DDR4 16GB 3200MHz (2x8),RX 7600,Kingston NV2 1TB,Corsair RM850x Gold,DeepCool LE720 360mm,NZXT H5 Flow,mid,7893.94
Intel i5-14600KF,MSI MAG Z790 Tomahawk DDR5,DDR5 32GB 5600MHz (2x16),RTX 5070 Ti,WD Black SN850X 2TB,Corsair RM1000x Gold,Thermalright Peerless Assassin,Lian Li O11 Dynamic EVO,high,15855.66
Intel i3-12100F,MSI PRO B760M-A DDR4,DDR4 8GB 3200MHz (1x8),GTX 1650,Kingston NV2 1TB,Redragon RGPS 500W Bronze,Cooler box (stock),Gamemax Infinit M909,entry,3124.25
AMD Ryzen 7 5700X,MSI B550M-A Pro,DDR4 16GB 3200MHz (2x8),RTX 5060 Ti 16GB,WD Blue SN580 1TB,Corsair RM750x Gold,Cooler box (stock),Gamemax Infinit M909,budget,7228.18
AMD Ryzen 7 5700X,MSI B550M-A Pro,DDR4 32GB 3600MHz RGB,RTX 4070,Crucial P3 500GB,Corsair CX650 Bronze,DeepCool LE720 360mm,Lian Li O11 Dynamic EVO,mid,9103.35
Intel i5-14600KF,MSI MAG Z790 Tomahawk DDR5,DDR5 32GB 6000MHz RGB,RTX 5060 Ti 16GB,Samsung 990 Pro 1TB,Corsair RM1000x Gold,Thermalright Peerless Assassin,NZXT H5 Flow,high,13542.6
AMD Ryzen 7 7800X3D,MSI PRO B850M-B,DDR5 16GB 5600MHz (2x8),RTX 3060 12GB,Samsung 990 Pro 1TB,Corsair RM850x Gold,DeepCool AK400,Corsair 3000D Airflow,mid,8174.31
AMD Ryzen 7 9800X3D,MSI MAG X870E Tomahawk,DDR5 32GB 6000MHz RGB,RTX 4070,Samsung 990 Pro 4TB,Corsair RM1000x Gold,NZXT Kraken 360,Corsair 7000D Airflow,high,16515.26
AMD Ryzen 5 7600,ASUS Prime A620M-K,DDR5 16GB 5600MHz (2x8),RX 7600,Crucial P3 500GB,Cooler Master MWE 650 Gold,DeepCool AK400,Corsair 3000D Airflow,budget,6027.45
AMD Ryzen 5 7600,ASUS Prime A620M-K,DDR5 16GB 5600MHz (2x8),RTX 3060 12GB,WD Blue SN580 1TB,Corsair RM750x Gold,Cooler box (stock),Corsair 3000D Airflow,budget,5765.21
AMD Ryzen 7 9800X3D,MSI MAG B650 Tomahawk,DDR5 32GB 6000MHz RGB,RTX 4070,Samsung 990 Pro 1TB,Corsair RM750x Gold,Thermalright Peerless Assassin,Corsair 7000D Airflow,high,14471.99
Intel i7-14700KF,MSI PRO B760M-A DDR4,DDR4 16GB 3200MHz (2x8),RX 7600,WD Blue SN580 1TB,Corsair RM750x Gold,DeepCool LE720 360mm,NZXT H5 Flow,mid,7581.98
AMD Ryzen 7 9800X3D,MSI MAG B650 Tomahawk,DDR5 32GB 6000MHz RGB,RTX 5070 Ti,WD Blue SN580 1TB,Corsair RM1000x Gold,Thermalright Peerless Assassin,Lian Li O11 Dynamic EVO,high,17550.3
Intel i7-14700KF,MSI MAG Z790 Tomahawk DDR5,DDR5 32GB 6000MHz RGB,RX 9070 XT,Samsung 990 Pro 4TB,Corsair RM850x Gold,DeepCool LE720 360mm,Corsair 7000D Airflow,enthusiast,17685.7
Intel i5-14400F,MSI MAG Z790 Tomahawk DDR5,DDR5 32GB 5600MHz (2x16),RX 7800 XT,Samsung 990 Pro 1TB,Corsair CX650 Bronze,DeepCool AK400,Lian Li O11 Dynamic EVO,mid,10808.85
AMD Ryzen 7 5800X3D,ASUS TUF B550M-Plus,DDR4 32GB 3200MHz (2x16),RX 7600,Kingston NV2 1TB,Corsair CX650 Bronze,DeepCool LE720 360mm,Corsair 3000D Airflow,mid,7742.56
AMD Ryzen 5 7600,MSI MAG B650 Tomahawk,DDR5 16GB 5600MHz (2x8),RX 7600,Samsung 990 Pro 1TB,Corsair CX650 Bronze,Thermalright Peerless Assassin,Corsair 3000D Airflow,mid,7476.73
AMD Ryzen 7 5800X3D,ASUS TUF B550M-Plus,DDR4 32GB 3600MHz RGB,RTX 5070 Ti,WD Blue SN580 1TB,Corsair RM1000x Gold,Thermalright Peerless Assassin,Corsair 7000D Airflow,high,14638.22
AMD Ryzen 7 5700X,ASUS TUF B550M-Plus,DDR4 32GB 3600MHz RGB,Arc B580,Kingston NV2 1TB,Corsair CX650 Bronze,DeepCool AK400,Corsair 3000D Airflow,mid,7709.64
Intel i7-14700KF,MSI MAG Z790 Tomahawk DDR5,DDR5 32GB 6000MHz RGB,RTX 4070,Samsung 990 Pro 4TB,Corsair RM750x Gold,DeepCool LE720 360mm,Lian Li O11 Dynamic EVO,high,15243.33
AMD Ryzen 7 9800X3D,MSI MAG X870E Tomahawk,DDR5 64GB 5600MHz (2x32),RTX 5070,Samsung 990 Pro 4TB,Corsair RM850x Gold,NZXT Kraken 360,Lian Li O11 Dynamic EVO,enthusiast,19952.25
Intel i5-14400F,MSI PRO H610M-G DDR4,DDR4 8GB 3200MHz (1x8),RX 6600,Crucial P3 500GB,Corsair CX650 Bronze,Cooler box (stock),Gamemax Infinit M909,entry,3948.99
AMD Ryzen 5 5600,Gigabyte A520M K V2,DDR4 32GB 3200MHz (2x16),RX 7800 XT,WD Blue SN580 1TB,Corsair CX650 Bronze,DeepCool AK400,Gamemax Infinit M909,budget,6806.39
Intel i5-14400F,ASUS TUF B760M-Plus DDR5,DDR5 16GB 5600MHz (2x8),RTX 3060 12GB,WD Black SN850X 2TB,Cooler Master MWE 650 Gold,DeepCool AK400,Lian Li O11 Dynamic EVO,mid,7631.41
AMD Ryzen 7 7800X3D,MSI MAG B650 Tomahawk,DDR5 32GB 6000MHz RGB,RTX 5070,WD Black SN850X 2TB,Corsair RM750x Gold,Thermalright Peerless Assassin,Corsair 7000D Airflow,high,13580.57
Intel i3-12100F,MSI PRO B760M-A DDR4,DDR4 8GB 3200MHz (1x8),RTX 4070,Crucial P3 500GB,Corsair RM750x Gold,Cooler box (stock),NZXT H5 Flow,budget,6311.1
AMD Ryzen 5 7600,ASUS Prime A620M-K,DDR5 32GB 5600MHz (2x16),RTX 3060 12GB,Kingston NV2 500GB,Cooler Master MWE 650 Gold,Thermalright Peerless Assassin,NZXT H5 Flow,budget,7698.76
Intel i9-14900K,MSI MAG Z790 Tomahawk DDR5,DDR5 64GB 5600MHz (2x32),RTX 5070,Samsung 990 Pro 4TB,Corsair RM850x Gold,DeepCool LE720 360mm,Corsair 7000D Airflow,enthusiast,20377.93
AMD Ryzen 9 9950X,MSI MAG B650 Tomahawk,DDR5 32GB 5600MHz (2x16),RTX 5080,WD Blue SN580 1TB,Corsair RM850x Gold,Thermalright Peerless Assassin,NZXT H5 Flow,high,18295.98
AMD Ryzen 7 5800X3D,Gigabyte A520M K V2,DDR4 32GB 3600MHz RGB,RX 9070 XT,Samsung 990 Pro 4TB,Corsair RM850x Gold,NZXT Kraken 360,Lian Li O11 Dynamic EVO,enthusiast,14810.26
Intel i5-14600KF,ASUS TUF B760M-Plus DDR5,DDR5 32GB 5600MHz (2x16),RTX 4070,WD Blue SN580 1TB,Corsair RM750x Gold,DeepCool LE720 360mm,NZXT H5 Flow,high,10741.98
AMD Ryzen 5 8400F,MSI PRO B850M-B,DDR5 16GB 5600MHz (2x8),GTX 1650,Kingston NV2 500GB,Corsair RM750x Gold,Cooler box (stock),NZXT H5 Flow,budget,4718.74
Intel i9-14900K,MSI MAG Z790 Tomahawk DDR5,DDR5 32GB 6000MHz RGB,RTX 5090,Samsung 990 Pro 4TB,Corsair RM850x Gold,DeepCool LE720 360mm,Corsair 7000D Airflow,enthusiast,31315.06
AMD Ryzen 7 7700X,MSI MAG B650 Tomahawk,DDR5 32GB 5600MHz (2x16),RTX 5060 Ti 16GB,WD Black SN850X 2TB,Corsair RM750x Gold,NZXT Kraken 360,Lian Li O11 Dynamic EVO,high,14112.35
AMD Ryzen 7 7700X,MSI MAG X870E Tomahawk,DDR5 32GB 6000MHz RGB,RTX 5090,Samsung 990 Pro 1TB,Corsair RM1000x Gold,DeepCool LE720 360mm,NZXT H5 Flow,high,29940.63
Intel i5-14400F,MSI PRO B760M-A DDR4,DDR4 16GB 3200MHz (2x8),RTX 5060 Ti 16GB,Samsung 990 Pro 1TB,Corsair RM850x Gold,DeepCool LE720 360mm,Corsair 3000D Airflow,mid,8383.6
AMD Ryzen 5 5500,Gigabyte A520M K V2,DDR4 32GB 3200MHz (2x16),GTX 1650,WD Blue SN580 1TB,Cooler Master MWE 650 Gold,Cooler box (stock),NZXT H5 Flow,budget,4293.15
AMD Ryzen 7 5700X,Gigabyte A520M K V2,DDR4 16GB 3200MHz (2x8),GTX 1650,Kingston NV2 500GB,Cooler Master MWE 650 Gold,DeepCool AK400,NZXT H5 Flow,budget,4363.86
AMD Ryzen 5 7600,MSI MAG B650 Tomahawk,DDR5 32GB 5600MHz (2x16),RTX 3060 12GB,WD Blue SN580 1TB,Corsair CX650 Bronze,Thermalright Peerless Assassin,Lian Li O11 Dynamic EVO,mid,9261.97
Intel i7-14700KF,MSI MAG Z790 Tomahawk DDR5,DDR5 64GB 5600MHz (2x32),RTX 5080,WD Black SN850X 2TB,Corsair RM1000x Gold,NZXT Kraken 360,Corsair 7000D Airflow,enthusiast,21408.98
AMD Ryzen 5 8400F,ASUS Prime A620M-K,DDR5 16GB 5600MHz (2x8),GTX 1650,Kingston NV2 1TB,Redragon RGPS 500W Bronze,DeepCool AK400,Gamemax Infinit M909,entry,4474.6
Intel i9-14900K,MSI MAG Z790 Tomahawk DDR5,DDR5 64GB 5600MHz (2x32),RTX 5060 Ti 16GB,Samsung 990 Pro 4TB,Corsair RM1000x Gold,Thermalright Peerless Assassin,Lian Li O11 Dynamic EVO,high,17197.69
AMD Ryzen 5 5500,Gigabyte A520M K V2,DDR4 32GB 3200MHz (2x16),RTX 3060 12GB,Kingston NV2 1TB,Corsair RM750x Gold,Cooler box (stock),NZXT H5 Flow,budget,5602.99
Intel i5-12400F,ASUS TUF B760M-Plus DDR5,DDR5 32GB 5600MHz (2x16),RX 7800 XT,Crucial P3 500GB,Redragon RGPS 500W Bronze,Cooler box (stock),Corsair 3000D Airflow,budget,9155.78
AMD Ryzen 7 5800X3D,MSI B550M-A Pro,DDR4 16GB 3200MHz (2x8),RTX 5060 Ti 16GB,Kingston NV2 1TB,Corsair CX650 Bronze,Thermalright Peerless Assassin,Corsair 3000D Airflow,mid,7872.26
AMD Ryzen 7 7800X3D,MSI MAG X870E Tomahawk,DDR5 32GB 6000MHz RGB,RX 9070 XT,WD Black SN850X 2TB,Corsair RM1000x Gold,DeepCool LE720 360mm,Corsair 7000D Airflow,enthusiast,16842.99
Intel i9-14900K,MSI MAG Z790 Tomahawk DDR5,DDR5 64GB 5600MHz (2x32),RX 9070 XT,Samsung 990 Pro 1TB,Corsair RM850x Gold,NZXT Kraken 360,Corsair 7000D Airflow,enthusiast,18879.58
AMD Ryzen 9 9950X,MSI MAG X870E Tomahawk,DDR5 32GB 5600MHz (2x16),RTX 5070,WD Blue SN580 1TB,Corsair RM1000x Gold,DeepCool LE720 360mm,Lian Li O11 Dynamic EVO,high,15917.39
Intel i5-14400F,MSI PRO B760M-A DDR4,DDR4 16GB 3200MHz (2x8),RX 9070 XT,Crucial P3 500GB,Corsair CX650 Bronze,DeepCool LE720 360mm,Corsair 3000D Airflow,mid,8651.48
AMD Ryzen 5 5500,Gigabyte A520M K V2,DDR4 8GB 3200MHz (1x8),Arc B580,Kingston NV2 500GB,Redragon RGPS 500W Bronze,Cooler box (stock),Gamemax Infinit M909,entry,3860.72
AMD Ryzen 5 7600,ASUS Prime A620M-K,DDR5 32GB 5600MHz (2x16),RX 7800 XT,Crucial P3 500GB,Corsair RM750x Gold,Cooler box (stock),Gamemax Infinit M909,budget,9855.18
AMD Ryzen 7 5800X3D,ASUS TUF B550M-Plus,DDR4 32GB 3600MHz RGB,RTX 5070,WD Blue SN580 1TB,Corsair RM750x Gold,Thermalright Peerless Assassin,Lian Li O11 Dynamic EVO,mid,11372.84
AMD Ryzen 7 5800X3D,MSI B550M-A Pro,DDR4 32GB 3600MHz RGB,RX 7600,Samsung 990 Pro 1TB,Corsair RM750x Gold,Thermalright Peerless Assassin,Corsair 3000D Airflow,mid,8195.83
AMD Ryzen 5 5600,Gigabyte A520M K V2,DDR4 16GB 3200MHz (2x8),RX 7600,Kingston NV2 500GB,Corsair CX650 Bronze,Cooler box (stock),Gamemax Infinit M909,entry,3826.48
AMD Ryzen 7 7700X,MSI MAG B650 Tomahawk,DDR5 32GB 5600MHz (2x16),RTX 5070,Samsung 990 Pro 1TB,Corsair RM750x Gold,Thermalright Peerless Assassin,NZXT H5 Flow,mid,12077.79
AMD Ryzen 7 9800X3D,MSI MAG X870E Tomahawk,DDR5 64GB 5600MHz (2x32),RTX 5090,WD Black SN850X 2TB,Corsair RM1000x Gold,DeepCool LE720 360mm,Lian Li O11 Dynamic EVO,enthusiast,34918.84
AMD Ryzen 5 5500,MSI B550M-A Pro,DDR4 8GB 3200MHz (1x8),RTX 5060 Ti 16GB,WD Blue SN580 1TB,Redragon RGPS 500W Bronze,Thermalright Peerless Assassin,Corsair 3000D Airflow,budget,5888.14
AMD Ryzen 5 5500,Gigabyte A520M K V2,DDR4 16GB 3200MHz (2x8),RX 6600,Kingston NV2 500GB,Redragon RGPS 500W Bronze,DeepCool AK400,Corsair 3000D Airflow,entry,3609.4
Intel i7-14700KF,ASUS TUF B760M-Plus DDR5,DDR5 16GB 5600MHz (2x8),RX 7800 XT,Crucial P3 500GB,Corsair CX650 Bronze,DeepCool LE720 360mm,Lian Li O11 Dynamic EVO,mid,9262.2
AMD Ryzen 5 5600,Gigabyte A520M K V2,DDR4 8GB 3200MHz (1x8),RTX 4070,Crucial P3 500GB,Corsair RM750x Gold,Thermalright Peerless Assassin,Gamemax Infinit M909,budget,6450.89
Intel i7-14700KF,MSI MAG Z790 Tomahawk DDR5,DDR5 32GB 6000MHz RGB,RX 7800 XT,Samsung 990 Pro 4TB,Corsair RM1000x Gold,DeepCool LE720 360mm,Lian Li O11 Dynamic EVO,high,16355.14
AMD Ryzen 7 5700X,ASUS TUF B550M-Plus,DDR4 8GB 3200MHz (1x8),GTX 1650,Kingston NV2 500GB,Corsair CX650 Bronze,DeepCool AK400,Gamemax Infinit M909,budget,3973.62
AMD Ryzen 7 9800X3D,MSI MAG X870E Tomahawk,DDR5 64GB 5600MHz (2x32),RX 9070 XT,Samsung 990 Pro 4TB,Corsair RM1000x Gold,DeepCool LE720 360mm,Lian Li O11 Dynamic EVO,enthusiast,21513.36
AMD Ryzen 5 5600,Gigabyte A520M K V2,DDR4 32GB 3200MHz (2x16),Arc B580,Crucial P3 500GB,Cooler Master MWE 650 Gold,Thermalright Peerless Assassin,NZXT H5 Flow,budget,6182.4
AMD Ryzen 7 7800X3D,MSI MAG B650 Tomahawk,DDR5 64GB 5600MHz (2x32),RX 7800 XT,WD Black SN850X 2TB,Corsair RM750x Gold,NZXT Kraken 360,NZXT H5 Flow,high,15236.26
AMD Ryzen 5 7600,MSI MAG B650 Tomahawk,DDR5 32GB 5600MHz (2x16),RTX 5060 Ti 16GB,WD Black SN850X 2TB,Cooler Master MWE 650 Gold,Thermalright Peerless Assassin,Lian Li O11 Dynamic EVO,mid,12005.37
AMD Ryzen 5 5600,MSI B550M-A Pro,DDR4 8GB 3200MHz (1x8),RTX 4060,WD Blue SN580 1TB,Cooler Master MWE 650 Gold,Cooler box (stock),Gamemax Infinit M909,budget,4563.64
AMD Ryzen 7 7800X3D,MSI MAG X870E Tomahawk,DDR5 32GB 6000MHz RGB,RTX 5060 Ti 16GB,Samsung 990 Pro 1TB,Corsair RM850x Gold,Thermalright Peerless Assassin,Corsair 7000D Airflow,high,13653.83
AMD Ryzen 7 5800X3D,ASUS TUF B550M-Plus,DDR4 32GB 3200MHz (2x16),RTX 4070,WD Black SN850X 2TB,Corsair RM1000x Gold,DeepCool LE720 360mm,Lian Li O11 Dynamic EVO,high,12445.63
AMD Ryzen 7 5700X,MSI B550M-A Pro,DDR4 32GB 3600MHz RGB,RTX 3060 12GB,Kingston NV2 1TB,Corsair CX650 Bronze,DeepCool LE720 360mm,NZXT H5 Flow,mid,7304.83
Intel i5-14600KF,MSI PRO B760M-A DDR4,DDR4 32GB 3200MHz (2x16),RTX 4070,Kingston NV2 1TB,Corsair RM750x Gold,Thermalright Peerless Assassin,Corsair 3000D Airflow,budget,8589.62
AMD Ryzen 5 7600,MSI PRO B850M-B,DDR5 32GB 5600MHz (2x16),RTX 3060 12GB,WD Blue SN580 1TB,Cooler Master MWE 650 Gold,Cooler box (stock),Gamemax Infinit M909,budget,8033.68
Intel i3-12100F,MSI PRO B760M-A DDR4,DDR4 8GB 3200MHz (1x8),GTX 1650,Kingston NV2 1TB,Corsair CX650 Bronze,DeepCool AK400,Corsair 3000D Airflow,entry,3876.91
AMD Ryzen 7 5700X,MSI B550M-A Pro,DDR4 32GB 3600MHz RGB,RTX 3060 12GB,WD Black SN850X 2TB,Corsair RM850x Gold,DeepCool LE720 360mm,NZXT H5 Flow,mid,8055.74
AMD Ryzen 7 7800X3D,MSI MAG X870E Tomahawk,DDR5 16GB 5600MHz (2x8),RTX 5070,Samsung 990 Pro 1TB,Corsair RM850x Gold,DeepCool AK400,NZXT H5 Flow,mid,11142.56
AMD Ryzen 7 7700X,MSI PRO B850M-B,DDR5 16GB 5600MHz (2x8),RX 7600,Kingston NV2 1TB,Redragon RGPS 500W Bronze,Thermalright Peerless Assassin,NZXT H5 Flow,budget,7086.06
AMD Ryzen 7 5800X3D,ASUS TUF B550M-Plus,DDR4 32GB 3200MHz (2x16),RTX 4070,Samsung 990 Pro 1TB,Corsair RM850x Gold,Thermalright Peerless Assassin,Lian Li O11 Dynamic EVO,high,10259.12
Intel i5-14400F,MSI PRO B760M-A DDR4,DDR4 32GB 3600MHz RGB,RX 9070 XT,Samsung 990 Pro 1TB,Corsair RM850x Gold,Thermalright Peerless Assassin,Lian Li O11 Dynamic EVO,mid,11495.87
Intel i7-14700KF,MSI MAG Z790 Tomahawk DDR5,DDR5 32GB 5600MHz (2x16),Arc B580,Samsung 990 Pro 1TB,Corsair CX650 Bronze,DeepCool AK400,NZXT H5 Flow,mid,10445.79
AMD Ryzen 5 7600,ASUS Prime A620M-K,DDR5 32GB 5600MHz (2x16),RTX 4060,Crucial P3 500GB,Corsair CX650 Bronze,Thermalright Peerless Assassin,Gamemax Infinit M909,budget,7550.72
AMD Ryzen 7 5700X,ASUS TUF B550M-Plus,DDR4 16GB 3200MHz (2x8),RTX 4060,Crucial P3 500GB,Corsair RM750x Gold,DeepCool LE720 360mm,Lian Li O11 Dynamic EVO,mid,6795.8
AMD Ryzen 7 5800X3D,ASUS TUF B550M-Plus,DDR4 32GB 3600MHz RGB,RTX 5080,WD Black SN850X 2TB,Corsair RM850x Gold,Thermalright Peerless Assassin,NZXT H5 Flow,high,18007.28
AMD Ryzen 7 5800X3D,ASUS TUF B550M-Plus,DDR4 32GB 3200MHz (2x16),RTX 5090,WD Blue SN580 1TB,Corsair RM1000x Gold,Thermalright Peerless Assassin,NZXT H5 Flow,high,25748.71
AMD Ryzen 7 7700X,MSI MAG X870E Tomahawk,DDR5 32GB 5600MHz (2x16),RTX 3060 12GB,Kingston NV2 1TB,Cooler Master MWE 650 Gold,DeepCool LE720 360mm,Lian Li O11 Dynamic EVO,mid,11337.75
AMD Ryzen 7 7700X,MSI PRO B850M-B,DDR5 32GB 5600MHz (2x16),RTX 4060,Samsung 990 Pro 1TB,Corsair RM850x Gold,DeepCool LE720 360mm,NZXT H5 Flow,mid,10262.44
AMD Ryzen 7 7700X,MSI MAG B650 Tomahawk,DDR5 32GB 5600MHz (2x16),RTX 5060 Ti 16GB,Samsung 990 Pro 1TB,Cooler Master MWE 650 Gold,DeepCool LE720 360mm,Lian Li O11 Dynamic EVO,mid,12959.05
AMD Ryzen 7 7800X3D,MSI MAG X870E Tomahawk,DDR5 64GB 5600MHz (2x32),RX 9070 XT,WD Black SN850X 2TB,Corsair RM850x Gold,NZXT Kraken 360,Lian Li O11 Dynamic EVO,enthusiast,19236.92
Intel i7-14700KF,ASUS TUF B760M-Plus DDR5,DDR5 64GB 5600MHz (2x32),RTX 5060 Ti 16GB,WD Black SN850X 2TB,Corsair RM750x Gold,NZXT Kraken 360,Corsair 7000D Airflow,high,16868.61
AMD Ryzen 7 5800X3D,ASUS TUF B550M-Plus,DDR4 16GB 3200MHz (2x8),RTX 5070 Ti,WD Black SN850X 2TB,Corsair RM750x Gold,Thermalright Peerless Assassin,NZXT H5 Flow,mid,13310.27
AMD Ryzen 7 7700X,MSI MAG X870E Tomahawk,DDR5 64GB 5600MHz (2x32),RTX 4070,Samsung 990 Pro 1TB,Corsair RM850x Gold,NZXT Kraken 360,Corsair 7000D Airflow,high,17768.22
AMD Ryzen 5 8400F,MSI PRO B850M-B,DDR5 16GB 5600MHz (2x8),RX 7600,Kingston NV2 1TB,Cooler Master MWE 650 Gold,Cooler box (stock),Corsair 3000D Airflow,entry,5711.85
AMD Ryzen 9 9950X,MSI MAG X870E Tomahawk,DDR5 32GB 6000MHz RGB,RTX 4070,WD Black SN850X 2TB,Corsair RM1000x Gold,DeepCool LE720 360mm,Corsair 7000D Airflow,high,18844.67
AMD Ryzen 7 9800X3D,MSI MAG X870E Tomahawk,DDR5 64GB 5600MHz (2x32),RTX 5090,Samsung 990 Pro 4TB,Corsair RM1000x Gold,NZXT Kraken 360,Corsair 7000D Airflow,enthusiast,34588.26
AMD Ryzen 7 7700X,MSI MAG X870E Tomahawk,DDR5 32GB 6000MHz RGB,RX 9070 XT,Samsung 990 Pro 4TB,Corsair RM1000x Gold,Thermalright Peerless Assassin,Lian Li O11 Dynamic EVO,high,16615.84
AMD Ryzen 7 7700X,MSI MAG X870E Tomahawk,DDR5 16GB 5600MHz (2x8),RTX 5070 Ti,Crucial P3 500GB,Cooler Master MWE 650 Gold,DeepCool LE720 360mm,Lian Li O11 Dynamic EVO,mid,13210.88
AMD Ryzen 5 8400F,ASUS Prime A620M-K,DDR5 16GB 5600MHz (2x8),RTX 3060 12GB,Kingston NV2 500GB,Redragon RGPS 500W Bronze,DeepCool AK400,Corsair 3000D Airflow,entry,5377.64
Intel i5-12400F,MSI PRO B760M-A DDR4,DDR4 32GB 3200MHz (2x16),RX 6600,Kingston NV2 500GB,Corsair CX650 Bronze,DeepCool AK400,NZXT H5 Flow,budget,5397.82
AMD Ryzen 7 9800X3D,MSI MAG X870E Tomahawk,DDR5 32GB 6000MHz RGB,RTX 5070,Samsung 990 Pro 1TB,Corsair RM1000x Gold,DeepCool LE720 360mm,Lian Li O11 Dynamic EVO,enthusiast,17342.0
AMD Ryzen 5 8400F,ASUS Prime A620M-K,DDR5 16GB 5600MHz (2x8),RTX 4060,Crucial P3 500GB,Cooler Master MWE 650 Gold,DeepCool AK400,Corsair 3000D Airflow,entry,5952.66
AMD Ryzen 5 7600,MSI PRO B850M-B,DDR5 16GB 5600MHz (2x8),RTX 5070,WD Black SN850X 2TB,Cooler Master MWE 650 Gold,Thermalright Peerless Assassin,Lian Li O11 Dynamic EVO,mid,10097.4
AMD Ryzen 7 7800X3D,MSI MAG X870E Tomahawk,DDR5 32GB 5600MHz (2x16),RTX 5060 Ti 16GB,Crucial P3 500GB,Corsair RM850x Gold,DeepCool LE720 360mm,Corsair 3000D Airflow,mid,14251.35
Intel i7-14700KF,MSI MAG Z790 Tomahawk DDR5,DDR5 32GB 5600MHz (2x16),RTX 5070,WD Black SN850X 2TB,Corsair RM1000x Gold,Thermalright Peerless Assassin,NZXT H5 Flow,high,14569.05
AMD Ryzen 7 5700X,Gigabyte A520M K V2,DDR4 32GB 3200MHz (2x16),Arc B580,Crucial P3 500GB,Corsair CX650 Bronze,DeepCool AK400,Corsair 3000D Airflow,budget,6762.48
Intel i5-12400F,ASUS TUF B760M-Plus DDR5,DDR5 16GB 5600MHz (2x8),GTX 1650,Kingston NV2 500GB,Corsair RM750x Gold,DeepCool AK400,NZXT H5 Flow,budget,5364.28
AMD Ryzen 7 9800X3D,MSI MAG X870E Tomahawk,DDR5 64GB 5600MHz (2x32),RTX 5080,Samsung 990 Pro 4TB,Corsair RM850x Gold,Thermalright Peerless Assassin,Lian Li O11 Dynamic EVO,high,25225.26
AMD Ryzen 5 7600,MSI MAG B650 Tomahawk,DDR5 16GB 5600MHz (2x8),RTX 3060 12GB,Kingston NV2 500GB,Corsair RM750x Gold,DeepCool AK400,Gamemax Infinit M909,budget,5775.86
AMD Ryzen 9 9950X,MSI MAG X870E Tomahawk,DDR5 64GB 5600MHz (2x32),RTX 5080,Samsung 990 Pro 4TB,Corsair RM850x Gold,NZXT Kraken 360,Lian Li O11 Dynamic EVO,enthusiast,25176.98
AMD Ryzen 5 7600,ASUS Prime A620M-K,DDR5 32GB 5600MHz (2x16),RTX 4070,Kingston NV2 500GB,Corsair CX650 Bronze,Thermalright Peerless Assassin,NZXT H5 Flow,budget,9372.54
AMD Ryzen 5 5500,MSI B550M-A Pro,DDR4 8GB 3200MHz (1x8),RTX 3060 12GB,Kingston NV2 500GB,Corsair CX650 Bronze,DeepCool AK400,Corsair 3000D Airflow,budget,4143.89
AMD Ryzen 7 7800X3D,MSI MAG X870E Tomahawk,DDR5 64GB 5600MHz (2x32),RTX 5080,WD Black SN850X 2TB,Corsair RM1000x Gold,DeepCool LE720 360mm,Lian Li O11 Dynamic EVO,enthusiast,21720.42
AMD Ryzen 7 5700X,ASUS TUF B550M-Plus,DDR4 16GB 3200MHz (2x8),RTX 4060,Kingston NV2 500GB,Corsair CX650 Bronze,Thermalright Peerless Assassin,Corsair 3000D Airflow,budget,6267.3
AMD Ryzen 7 7800X3D,MSI MAG X870E Tomahawk,DDR5 64GB 5600MHz (2x32),RTX 5090,WD Blue SN580 1TB,Corsair RM1000x Gold,NZXT Kraken 360,Lian Li O11 Dynamic EVO,high,30197.78
Intel i5-12400F,MSI PRO B760M-A DDR4,DDR4 16GB 3200MHz (2x8),RX 7600,Kingston NV2 1TB,Corsair CX650 Bronze,Cooler box (stock),Corsair 3000D Airflow,entry,4537.86
AMD Ryzen 7 5800X3D,ASUS TUF B550M-Plus,DDR4 32GB 3200MHz (2x16),RTX 4070,Samsung 990 Pro 4TB,Corsair RM850x Gold,DeepCool LE720 360mm,Lian Li O11 Dynamic EVO,high,11486.43
AMD Ryzen 7 7800X3D,MSI MAG X870E Tomahawk,DDR5 32GB 5600MHz (2x16),RTX 5070,WD Blue SN580 1TB,Corsair RM1000x Gold,NZXT Kraken 360,NZXT H5 Flow,high,14378.81
AMD Ryzen 5 8400F,MSI PRO B850M-B,DDR5 32GB 5600MHz (2x16),RX 7800 XT,Crucial P3 500GB,Corsair RM750x Gold,Cooler box (stock),NZXT H5 Flow,budget,8853.52
AMD Ryzen 5 8400F,MSI MAG B650 Tomahawk,DDR5 16GB 5600MHz (2x8),Arc B580,Kingston NV2 500GB,Corsair RM750x Gold,DeepCool AK400,NZXT H5 Flow,budget,6322.98
Intel i5-14400F,ASUS TUF B760M-Plus DDR5,DDR5 32GB 5600MHz (2x16),Arc B580,WD Blue SN580 1TB,Redragon RGPS 500W Bronze,Thermalright Peerless Assassin,Corsair 3000D Airflow,budget,8481.76
AMD Ryzen 7 5700X,MSI B550M-A Pro,DDR4 8GB 3200MHz (1x8),RTX 4070,Crucial P3 500GB,Redragon RGPS 500W Bronze,DeepCool AK400,NZXT H5 Flow,budget,6990.8
AMD Ryzen 5 8400F,ASUS Prime A620M-K,DDR5 16GB 5600MHz (2x8),RTX 4070,WD Blue SN580 1TB,Corsair RM750x Gold,Thermalright Peerless Assassin,Corsair 3000D Airflow,budget,8116.83
AMD Ryzen 5 8400F,MSI MAG B650 Tomahawk,DDR5 16GB 5600MHz (2x8),GTX 1650,Kingston NV2 1TB,Redragon RGPS 500W Bronze,Cooler box (stock),NZXT H5 Flow,budget,5004.61
AMD Ryzen 5 7600,MSI MAG B650 Tomahawk,DDR5 16GB 5600MHz (2x8),RTX 4060,Crucial P3 500GB,Corsair CX650 Bronze,Thermalright Peerless Assassin,Corsair 3000D Airflow,budget,6906.42
AMD Ryzen 5 7600,ASUS Prime A620M-K,DDR5 16GB 5600MHz (2x8),RX 7600,Crucial P3 500GB,Redragon RGPS 500W Bronze,DeepCool AK400,Corsair 3000D Airflow,entry,5940.18
AMD Ryzen 5 7600,MSI PRO B850M-B,DDR5 32GB 5600MHz (2x16),RTX 3060 12GB,WD Blue SN580 1TB,Corsair CX650 Bronze,DeepCool AK400,NZXT H5 Flow,mid,8448.23
AMD Ryzen 5 7600,MSI PRO B850M-B,DDR5 32GB 5600MHz (2x16),RX 7800 XT,Kingston NV2 1TB,Redragon RGPS 500W Bronze,Cooler box (stock),Gamemax Infinit M909,budget,8795.96
Intel i7-14700KF,ASUS TUF B760M-Plus DDR5,DDR5 64GB 5600MHz (2x32),RTX 5070 Ti,WD Black SN850X 2TB,Corsair RM1000x Gold,Thermalright Peerless Assassin,Corsair 7000D Airflow,high,21477.02
Intel i9-14900K,MSI MAG Z790 Tomahawk DDR5,DDR5 64GB 5600MHz (2x32),RTX 5080,Samsung 990 Pro 1TB,Corsair RM1000x Gold,DeepCool LE720 360mm,Corsair 7000D Airflow,high,24903.39
AMD Ryzen 7 5800X3D,ASUS TUF B550M-Plus,DDR4 32GB 3200MHz (2x16),RTX 5060 Ti 16GB,Samsung 990 Pro 1TB,Corsair RM850x Gold,DeepCool AK400,NZXT H5 Flow,mid,10851.09
Intel i7-14700KF,MSI MAG Z790 Tomahawk DDR5,DDR5 32GB 6000MHz RGB,RTX 5060 Ti 16GB,WD Black SN850X 2TB,Corsair RM1000x Gold,Thermalright Peerless Assassin,Corsair 7000D Airflow,high,15804.22
AMD Ryzen 7 9800X3D,MSI MAG X870E Tomahawk,DDR5 64GB 5600MHz (2x32),RTX 5080,WD Black SN850X 2TB,Corsair RM1000x Gold,DeepCool LE720 360mm,Corsair 7000D Airflow,enthusiast,23084.25
Intel i9-14900K,MSI MAG Z790 Tomahawk DDR5,DDR5 64GB 5600MHz (2x32),RTX 5080,Samsung 990 Pro 1TB,Corsair RM850x Gold,Thermalright Peerless Assassin,Lian Li O11 Dynamic EVO,high,23734.76
AMD Ryzen 7 5800X3D,MSI B550M-A Pro,DDR4 16GB 3200MHz (2x8),RX 7600,Samsung 990 Pro 1TB,Corsair CX650 Bronze,DeepCool AK400,Lian Li O11 Dynamic EVO,mid,6884.64
Intel i5-14400F,ASUS TUF B760M-Plus DDR5,DDR5 16GB 5600MHz (2x8),RX 7800 XT,Kingston NV2 1TB,Corsair RM750x Gold,DeepCool AK400,Gamemax Infinit M909,budget,7966.62
Intel i5-12400F,MSI PRO B760M-A DDR4,DDR4 8GB 3200MHz (1x8),RTX 3060 12GB,Crucial P3 500GB,Redragon RGPS 500W Bronze,Thermalright Peerless Assassin,Gamemax Infinit M909,budget,4495.71
AMD Ryzen 5 5600,MSI B550M-A Pro,DDR4 8GB 3200MHz (1x8),RTX 3060 12GB,Kingston NV2 500GB,Corsair RM750x Gold,Cooler box (stock),Corsair 3000D Airflow,budget,4179.38
Intel i5-12400F,MSI PRO H610M-G DDR4,DDR4 16GB 3200MHz (2x8),RTX 3060 12GB,Kingston NV2 1TB,Cooler Master MWE 650 Gold,Thermalright Peerless Assassin,Corsair 3000D Airflow,budget,4949.05
Intel i9-14900K,ASUS TUF B760M-Plus DDR5,DDR5 64GB 5600MHz (2x32),RTX 4070,Samsung 990 Pro 1TB,Corsair RM850x Gold,NZXT Kraken 360,Lian Li O11 Dynamic EVO,high,18064.18
AMD Ryzen 7 5800X3D,MSI B550M-A Pro,DDR4 32GB 3600MHz RGB,RTX 5070,WD Black SN850X 2TB,Corsair RM1000x Gold,DeepCool LE720 360mm,Corsair 7000D Airflow,enthusiast,12405.61
Intel i5-14400F,MSI MAG Z790 Tomahawk DDR5,DDR5 16GB 5600MHz (2x8),RTX 5070 Ti,WD Blue SN580 1TB,Corsair CX650 Bronze,DeepCool LE720 360mm,NZXT H5 Flow,mid,13083.03
Intel i3-12100F,MSI PRO H610M-G DDR4,DDR4 8GB 3200MHz (1x8),GTX 1650,WD Blue SN580 1TB,Redragon RGPS 500W Bronze,Cooler box (stock),Corsair 3000D Airflow,budget,3227.16
AMD Ryzen 7 7700X,MSI MAG X870E Tomahawk,DDR5 32GB 5600MHz (2x16),RX 7800 XT,Crucial P3 500GB,Cooler Master MWE 650 Gold,DeepCool AK400,Corsair 3000D Airflow,mid,11045.97
AMD Ryzen 7 7700X,ASUS Prime A620M-K,DDR5 16GB 5600MHz (2x8),GTX 1650,Kingston NV2 500GB,Redragon RGPS 500W Bronze,DeepCool AK400,Corsair 3000D Airflow,budget,5348.64
AMD Ryzen 7 7800X3D,MSI MAG X870E Tomahawk,DDR5 64GB 5600MHz (2x32),RTX 5090,WD Black SN850X 2TB,Corsair RM1000x Gold,DeepCool LE720 360mm,Corsair 7000D Airflow,enthusiast,29992.48
AMD Ryzen 7 7800X3D,MSI PRO B850M-B,DDR5 32GB 5600MHz (2x16),RTX 5070 Ti,WD Blue SN580 1TB,Corsair CX650 Bronze,DeepCool AK400,Corsair 3000D Airflow,mid,14936.66
Intel i5-14600KF,ASUS TUF B760M-Plus DDR5,DDR5 32GB 6000MHz RGB,RX 7800 XT,WD Black SN850X 2TB,Corsair RM850x Gold,Thermalright Peerless Assassin,Lian Li O11 Dynamic EVO,high,12670.54
Intel i5-12400F,MSI PRO H610M-G DDR4,DDR4 8GB 3200MHz (1x8),RTX 5060 Ti 16GB,WD Blue SN580 1TB,Cooler Master MWE 650 Gold,DeepCool AK400,Corsair 3000D Airflow,budget,6812.3
AMD Ryzen 7 7700X,MSI MAG B650 Tomahawk,DDR5 32GB 5600MHz (2x16),Arc B580,Kingston NV2 1TB,Corsair CX650 Bronze,Thermalright Peerless Assassin,Lian Li O11 Dynamic EVO,mid,9245.38
Intel i5-14600KF,ASUS TUF B760M-Plus DDR5,DDR5 32GB 5600MHz (2x16),RTX 4070,WD Black SN850X 2TB,Corsair RM1000x Gold,DeepCool LE720 360mm,Lian Li O11 Dynamic EVO,high,13184.22
AMD Ryzen 9 9950X,MSI MAG X870E Tomahawk,DDR5 64GB 5600MHz (2x32),RTX 5070 Ti,WD Black SN850X 2TB,Corsair RM1000x Gold,NZXT Kraken 360,Corsair 7000D Airflow,enthusiast,22603.19
AMD Ryzen 7 7700X,MSI PRO B850M-B,DDR5 32GB 5600MHz (2x16),RTX 3060 12GB,WD Blue SN580 1TB,Corsair CX650 Bronze,Thermalright Peerless Assassin,Corsair 3000D Airflow,budget,8610.76
AMD Ryzen 5 8400F,MSI MAG B650 Tomahawk,DDR5 16GB 5600MHz (2x8),RX 7600,Kingston NV2 1TB,Cooler Master MWE 650 Gold,DeepCool AK400,Gamemax Infinit M909,budget,6075.66
Intel i5-14400F,MSI PRO B760M-A DDR4,DDR4 8GB 3200MHz (1x8),RTX 3060 12GB,Kingston NV2 500GB,Cooler Master MWE 650 Gold,DeepCool AK400,Gamemax Infinit M909,entry,4517.65
AMD Ryzen 5 5600,MSI B550M-A Pro,DDR4 32GB 3200MHz (2x16),Arc B580,Kingston NV2 500GB,Corsair CX650 Bronze,Thermalright Peerless Assassin,Gamemax Infinit M909,budget,5477.94
AMD Ryzen 5 7600,MSI PRO B850M-B,DDR5 16GB 5600MHz (2x8),RX 7600,Crucial P3 500GB,Redragon RGPS 500W Bronze,Cooler box (stock),Gamemax Infinit M909,entry,5049.89
Intel i7-14700KF,ASUS TUF B760M-Plus DDR5,DDR5 32GB 6000MHz RGB,RTX 5060 Ti 16GB,WD Black SN850X 2TB,Cooler Master MWE 650 Gold,DeepCool LE720 360mm,Lian Li O11 Dynamic EVO,mid,14463.47
AMD Ryzen 5 8400F,MSI PRO B850M-B,DDR5 16GB 5600MHz (2x8),RTX 4060,Kingston NV2 500GB,Cooler Master MWE 650 Gold,DeepCool AK400,Corsair 3000D Airflow,entry,5980.75
Intel i5-14400F,MSI PRO B760M-A DDR4,DDR4 16GB 3200MHz (2x8),Arc B580,Kingston NV2 1TB,Cooler Master MWE 650 Gold,Thermalright Peerless Assassin,NZXT H5 Flow,budget,5984.82
AMD Ryzen 5 5500,MSI B550M-A Pro,DDR4 32GB 3200MHz (2x16),RX 6600,Kingston NV2 1TB,Redragon RGPS 500W Bronze,DeepCool AK400,Gamemax Infinit M909,budget,4848.32
AMD Ryzen 7 7700X,MSI MAG X870E Tomahawk,DDR5 32GB 5600MHz (2x16),RTX 4070,WD Black SN850X 2TB,Corsair RM1000x Gold,Thermalright Peerless Assassin,Corsair 7000D Airflow,high,15278.36
Intel i5-14400F,MSI MAG Z790 Tomahawk DDR5,DDR5 16GB 5600MHz (2x8),RTX 5060 Ti 16GB,Crucial P3 500GB,Cooler Master MWE 650 Gold,DeepCool LE720 360mm,Lian Li O11 Dynamic EVO,mid,9597.29
AMD Ryzen 7 5800X3D,MSI B550M-A Pro,DDR4 32GB 3200MHz (2x16),RTX 5060 Ti 16GB,WD Black SN850X 2TB,Corsair RM750x Gold,Thermalright Peerless Assassin,NZXT H5 Flow,mid,10130.09
Intel i5-14400F,ASUS TUF B760M-Plus DDR5,DDR5 16GB 5600MHz (2x8),RX 7600,Crucial P3 500GB,Corsair RM750x Gold,Cooler box (stock),Gamemax Infinit M909,budget,6180.83
Intel i5-14400F,MSI MAG Z790 Tomahawk DDR5,DDR5 16GB 5600MHz (2x8),RX 7600,Crucial P3 500GB,Corsair RM850x Gold,Thermalright Peerless Assassin,NZXT H5 Flow,mid,7716.87
Intel i5-14400F,MSI PRO B760M-A DDR4,DDR4 32GB 3200MHz (2x16),RX 7800 XT,Crucial P3 500GB,Cooler Master MWE 650 Gold,Thermalright Peerless Assassin,NZXT H5 Flow,mid,8090.51
Intel i5-14600KF,MSI PRO B760M-A DDR4,DDR4 32GB 3200MHz (2x16),RTX 3060 12GB,WD Black SN850X 2TB,Corsair CX650 Bronze,DeepCool LE720 360mm,Corsair 3000D Airflow,mid,7518.05
AMD Ryzen 7 5700X,ASUS TUF B550M-Plus,DDR4 8GB 3200MHz (1x8),RX 6600,Kingston NV2 1TB,Redragon RGPS 500W Bronze,Thermalright Peerless Assassin,NZXT H5 Flow,budget,4515.13
AMD Ryzen 5 7600,MSI MAG X870E Tomahawk,DDR5 32GB 5600MHz (2x16),RTX 5070 Ti,Samsung 990 Pro 1TB,Corsair RM750x Gold,DeepCool AK400,Corsair 3000D Airflow,mid,15456.44
AMD Ryzen 7 5800X3D,ASUS TUF B550M-Plus,DDR4 32GB 3600MHz RGB,RTX 5080,Samsung 990 Pro 1TB,Corsair RM850x Gold,DeepCool LE720 360mm,Lian Li O11 Dynamic EVO,enthusiast,16054.95
AMD Ryzen 7 7800X3D,MSI MAG X870E Tomahawk,DDR5 32GB 5600MHz (2x16),RTX 5090,Samsung 990 Pro 1TB,Corsair RM850x Gold,Thermalright Peerless Assassin,Lian Li O11 Dynamic EVO,high,26577.3
AMD Ryzen 7 7700X,MSI PRO B850M-B,DDR5 16GB 5600MHz (2x8),RTX 4070,WD Black SN850X 2TB,Corsair RM750x Gold,DeepCool AK400,Lian Li O11 Dynamic EVO,mid,9534.2
AMD Ryzen 5 7600,MSI PRO B850M-B,DDR5 16GB 5600MHz (2x8),RX 6600,Kingston NV2 1TB,Redragon RGPS 500W Bronze,DeepCool AK400,Gamemax Infinit M909,entry,5154.62
AMD Ryzen 7 7800X3D,MSI MAG B650 Tomahawk,DDR5 32GB 6000MHz RGB,RTX 5070,WD Blue SN580 1TB,Corsair RM850x Gold,Thermalright Peerless Assassin,NZXT H5 Flow,high,12829.92
AMD Ryzen 5 8400F,ASUS Prime A620M-K,DDR5 16GB 5600MHz (2x8),GTX 1650,Crucial P3 500GB,Redragon RGPS 500W Bronze,DeepCool AK400,Gamemax Infinit M909,entry,4527.69
Intel i7-14700KF,MSI MAG Z790 Tomahawk DDR5,DDR5 16GB 5600MHz (2x8),RX 9070 XT,Kingston NV2 1TB,Corsair CX650 Bronze,DeepCool AK400,Corsair 3000D Airflow,mid,10474.66
AMD Ryzen 7 5700X,ASUS TUF B550M-Plus,DDR4 32GB 3200MHz (2x16),RX 7600,Crucial P3 500GB,Corsair RM750x Gold,DeepCool LE720 360mm,Corsair 3000D Airflow,mid,7328.6
AMD Ryzen 5 8400F,ASUS Prime A620M-K,DDR5 32GB 5600MHz (2x16),RTX 4060,Kingston NV2 500GB,Redragon RGPS 500W Bronze,DeepCool AK400,NZXT H5 Flow,budget,7382.38
AMD Ryzen 7 5800X3D,MSI B550M-A Pro,DDR4 16GB 3200MHz (2x8),RTX 5070 Ti,Crucial P3 500GB,Corsair CX650 Bronze,DeepCool LE720 360mm,NZXT H5 Flow,mid,11963.42
AMD Ryzen 7 5700X,ASUS TUF B550M-Plus,DDR4 16GB 3200MHz (2x8),RX 9070 XT,WD Blue SN580 1TB,Corsair RM850x Gold,DeepCool AK400,Corsair 3000D Airflow,mid,8769.32
Intel i5-12400F,MSI PRO B760M-A DDR4,DDR4 8GB 3200MHz (1x8),RX 7600,WD Blue SN580 1TB,Cooler Master MWE 650 Gold,Thermalright Peerless Assassin,Gamemax Infinit M909,budget,4916.71
Intel i9-14900K,MSI MAG Z790 Tomahawk DDR5,DDR5 32GB 6000MHz RGB,RTX 5070 Ti,Samsung 990 Pro 4TB,Corsair RM850x Gold,DeepCool LE720 360mm,NZXT H5 Flow,high,19474.8
AMD Ryzen 5 7600,MSI MAG X870E Tomahawk,DDR5 16GB 5600MHz (2x8),RTX 3060 12GB,Kingston NV2 1TB,Corsair RM750x Gold,DeepCool AK400,Lian Li O11 Dynamic EVO,mid,8070.46
Intel i7-14700KF,MSI MAG Z790 Tomahawk DDR5,DDR5 32GB 6000MHz RGB,RX 9070 XT,Samsung 990 Pro 4TB,Corsair RM1000x Gold,Thermalright Peerless Assassin,Corsair 7000D Airflow,high,16787.62
Intel i5-14600KF,MSI PRO B760M-A DDR4,DDR4 8GB 3200MHz (1x8),RX 7600,Crucial P3 500GB,Corsair CX650 Bronze,DeepCool AK400,Gamemax Infinit M909,budget,5466.88
Intel i5-14600KF,ASUS TUF B760M-Plus DDR5,DDR5 32GB 6000MHz RGB,RTX 5070,Samsung 990 Pro 1TB,Corsair RM850x Gold,NZXT Kraken 360,NZXT H5 Flow,high,12968.84
Intel i9-14900K,MSI MAG Z790 Tomahawk DDR5,DDR5 32GB 6000MHz RGB,RX 9070 XT,WD Black SN850X 2TB,Corsair RM1000x Gold,DeepCool LE720 360mm,Corsair 7000D Airflow,enthusiast,17520.91
AMD Ryzen 5 7600,MSI PRO B850M-B,DDR5 16GB 5600MHz (2x8),RX 6600,Kingston NV2 500GB,Corsair RM750x Gold,DeepCool AK400,Gamemax Infinit M909,budget,5589.29
Intel i9-14900K,MSI MAG Z790 Tomahawk DDR5,DDR5 32GB 6000MHz RGB,RTX 5080,WD Black SN850X 2TB,Corsair RM850x Gold,NZXT Kraken 360,Corsair 7000D Airflow,enthusiast,20261.93
AMD Ryzen 5 8400F,MSI PRO B850M-B,DDR5 16GB 5600MHz (2x8),RTX 3060 12GB,Crucial P3 500GB,Corsair CX650 Bronze,Cooler box (stock),Corsair 3000D Airflow,entry,5022.67
AMD Ryzen 7 5800X3D,MSI B550M-A Pro,DDR4 32GB 3200MHz (2x16),Arc B580,Kingston NV2 1TB,Corsair RM750x Gold,DeepCool AK400,Corsair 3000D Airflow,mid,7901.42
AMD Ryzen 7 7800X3D,MSI MAG X870E Tomahawk,DDR5 64GB 5600MHz (2x32),RTX 5070,WD Black SN850X 2TB,Corsair RM850x Gold,DeepCool LE720 360mm,Corsair 7000D Airflow,enthusiast,17148.44
AMD Ryzen 7 7700X,MSI MAG X870E Tomahawk,DDR5 64GB 5600MHz (2x32),RTX 5070,WD Blue SN580 1TB,Corsair RM750x Gold,Thermalright Peerless Assassin,NZXT H5 Flow,high,16195.62
AMD Ryzen 5 7600,MSI MAG B650 Tomahawk,DDR5 32GB 6000MHz RGB,RTX 5060 Ti 16GB,WD Black SN850X 2TB,Cooler Master MWE 650 Gold,DeepCool AK400,NZXT H5 Flow,mid,11784.54
Intel i3-12100F,MSI PRO H610M-G DDR4,DDR4 32GB 3200MHz (2x16),RX 7800 XT,Kingston NV2 500GB,Corsair RM750x Gold,Thermalright Peerless Assassin,Gamemax Infinit M909,budget,7689.12
Intel i5-14400F,MSI PRO B760M-A DDR4,DDR4 16GB 3200MHz (2x8),RTX 4070,WD Black SN850X 2TB,Corsair RM850x Gold,DeepCool LE720 360mm,NZXT H5 Flow,mid,9231.37
AMD Ryzen 7 7700X,MSI MAG B650 Tomahawk,DDR5 32GB 5600MHz (2x16),RX 7600,WD Blue SN580 1TB,Corsair RM750x Gold,Cooler box (stock),Corsair 3000D Airflow,budget,9681.67
AMD Ryzen 7 9800X3D,MSI MAG X870E Tomahawk,DDR5 64GB 5600MHz (2x32),RTX 5070,Samsung 990 Pro 1TB,Corsair RM850x Gold,NZXT Kraken 360,Lian Li O11 Dynamic EVO,high,18839.41
AMD Ryzen 7 5800X3D,ASUS TUF B550M-Plus,DDR4 32GB 3600MHz RGB,RTX 5060 Ti 16GB,WD Black SN850X 2TB,Corsair RM750x Gold,DeepCool LE720 360mm,Lian Li O11 Dynamic EVO,mid,11636.3
Intel i5-14400F,MSI PRO B760M-A DDR4,DDR4 32GB 3200MHz (2x16),RTX 4060,Crucial P3 500GB,Corsair CX650 Bronze,Thermalright Peerless Assassin,Corsair 3000D Airflow,mid,6864.4
Intel i7-14700KF,MSI MAG Z790 Tomahawk DDR5,DDR5 32GB 6000MHz RGB,RX 7800 XT,WD Black SN850X 2TB,Corsair RM1000x Gold,Thermalright Peerless Assassin,NZXT H5 Flow,high,13564.25
AMD Ryzen 5 8400F,ASUS Prime A620M-K,DDR5 16GB 5600MHz (2x8),GTX 1650,Kingston NV2 1TB,Corsair RM750x Gold,DeepCool AK400,Gamemax Infinit M909,budget,4555.19
AMD Ryzen 7 7700X,MSI PRO B850M-B,DDR5 32GB 5600MHz (2x16),RX 7800 XT,WD Blue SN580 1TB,Corsair RM750x Gold,Thermalright Peerless Assassin,Corsair 3000D Airflow,mid,11163.62
AMD Ryzen 5 5500,MSI B550M-A Pro,DDR4 8GB 3200MHz (1x8),RX 6600,Kingston NV2 500GB,Corsair CX650 Bronze,DeepCool AK400,Corsair 3000D Airflow,entry,3880.34
AMD Ryzen 5 7600,MSI PRO B850M-B,DDR5 32GB 5600MHz (2x16),RTX 3060 12GB,Kingston NV2 1TB,Corsair RM750x Gold,DeepCool AK400,Lian Li O11 Dynamic EVO,mid,8609.97
AMD Ryzen 7 7700X,MSI MAG X870E Tomahawk,DDR5 32GB 6000MHz RGB,Arc B580,Samsung 990 Pro 1TB,Cooler Master MWE 650 Gold,DeepCool LE720 360mm,Corsair 3000D Airflow,mid,12209.72
AMD Ryzen 5 7600,MSI MAG B650 Tomahawk,DDR5 32GB 5600MHz (2x16),RTX 5060 Ti 16GB,WD Black SN850X 2TB,Corsair RM850x Gold,Thermalright Peerless Assassin,Lian Li O11 Dynamic EVO,mid,12633.41
Intel i5-14400F,ASUS TUF B760M-Plus DDR5,DDR5 32GB 5600MHz (2x16),RX 7600,Crucial P3 500GB,Corsair CX650 Bronze,Thermalright Peerless Assassin,NZXT H5 Flow,budget,7832.36
Intel i5-14400F,MSI PRO H610M-G DDR4,DDR4 8GB 3200MHz (1x8),RTX 4070,Crucial P3 500GB,Redragon RGPS 500W Bronze,Cooler box (stock),Corsair 3000D Airflow,budget,6334.63
Intel i5-14600KF,MSI MAG Z790 Tomahawk DDR5,DDR5 32GB 5600MHz (2x16),RTX 5090,WD Black SN850X 2TB,Corsair RM1000x Gold,Thermalright Peerless Assassin,NZXT H5 Flow,high,25614.98
Intel i5-14400F,MSI PRO B760M-A DDR4,DDR4 8GB 3200MHz (1x8),GTX 1650,Kingston NV2 1TB,Cooler Master MWE 650 Gold,Cooler box (stock),Gamemax Infinit M909,entry,3837.42
AMD Ryzen 9 9950X,MSI MAG B650 Tomahawk,DDR5 32GB 5600MHz (2x16),RTX 5070 Ti,WD Blue SN580 1TB,Corsair RM850x Gold,DeepCool LE720 360mm,Corsair 7000D Airflow,high,18872.11
AMD Ryzen 7 5800X3D,MSI B550M-A Pro,DDR4 32GB 3200MHz (2x16),Arc B580,Crucial P3 500GB,Corsair RM750x Gold,Thermalright Peerless Assassin,Corsair 3000D Airflow,mid,8044.98
AMD Ryzen 5 5600,Gigabyte A520M K V2,DDR4 16GB 3200MHz (2x8),RX 6600,Kingston NV2 1TB,Corsair CX650 Bronze,Cooler box (stock),Gamemax Infinit M909,entry,3528.99
AMD Ryzen 5 5500,ASUS TUF B550M-Plus,DDR4 8GB 3200MHz (1x8),RTX 4060,WD Blue SN580 1TB,Cooler Master MWE 650 Gold,DeepCool AK400,NZXT H5 Flow,budget,5325.85
AMD Ryzen 5 5600,ASUS TUF B550M-Plus,DDR4 32GB 3200MHz (2x16),RX 7800 XT,Kingston NV2 500GB,Corsair CX650 Bronze,Thermalright Peerless Assassin,Corsair 3000D Airflow,budget,6896.83
Intel i5-12400F,MSI PRO B760M-A DDR4,DDR4 16GB 3200MHz (2x8),RTX 5060 Ti 16GB,WD Blue SN580 1TB,Corsair CX650 Bronze,DeepCool AK400,Corsair 3000D Airflow,budget,7372.37
Intel i5-14600KF,ASUS TUF B760M-Plus DDR5,DDR5 32GB 6000MHz RGB,RTX 5070,WD Black SN850X 2TB,Corsair RM850x Gold,NZXT Kraken 360,Lian Li O11 Dynamic EVO,high,14966.3
AMD Ryzen 7 5700X,MSI B550M-A Pro,DDR4 8GB 3200MHz (1x8),RX 7600,Kingston NV2 1TB,Redragon RGPS 500W Bronze,Cooler box (stock),Gamemax Infinit M909,entry,4302.01
AMD Ryzen 7 5800X3D,MSI B550M-A Pro,DDR4 32GB 3600MHz RGB,RTX 4070,Crucial P3 500GB,Corsair RM850x Gold,DeepCool AK400,NZXT H5 Flow,mid,11192.36
AMD Ryzen 5 7600,MSI PRO B850M-B,DDR5 32GB 5600MHz (2x16),RX 7800 XT,WD Blue SN580 1TB,Corsair CX650 Bronze,Cooler box (stock),Corsair 3000D Airflow,budget,9751.63
Intel i5-14600KF,MSI PRO B760M-A DDR4,DDR4 32GB 3200MHz (2x16),RX 7800 XT,WD Black SN850X 2TB,Corsair RM750x Gold,DeepCool LE720 360mm,Corsair 3000D Airflow,mid,10149.38
Intel i5-14600KF,MSI PRO B760M-A DDR4,DDR4 32GB 3600MHz RGB,RTX 5070,WD Black SN850X 2TB,Corsair CX650 Bronze,DeepCool AK400,Lian Li O11 Dynamic EVO,mid,10697.45
AMD Ryzen 7 5800X3D,ASUS TUF B550M-Plus,DDR4 32GB 3600MHz RGB,RTX 4070,WD Black SN850X 2TB,Corsair RM1000x Gold,NZXT Kraken 360,NZXT H5 Flow,high,12064.2
Intel i5-14600KF,MSI PRO B760M-A DDR4,DDR4 16GB 3200MHz (2x8),RX 9070 XT,WD Black SN850X 2TB,Corsair CX650 Bronze,DeepCool LE720 360mm,Lian Li O11 Dynamic EVO,mid,9794.42
Intel i9-14900K,MSI MAG Z790 Tomahawk DDR5,DDR5 64GB 5600MHz (2x32),RTX 5070,Samsung 990 Pro 1TB,Corsair RM850x Gold,DeepCool LE720 360mm,Lian Li O11 Dynamic EVO,enthusiast,18188.9
AMD Ryzen 7 5800X3D,ASUS TUF B550M-Plus,DDR4 32GB 3200MHz (2x16),RTX 5070,WD Blue SN580 1TB,Corsair RM850x Gold,Thermalright Peerless Assassin,Lian Li O11 Dynamic EVO,high,11141.59
Intel i7-14700KF,ASUS TUF B760M-Plus DDR5,DDR5 32GB 5600MHz (2x16),RTX 5070 Ti,WD Blue SN580 1TB,Corsair RM1000x Gold,Thermalright Peerless Assassin,Lian Li O11 Dynamic EVO,high,14759.57
AMD Ryzen 5 8400F,MSI PRO B850M-B,DDR5 16GB 5600MHz (2x8),RX 7600,WD Blue SN580 1TB,Corsair RM750x Gold,Cooler box (stock),Corsair 3000D Airflow,budget,5924.23
AMD Ryzen 7 7700X,MSI MAG B650 Tomahawk,DDR5 64GB 5600MHz (2x32),RTX 5080,Samsung 990 Pro 1TB,Corsair RM750x Gold,DeepCool LE720 360mm,Lian Li O11 Dynamic EVO,high,22017.99
AMD Ryzen 7 5800X3D,ASUS TUF B550M-Plus,DDR4 32GB 3600MHz RGB,RTX 5080,Samsung 990 Pro 1TB,Corsair RM850x Gold,NZXT Kraken 360,Corsair 7000D Airflow,high,18194.66
AMD Ryzen 5 7600,MSI PRO B850M-B,DDR5 16GB 5600MHz (2x8),RX 6600,Kingston NV2 1TB,Corsair CX650 Bronze,Cooler box (stock),Gamemax Infinit M909,entry,5380.11
AMD Ryzen 7 7700X,MSI MAG X870E Tomahawk,DDR5 64GB 5600MHz (2x32),RX 7800 XT,WD Black SN850X 2TB,Corsair RM1000x Gold,Thermalright Peerless Assassin,NZXT H5 Flow,high,16142.71
Intel i5-14600KF,ASUS TUF B760M-Plus DDR5,DDR5 32GB 5600MHz (2x16),RX 7800 XT,Samsung 990 Pro 4TB,Corsair RM750x Gold,NZXT Kraken 360,Lian Li O11 Dynamic EVO,high,14078.56
AMD Ryzen 5 5500,Gigabyte A520M K V2,DDR4 32GB 3200MHz (2x16),RTX 4060,Kingston NV2 500GB,Redragon RGPS 500W Bronze,DeepCool AK400,NZXT H5 Flow,budget,6166.88
AMD Ryzen 7 9800X3D,MSI MAG X870E Tomahawk,DDR5 64GB 5600MHz (2x32),RX 9070 XT,Samsung 990 Pro 1TB,Corsair RM1000x Gold,DeepCool LE720 360mm,NZXT H5 Flow,high,17464.35
AMD Ryzen 9 9950X,MSI MAG B650 Tomahawk,DDR5 32GB 6000MHz RGB,RTX 5090,WD Blue SN580 1TB,Corsair RM1000x Gold,NZXT Kraken 360,Corsair 7000D Airflow,high,29523.85
Intel i5-14400F,MSI MAG Z790 Tomahawk DDR5,DDR5 32GB 6000MHz RGB,Arc B580,Samsung 990 Pro 1TB,Corsair RM750x Gold,DeepCool LE720 360mm,NZXT H5 Flow,mid,11511.11
AMD Ryzen 9 9950X,MSI MAG B650 Tomahawk,DDR5 32GB 6000MHz RGB,RTX 5070,Samsung 990 Pro 4TB,Corsair RM850x Gold,DeepCool LE720 360mm,NZXT H5 Flow,high,16620.09
Intel i5-14400F,MSI PRO H610M-G DDR4,DDR4 16GB 3200MHz (2x8),Arc B580,Kingston NV2 500GB,Redragon RGPS 500W Bronze,Thermalright Peerless Assassin,Corsair 3000D Airflow,budget,4908.14
Intel i5-14600KF,ASUS TUF B760M-Plus DDR5,DDR5 64GB 5600MHz (2x32),RTX 5090,WD Blue SN580 1TB,Corsair RM750x Gold,NZXT Kraken 360,Lian Li O11 Dynamic EVO,high,28621.76
AMD Ryzen 7 5700X,MSI B550M-A Pro,DDR4 8GB 3200MHz (1x8),RTX 5060 Ti 16GB,Kingston NV2 1TB,Corsair RM750x Gold,DeepCool AK400,Gamemax Infinit M909,budget,6690.22
AMD Ryzen 7 7700X,MSI MAG X870E Tomahawk,DDR5 32GB 6000MHz RGB,RTX 5060 Ti 16GB,WD Blue SN580 1TB,Corsair RM1000x Gold,Thermalright Peerless Assassin,Lian Li O11 Dynamic EVO,high,14305.7
AMD Ryzen 7 7800X3D,MSI MAG B650 Tomahawk,DDR5 32GB 5600MHz (2x16),RX 7600,WD Blue SN580 1TB,Corsair RM850x Gold,Thermalright Peerless Assassin,Corsair 3000D Airflow,mid,10492.29
Intel i7-14700KF,MSI MAG Z790 Tomahawk DDR5,DDR5 32GB 6000MHz RGB,RX 7800 XT,WD Black SN850X 2TB,Corsair RM750x Gold,NZXT Kraken 360,Lian Li O11 Dynamic EVO,high,14437.38
AMD Ryzen 7 9800X3D,MSI MAG X870E Tomahawk,DDR5 32GB 6000MHz RGB,RX 9070 XT,Samsung 990 Pro 4TB,Corsair RM1000x Gold,DeepCool LE720 360mm,Lian Li O11 Dynamic EVO,enthusiast,16692.0
AMD Ryzen 7 7800X3D,MSI MAG B650 Tomahawk,DDR5 32GB 5600MHz (2x16),RTX 5070 Ti,Samsung 990 Pro 1TB,Corsair RM1000x Gold,NZXT Kraken 360,Corsair 7000D Airflow,high,15921.48
AMD Ryzen 5 7600,MSI PRO B850M-B,DDR5 16GB 5600MHz (2x8),RX 7600,Kingston NV2 500GB,Redragon RGPS 500W Bronze,DeepCool AK400,Gamemax Infinit M909,entry,5732.33
AMD Ryzen 5 8400F,MSI PRO B850M-B,DDR5 16GB 5600MHz (2x8),RX 7600,Kingston NV2 1TB,Redragon RGPS 500W Bronze,DeepCool AK400,Gamemax Infinit M909,budget,5215.75
Intel i5-14400F,MSI PRO H610M-G DDR4,DDR4 16GB 3200MHz (2x8),RTX 4060,Kingston NV2 1TB,Cooler Master MWE 650 Gold,Cooler box (stock),Gamemax Infinit M909,entry,5265.12
Intel i5-14600KF,MSI MAG Z790 Tomahawk DDR5,DDR5 32GB 5600MHz (2x16),Arc B580,Kingston NV2 1TB,Cooler Master MWE 650 Gold,Thermalright Peerless Assassin,Corsair 3000D Airflow,mid,9089.35
AMD Ryzen 5 5600,ASUS TUF B550M-Plus,DDR4 32GB 3200MHz (2x16),RTX 4070,Kingston NV2 1TB,Redragon RGPS 500W Bronze,Thermalright Peerless Assassin,Corsair 3000D Airflow,budget,7612.68
AMD Ryzen 5 7600,MSI MAG B650 Tomahawk,DDR5 32GB 6000MHz RGB,RTX 3060 12GB,Crucial P3 500GB,Corsair RM850x Gold,Thermalright Peerless Assassin,Lian Li O11 Dynamic EVO,mid,10020.05
AMD Ryzen 7 7800X3D,MSI MAG X870E Tomahawk,DDR5 32GB 5600MHz (2x16),RTX 4070,WD Black SN850X 2TB,Corsair RM750x Gold,NZXT Kraken 360,Lian Li O11 Dynamic EVO,high,13560.16
Intel i5-14600KF,ASUS TUF B760M-Plus DDR5,DDR5 32GB 6000MHz RGB,RTX 5070,Samsung 990 Pro 1TB,Corsair RM750x Gold,Thermalright Peerless Assassin,Corsair 7000D Airflow,high,12440.43
AMD Ryzen 7 7700X,ASUS Prime A620M-K,DDR5 16GB 5600MHz (2x8),RTX 4060,WD Blue SN580 1TB,Corsair RM750x Gold,Thermalright Peerless Assassin,Gamemax Infinit M909,budget,7645.97
AMD Ryzen 5 5500,MSI B550M-A Pro,DDR4 8GB 3200MHz (1x8),GTX 1650,WD Blue SN580 1TB,Corsair CX650 Bronze,Cooler box (stock),Corsair 3000D Airflow,budget,3338.29
Intel i3-12100F,ASUS TUF B760M-Plus DDR5,DDR5 16GB 5600MHz (2x8),RTX 4070,Crucial P3 500GB,Corsair CX650 Bronze,Thermalright Peerless Assassin,Corsair 3000D Airflow,budget,8403.12
AMD Ryzen 5 8400F,MSI MAG B650 Tomahawk,DDR5 32GB 5600MHz (2x16),RTX 3060 12GB,Crucial P3 500GB,Corsair RM750x Gold,Cooler box (stock),Gamemax Infinit M909,budget,7337.85
Intel i7-14700KF,ASUS TUF B760M-Plus DDR5,DDR5 32GB 6000MHz RGB,RX 9070 XT,Kingston NV2 1TB,Corsair RM850x Gold,DeepCool LE720 360mm,Corsair 3000D Airflow,mid,13420.47
Intel i7-14700KF,ASUS TUF B760M-Plus DDR5,DDR5 16GB 5600MHz (2x8),RX 7800 XT,Kingston NV2 1TB,Corsair RM850x Gold,DeepCool AK400,Lian Li O11 Dynamic EVO,mid,9433.23
Intel i5-14600KF,ASUS TUF B760M-Plus DDR5,DDR5 32GB 6000MHz RGB,RX 7800 XT,Crucial P3 500GB,Corsair CX650 Bronze,Thermalright Peerless Assassin,NZXT H5 Flow,mid,10726.21
AMD Ryzen 5 8400F,MSI MAG B650 Tomahawk,DDR5 16GB 5600MHz (2x8),RTX 3060 12GB,WD Blue SN580 1TB,Cooler Master MWE 650 Gold,Thermalright Peerless Assassin,Corsair 3000D Airflow,budget,6590.31
AMD Ryzen 7 7700X,ASUS Prime A620M-K,DDR5 16GB 5600MHz (2x8),RTX 3060 12GB,Kingston NV2 1TB,Corsair CX650 Bronze,Thermalright Peerless Assassin,Gamemax Infinit M909,budget,6502.77
Intel i5-12400F,MSI PRO H610M-G DDR4,DDR4 16GB 3200MHz (2x8),RX 7600,WD Blue SN580 1TB,Corsair RM750x Gold,Thermalright Peerless Assassin,NZXT H5 Flow,budget,5529.0
AMD Ryzen 7 5700X,ASUS TUF B550M-Plus,DDR4 32GB 3600MHz RGB,RTX 4070,WD Black SN850X 2TB,Corsair CX650 Bronze,DeepCool LE720 360mm,NZXT H5 Flow,mid,10649.98
Intel i3-12100F,MSI PRO B760M-A DDR4,DDR4 32GB 3200MHz (2x16),Arc B580,Kingston NV2 1TB,Cooler Master MWE 650 Gold,Cooler box (stock),Gamemax Infinit M909,budget,6056.91
Intel i5-14600KF,ASUS TUF B760M-Plus DDR5,DDR5 32GB 5600MHz (2x16),RTX 4070,Samsung 990 Pro 4TB,Corsair RM750x Gold,Thermalright Peerless Assassin,NZXT H5 Flow,high,13662.64
AMD Ryzen 7 5800X3D,MSI B550M-A Pro,DDR4 32GB 3200MHz (2x16),Arc B580,Samsung 990 Pro 1TB,Corsair RM850x Gold,DeepCool AK400,Corsair 3000D Airflow,mid,8766.55
AMD Ryzen 7 5700X,Gigabyte A520M K V2,DDR4 16GB 3200MHz (2x8),RX 7800 XT,Kingston NV2 500GB,Redragon RGPS 500W Bronze,DeepCool AK400,NZXT H5 Flow,budget,6300.88
Intel i7-14700KF,MSI MAG Z790 Tomahawk DDR5,DDR5 32GB 6000MHz RGB,RTX 5070 Ti,Samsung 990 Pro 1TB,Corsair RM750x Gold,DeepCool LE720 360mm,Corsair 7000D Airflow,high,18763.49
AMD Ryzen 5 5500,Gigabyte A520M K V2,DDR4 32GB 3200MHz (2x16),RTX 5060 Ti 16GB,Kingston NV2 500GB,Redragon RGPS 500W Bronze,DeepCool AK400,Corsair 3000D Airflow,budget,7416.77
Intel i3-12100F,MSI PRO B760M-A DDR4,DDR4 16GB 3200MHz (2x8),RX 7600,Crucial P3 500GB,Redragon RGPS 500W Bronze,Cooler box (stock),Corsair 3000D Airflow,entry,4143.66
AMD Ryzen 7 7700X,MSI MAG X870E Tomahawk,DDR5 32GB 6000MHz RGB,RX 7600,Kingston NV2 1TB,Corsair RM850x Gold,DeepCool LE720 360mm,Corsair 3000D Airflow,mid,11500.15
Intel i3-12100F,MSI PRO B760M-A DDR4,DDR4 16GB 3200MHz (2x8),Arc B580,Kingston NV2 1TB,Cooler Master MWE 650 Gold,DeepCool AK400,Corsair 3000D Airflow,entry,5466.42
AMD Ryzen 7 5800X3D,ASUS TUF B550M-Plus,DDR4 32GB 3600MHz RGB,RTX 5070,Samsung 990 Pro 4TB,Corsair RM750x Gold,DeepCool LE720 360mm,NZXT H5 Flow,high,12241.93
Intel i7-14700KF,MSI MAG Z790 Tomahawk DDR5,DDR5 32GB 6000MHz RGB,RTX 3060 12GB,Kingston NV2 1TB,Cooler Master MWE 650 Gold,DeepCool AK400,Corsair 3000D Airflow,mid,10202.13
Intel i5-14600KF,ASUS TUF B760M-Plus DDR5,DDR5 16GB 5600MHz (2x8),GTX 1650,Crucial P3 500GB,Corsair CX650 Bronze,DeepCool AK400,Corsair 3000D Airflow,budget,6208.44
Intel i9-14900K,ASUS TUF B760M-Plus DDR5,DDR5 64GB 5600MHz (2x32),RTX 5070 Ti,Samsung 990 Pro 1TB,Corsair RM1000x Gold,NZXT Kraken 360,Corsair 7000D Airflow,high,19768.33
AMD Ryzen 7 7800X3D,MSI MAG X870E Tomahawk,DDR5 32GB 6000MHz RGB,RTX 5090,WD Black SN850X 2TB,Corsair RM850x Gold,DeepCool LE720 360mm,Corsair 7000D Airflow,enthusiast,29418.93
AMD Ryzen 7 7700X,ASUS Prime A620M-K,DDR5 32GB 5600MHz (2x16),RX 6600,Crucial P3 500GB,Cooler Master MWE 650 Gold,DeepCool AK400,Corsair 3000D Airflow,budget,7735.05
Intel i3-12100F,ASUS TUF B760M-Plus DDR5,DDR5 32GB 5600MHz (2x16),RTX 4060,WD Blue SN580 1TB,Corsair RM750x Gold,DeepCool AK400,Gamemax Infinit M909,budget,8626.29
Intel i7-14700KF,ASUS TUF B760M-Plus DDR5,DDR5 32GB 6000MHz RGB,RTX 5060 Ti 16GB,WD Blue SN580 1TB,Corsair RM750x Gold,DeepCool LE720 360mm,NZXT H5 Flow,high,12506.44
AMD Ryzen 7 7700X,ASUS Prime A620M-K,DDR5 32GB 5600MHz (2x16),RTX 4060,WD Blue SN580 1TB,Redragon RGPS 500W Bronze,Thermalright Peerless Assassin,Corsair 3000D Airflow,budget,9098.08
Intel i5-14600KF,MSI PRO H610M-G DDR4,DDR4 16GB 3200MHz (2x8),RX 6600,Kingston NV2 500GB,Redragon RGPS 500W Bronze,Cooler box (stock),Corsair 3000D Airflow,budget,4019.85
AMD Ryzen 7 7700X,MSI MAG B650 Tomahawk,DDR5 32GB 5600MHz (2x16),RTX 4070,Kingston NV2 500GB,Redragon RGPS 500W Bronze,Thermalright Peerless Assassin,Gamemax Infinit M909,budget,10439.02
AMD Ryzen 9 9950X,MSI MAG X870E Tomahawk,DDR5 32GB 6000MHz RGB,RTX 5060 Ti 16GB,WD Black SN850X 2TB,Corsair RM750x Gold,DeepCool LE720 360mm,Lian Li O11 Dynamic EVO,high,17554.37
AMD Ryzen 7 5800X3D,Gigabyte A520M K V2,DDR4 32GB 3600MHz RGB,RTX 5090,WD Black SN850X 2TB,Corsair RM850x Gold,DeepCool LE720 360mm,Lian Li O11 Dynamic EVO,enthusiast,27769.69
Intel i5-14400F,MSI PRO B760M-A DDR4,DDR4 16GB 3200MHz (2x8),RX 7800 XT,WD Blue SN580 1TB,Corsair CX650 Bronze,Thermalright Peerless Assassin,NZXT H5 Flow,mid,6871.86
Intel i7-14700KF,MSI MAG Z790 Tomahawk DDR5,DDR5 64GB 5600MHz (2x32),RX 9070 XT,Samsung 990 Pro 4TB,Corsair RM850x Gold,DeepCool LE720 360mm,Lian Li O11 Dynamic EVO,enthusiast,17632.42
AMD Ryzen 5 5500,MSI B550M-A Pro,DDR4 32GB 3200MHz (2x16),RX 6600,Kingston NV2 500GB,Redragon RGPS 500W Bronze,DeepCool AK400,Gamemax Infinit M909,budget,4166.93
Intel i7-14700KF,MSI MAG Z790 Tomahawk DDR5,DDR5 64GB 5600MHz (2x32),RTX 5090,Samsung 990 Pro 1TB,Corsair RM850x Gold,NZXT Kraken 360,Lian Li O11 Dynamic EVO,enthusiast,33799.32
Intel i5-12400F,MSI PRO H610M-G DDR4,DDR4 8GB 3200MHz (1x8),RTX 3060 12GB,Crucial P3 500GB,Corsair CX650 Bronze,Thermalright Peerless Assassin,NZXT H5 Flow,budget,4479.57
Intel i5-12400F,MSI PRO B760M-A DDR4,DDR4 32GB 3200MHz (2x16),RTX 5060 Ti 16GB,WD Blue SN580 1TB,Corsair CX650 Bronze,DeepCool AK400,Corsair 3000D Airflow,budget,7885.06
Intel i5-14400F,MSI PRO B760M-A DDR4,DDR4 32GB 3200MHz (2x16),RX 9070 XT,Samsung 990 Pro 1TB,Cooler Master MWE 650 Gold,DeepCool LE720 360mm,Lian Li O11 Dynamic EVO,mid,10237.04
AMD Ryzen 7 7700X,MSI PRO B850M-B,DDR5 16GB 5600MHz (2x8),RX 9070 XT,Kingston NV2 1TB,Corsair RM850x Gold,DeepCool AK400,NZXT H5 Flow,mid,9884.35
AMD Ryzen 5 7600,MSI PRO B850M-B,DDR5 32GB 5600MHz (2x16),Arc B580,Kingston NV2 500GB,Corsair CX650 Bronze,DeepCool AK400,Corsair 3000D Airflow,budget,8358.56
Intel i5-14600KF,ASUS TUF B760M-Plus DDR5,DDR5 16GB 5600MHz (2x8),RX 7600,Kingston NV2 1TB,Redragon RGPS 500W Bronze,DeepCool AK400,Corsair 3000D Airflow,budget,6603.31
AMD Ryzen 7 5800X3D,ASUS TUF B550M-Plus,DDR4 16GB 3200MHz (2x8),RTX 5070 Ti,Samsung 990 Pro 1TB,Corsair RM850x Gold,DeepCool AK400,Lian Li O11 Dynamic EVO,mid,13631.85
AMD Ryzen 5 8400F,ASUS Prime A620M-K,DDR5 32GB 5600MHz (2x16),RX 7800 XT,Crucial P3 500GB,Redragon RGPS 500W Bronze,Cooler box (stock),Corsair 3000D Airflow,budget,8418.45
Intel i5-14600KF,ASUS TUF B760M-Plus DDR5,DDR5 32GB 5600MHz (2x16),RX 7600,Kingston NV2 1TB,Corsair RM750x Gold,Thermalright Peerless Assassin,Gamemax Infinit M909,budget,8308.97
AMD Ryzen 7 5700X,ASUS TUF B550M-Plus,DDR4 16GB 3200MHz (2x8),RTX 3060 12GB,Kingston NV2 1TB,Cooler Master MWE 650 Gold,DeepCool LE720 360mm,NZXT H5 Flow,mid,5437.83
AMD Ryzen 7 5700X,MSI B550M-A Pro,DDR4 8GB 3200MHz (1x8),RX 7600,Crucial P3 500GB,Corsair CX650 Bronze,DeepCool AK400,Corsair 3000D Airflow,entry,4737.36
AMD Ryzen 7 5700X,MSI B550M-A Pro,DDR4 32GB 3200MHz (2x16),RX 7600,WD Blue SN580 1TB,Corsair RM850x Gold,DeepCool LE720 360mm,Corsair 3000D Airflow,mid,7170.28
AMD Ryzen 9 9950X,MSI MAG X870E Tomahawk,DDR5 32GB 6000MHz RGB,RTX 5070,Samsung 990 Pro 4TB,Corsair RM1000x Gold,DeepCool LE720 360mm,Corsair 7000D Airflow,enthusiast,18904.35
Intel i7-14700KF,MSI MAG Z790 Tomahawk DDR5,DDR5 64GB 5600MHz (2x32),RTX 5070,WD Black SN850X 2TB,Corsair RM1000x Gold,DeepCool LE720 360mm,Corsair 7000D Airflow,enthusiast,18213.72
Intel i3-12100F,MSI PRO B760M-A DDR4,DDR4 32GB 3200MHz (2x16),GTX 1650,Kingston NV2 1TB,Corsair CX650 Bronze,DeepCool AK400,Corsair 3000D Airflow,budget,4838.29
AMD Ryzen 5 5500,MSI B550M-A Pro,DDR4 8GB 3200MHz (1x8),RTX 3060 12GB,Crucial P3 500GB,Corsair CX650 Bronze,Cooler box (stock),Corsair 3000D Airflow,entry,4006.25
AMD Ryzen 7 5700X,MSI B550M-A Pro,DDR4 32GB 3200MHz (2x16),RTX 4070,WD Blue SN580 1TB,Redragon RGPS 500W Bronze,DeepCool AK400,Corsair 3000D Airflow,budget,8597.07
Intel i5-14600KF,ASUS TUF B760M-Plus DDR5,DDR5 32GB 5600MHz (2x16),RX 7600,Kingston NV2 500GB,Redragon RGPS 500W Bronze,Thermalright Peerless Assassin,Corsair 3000D Airflow,budget,7815.2
AMD Ryzen 5 7600,MSI MAG B650 Tomahawk,DDR5 32GB 5600MHz (2x16),Arc B580,Crucial P3 500GB,Redragon RGPS 500W Bronze,Cooler box (stock),NZXT H5 Flow,budget,8401.96
AMD Ryzen 7 7700X,MSI MAG X870E Tomahawk,DDR5 64GB 5600MHz (2x32),RX 9070 XT,Samsung 990 Pro 1TB,Corsair RM750x Gold,Thermalright Peerless Assassin,Lian Li O11 Dynamic EVO,high,17156.8
AMD Ryzen 7 5800X3D,ASUS TUF B550M-Plus,DDR4 32GB 3600MHz RGB,RTX 5070 Ti,WD Blue SN580 1TB,Corsair RM850x Gold,NZXT Kraken 360,Lian Li O11 Dynamic EVO,high,15043.96
AMD Ryzen 7 5800X3D,ASUS TUF B550M-Plus,DDR4 16GB 3200MHz (2x8),RTX 4070,WD Black SN850X 2TB,Corsair RM750x Gold,Thermalright Peerless Assassin,Lian Li O11 Dynamic EVO,mid,9776.11
AMD Ryzen 5 5600,Gigabyte A520M K V2,DDR4 16GB 3200MHz (2x8),RX 7600,Kingston NV2 1TB,Corsair CX650 Bronze,DeepCool AK400,Corsair 3000D Airflow,entry,4783.77
AMD Ryzen 5 7600,MSI PRO B850M-B,DDR5 16GB 5600MHz (2x8),RX 7800 XT,WD Blue SN580 1TB,Corsair CX650 Bronze,Cooler box (stock),Corsair 3000D Airflow,budget,7219.06
Intel i5-14600KF,MSI MAG Z790 Tomahawk DDR5,DDR5 32GB 6000MHz RGB,RTX 5070 Ti,Crucial P3 500GB,Corsair RM750x Gold,DeepCool AK400,Corsair 3000D Airflow,mid,15477.63
AMD Ryzen 7 7700X,MSI MAG B650 Tomahawk,DDR5 64GB 5600MHz (2x32),RTX 5080,Samsung 990 Pro 4TB,Corsair RM750x Gold,DeepCool LE720 360mm,NZXT H5 Flow,high,20152.28
AMD Ryzen 5 5500,ASUS TUF B550M-Plus,DDR4 16GB 3200MHz (2x8),RX 7600,Kingston NV2 1TB,Corsair CX650 Bronze,Thermalright Peerless Assassin,Corsair 3000D Airflow,budget,4864.75
AMD Ryzen 7 7700X,ASUS Prime A620M-K,DDR5 16GB 5600MHz (2x8),RTX 4060,Crucial P3 500GB,Redragon RGPS 500W Bronze,Thermalright Peerless Assassin,NZXT H5 Flow,budget,6589.71
AMD Ryzen 7 5800X3D,ASUS TUF B550M-Plus,DDR4 32GB 3600MHz RGB,RTX 4070,WD Blue SN580 1TB,Corsair RM1000x Gold,Thermalright Peerless Assassin,NZXT H5 Flow,high,10994.61
Intel i7-14700KF,ASUS TUF B760M-Plus DDR5,DDR5 16GB 5600MHz (2x8),RTX 5060 Ti 16GB,Kingston NV2 1TB,Corsair RM850x Gold,Thermalright Peerless Assassin,Corsair 3000D Airflow,mid,9800.98
Intel i9-14900K,MSI MAG Z790 Tomahawk DDR5,DDR5 32GB 6000MHz RGB,RTX 5090,WD Blue SN580 1TB,Corsair RM850x Gold,Thermalright Peerless Assassin,Lian Li O11 Dynamic EVO,high,28404.38
AMD Ryzen 7 5800X3D,MSI B550M-A Pro,DDR4 32GB 3200MHz (2x16),RTX 5060 Ti 16GB,Kingston NV2 1TB,Corsair RM750x Gold,DeepCool LE720 360mm,Corsair 3000D Airflow,mid,9844.33
AMD Ryzen 7 7800X3D,MSI MAG X870E Tomahawk,DDR5 16GB 5600MHz (2x8),RTX 5060 Ti 16GB,Samsung 990 Pro 1TB,Cooler Master MWE 650 Gold,Thermalright Peerless Assassin,Lian Li O11 Dynamic EVO,mid,10891.38
AMD Ryzen 5 7600,MSI MAG X870E Tomahawk,DDR5 32GB 5600MHz (2x16),RTX 4060,Kingston NV2 1TB,Corsair RM750x Gold,DeepCool LE720 360mm,Corsair 3000D Airflow,mid,9974.45
Intel i7-14700KF,MSI MAG Z790 Tomahawk DDR5,DDR5 32GB 6000MHz RGB,RTX 5070 Ti,Samsung 990 Pro 4TB,Corsair RM750x Gold,Thermalright Peerless Assassin,Corsair 7000D Airflow,high,18228.57
AMD Ryzen 7 5700X,ASUS TUF B550M-Plus,DDR4 32GB 3200MHz (2x16),RX 6600,Crucial P3 500GB,Redragon RGPS 500W Bronze,Cooler box (stock),NZXT H5 Flow,budget,5797.52
AMD Ryzen 9 9950X,MSI MAG X870E Tomahawk,DDR5 32GB 6000MHz RGB,RTX 5070 Ti,Samsung 990 Pro 1TB,Corsair RM1000x Gold,Thermalright Peerless Assassin,Corsair 7000D Airflow,high,20743.85
Intel i7-14700KF,ASUS TUF B760M-Plus DDR5,DDR5 32GB 6000MHz RGB,RTX 5060 Ti 16GB,Crucial P3 500GB,Corsair CX650 Bronze,DeepCool LE720 360mm,NZXT H5 Flow,mid,11499.76
AMD Ryzen 7 5800X3D,MSI B550M-A Pro,DDR4 32GB 3200MHz (2x16),RTX 5070 Ti,WD Black SN850X 2TB,Corsair RM850x Gold,DeepCool AK400,Corsair 3000D Airflow,mid,14131.05
Intel i7-14700KF,MSI MAG Z790 Tomahawk DDR5,DDR5 64GB 5600MHz (2x32),RX 7800 XT,Samsung 990 Pro 1TB,Corsair RM1000x Gold,DeepCool LE720 360mm,Lian Li O11 Dynamic EVO,high,15879.09
AMD Ryzen 7 5800X3D,MSI B550M-A Pro,DDR4 32GB 3600MHz RGB,RTX 5070 Ti,Samsung 990 Pro 1TB,Corsair RM850x Gold,NZXT Kraken 360,Lian Li O11 Dynamic EVO,enthusiast,15233.25
AMD Ryzen 7 7800X3D,MSI MAG B650 Tomahawk,DDR5 32GB 6000MHz RGB,RTX 5080,Samsung 990 Pro 4TB,Corsair RM850x Gold,DeepCool LE720 360mm,Corsair 7000D Airflow,high,19655.14
Intel i5-14400F,MSI PRO B760M-A DDR4,DDR4 32GB 3600MHz RGB,RTX 4060,WD Black SN850X 2TB,Corsair RM750x Gold,DeepCool LE720 360mm,NZXT H5 Flow,mid,8200.9
AMD Ryzen 7 9800X3D,MSI MAG B650 Tomahawk,DDR5 32GB 5600MHz (2x16),RX 9070 XT,WD Black SN850X 2TB,Corsair RM1000x Gold,NZXT Kraken 360,Lian Li O11 Dynamic EVO,high,16612.5
AMD Ryzen 7 7700X,MSI MAG X870E Tomahawk,DDR5 32GB 6000MHz RGB,RTX 4070,Samsung 990 Pro 1TB,Corsair RM750x Gold,Thermalright Peerless Assassin,Corsair 3000D Airflow,mid,13658.79
Intel i5-14400F,ASUS TUF B760M-Plus DDR5,DDR5 32GB 5600MHz (2x16),RTX 3060 12GB,WD Blue SN580 1TB,Redragon RGPS 500W Bronze,DeepCool AK400,NZXT H5 Flow,budget,7672.94
Intel i5-14400F,MSI MAG Z790 Tomahawk DDR5,DDR5 16GB 5600MHz (2x8),RX 7600,Samsung 990 Pro 1TB,Corsair CX650 Bronze,DeepCool AK400,NZXT H5 Flow,mid,7060.1
AMD Ryzen 5 8400F,ASUS Prime A620M-K,DDR5 16GB 5600MHz (2x8),RX 7600,Kingston NV2 500GB,Corsair CX650 Bronze,DeepCool AK400,Gamemax Infinit M909,budget,5458.87
Intel i5-14600KF,MSI PRO B760M-A DDR4,DDR4 16GB 3200MHz (2x8),RTX 4060,Samsung 990 Pro 1TB,Corsair RM850x Gold,DeepCool LE720 360mm,NZXT H5 Flow,mid,7354.93
AMD Ryzen 7 7800X3D,MSI PRO B850M-B,DDR5 32GB 6000MHz RGB,RX 9070 XT,Kingston NV2 1TB,Corsair RM850x Gold,DeepCool AK400,Lian Li O11 Dynamic EVO,mid,13013.62
Intel i5-12400F,MSI PRO H610M-G DDR4,DDR4 8GB 3200MHz (1x8),RTX 3060 12GB,Kingston NV2 500GB,Corsair CX650 Bronze,DeepCool AK400,Corsair 3000D Airflow,budget,4057.97
AMD Ryzen 7 7800X3D,MSI MAG X870E Tomahawk,DDR5 32GB 6000MHz RGB,RTX 5070 Ti,Samsung 990 Pro 1TB,Corsair RM850x Gold,NZXT Kraken 360,Lian Li O11 Dynamic EVO,enthusiast,17909.71
Intel i5-14400F,MSI PRO B760M-A DDR4,DDR4 16GB 3200MHz (2x8),RTX 5070 Ti,Crucial P3 500GB,Corsair RM850x Gold,Thermalright Peerless Assassin,Lian Li O11 Dynamic EVO,mid,11672.3
AMD Ryzen 5 8400F,MSI PRO B850M-B,DDR5 32GB 5600MHz (2x16),RTX 3060 12GB,WD Blue SN580 1TB,Cooler Master MWE 650 Gold,Cooler box (stock),NZXT H5 Flow,budget,7422.55
AMD Ryzen 7 5800X3D,ASUS TUF B550M-Plus,DDR4 32GB 3600MHz RGB,RTX 5070 Ti,Samsung 990 Pro 4TB,Corsair RM1000x Gold,NZXT Kraken 360,Lian Li O11 Dynamic EVO,high,16201.49
AMD Ryzen 7 5700X,MSI B550M-A Pro,DDR4 32GB 3600MHz RGB,RTX 5070,Samsung 990 Pro 1TB,Corsair CX650 Bronze,DeepCool AK400,Corsair 3000D Airflow,mid,9692.14
AMD Ryzen 7 7700X,MSI MAG B650 Tomahawk,DDR5 32GB 6000MHz RGB,RX 7800 XT,WD Blue SN580 1TB,Corsair RM850x Gold,Thermalright Peerless Assassin,Lian Li O11 Dynamic EVO,mid,13003.67
AMD Ryzen 5 7600,MSI MAG B650 Tomahawk,DDR5 16GB 5600MHz (2x8),RTX 4070,Samsung 990 Pro 1TB,Cooler Master MWE 650 Gold,Thermalright Peerless Assassin,Corsair 3000D Airflow,mid,9122.34
AMD Ryzen 5 5500,Gigabyte A520M K V2,DDR4 16GB 3200MHz (2x8),RTX 4060,Kingston NV2 500GB,Redragon RGPS 500W Bronze,DeepCool AK400,Corsair 3000D Airflow,entry,4769.16
AMD Ryzen 5 8400F,MSI MAG B650 Tomahawk,DDR5 32GB 5600MHz (2x16),RX 6600,Kingston NV2 1TB,Corsair RM750x Gold,Thermalright Peerless Assassin,NZXT H5 Flow,budget,7586.68
AMD Ryzen 5 5600,Gigabyte A520M K V2,DDR4 16GB 3200MHz (2x8),RX 7600,Crucial P3 500GB,Redragon RGPS 500W Bronze,Cooler box (stock),NZXT H5 Flow,budget,4042.24
Intel i9-14900K,ASUS TUF B760M-Plus DDR5,DDR5 32GB 6000MHz RGB,RTX 5090,Samsung 990 Pro 4TB,Corsair RM750x Gold,NZXT Kraken 360,Lian Li O11 Dynamic EVO,high,30289.18
AMD Ryzen 7 7700X,MSI MAG B650 Tomahawk,DDR5 32GB 5600MHz (2x16),RTX 3060 12GB,Kingston NV2 500GB,Cooler Master MWE 650 Gold,Thermalright Peerless Assassin,Corsair 3000D Airflow,budget,8893.7
AMD Ryzen 5 7600,ASUS Prime A620M-K,DDR5 16GB 5600MHz (2x8),Arc B580,Kingston NV2 500GB,Cooler Master MWE 650 Gold,Cooler box (stock),Gamemax Infinit M909,entry,6340.99
AMD Ryzen 7 5800X3D,ASUS TUF B550M-Plus,DDR4 32GB 3200MHz (2x16),RTX 3060 12GB,Kingston NV2 1TB,Cooler Master MWE 650 Gold,DeepCool AK400,Corsair 3000D Airflow,mid,7021.09
AMD Ryzen 7 7700X,ASUS Prime A620M-K,DDR5 16GB 5600MHz (2x8),RTX 4070,Kingston NV2 1TB,Cooler Master MWE 650 Gold,Thermalright Peerless Assassin,Corsair 3000D Airflow,budget,8673.28
AMD Ryzen 7 5700X,Gigabyte A520M K V2,DDR4 16GB 3200MHz (2x8),RTX 4070,Kingston NV2 1TB,Corsair RM750x Gold,Cooler box (stock),Corsair 3000D Airflow,budget,7136.6
AMD Ryzen 5 7600,MSI PRO B850M-B,DDR5 16GB 5600MHz (2x8),RTX 4060,Kingston NV2 500GB,Corsair CX650 Bronze,DeepCool AK400,Corsair 3000D Airflow,entry,6422.83
Intel i7-14700KF,MSI MAG Z790 Tomahawk DDR5,DDR5 32GB 6000MHz RGB,RTX 5090,WD Black SN850X 2TB,Corsair RM850x Gold,NZXT Kraken 360,Corsair 7000D Airflow,enthusiast,28869.55
AMD Ryzen 7 9800X3D,MSI MAG X870E Tomahawk,DDR5 32GB 6000MHz RGB,RTX 5070 Ti,Samsung 990 Pro 1TB,Corsair RM1000x Gold,NZXT Kraken 360,Corsair 7000D Airflow,enthusiast,20616.79
AMD Ryzen 7 7700X,MSI MAG X870E Tomahawk,DDR5 64GB 5600MHz (2x32),RTX 4070,WD Black SN850X 2TB,Corsair RM750x Gold,NZXT Kraken 360,Lian Li O11 Dynamic EVO,high,18106.21
Intel i5-14600KF,MSI PRO B760M-A DDR4,DDR4 32GB 3600MHz RGB,Arc B580,WD Blue SN580 1TB,Corsair RM750x Gold,DeepCool LE720 360mm,Lian Li O11 Dynamic EVO,mid,8356.78
Intel i5-14600KF,MSI MAG Z790 Tomahawk DDR5,DDR5 32GB 5600MHz (2x16),RTX 5070 Ti,Crucial P3 500GB,Corsair CX650 Bronze,DeepCool AK400,Lian Li O11 Dynamic EVO,mid,15100.23
Intel i9-14900K,ASUS TUF B760M-Plus DDR5,DDR5 32GB 6000MHz RGB,RX 9070 XT,WD Black SN850X 2TB,Corsair RM850x Gold,DeepCool LE720 360mm,NZXT H5 Flow,high,15269.17
Intel i5-14600KF,ASUS TUF B760M-Plus DDR5,DDR5 32GB 5600MHz (2x16),RTX 3060 12GB,Samsung 990 Pro 1TB,Cooler Master MWE 650 Gold,DeepCool AK400,Corsair 3000D Airflow,mid,9408.04
AMD Ryzen 7 7800X3D,MSI MAG X870E Tomahawk,DDR5 32GB 6000MHz RGB,RTX 5090,Samsung 990 Pro 1TB,Corsair RM1000x Gold,DeepCool LE720 360mm,Lian Li O11 Dynamic EVO,enthusiast,30838.4
AMD Ryzen 7 7700X,MSI MAG B650 Tomahawk,DDR5 16GB 5600MHz (2x8),Arc B580,Crucial P3 500GB,Corsair RM850x Gold,DeepCool AK400,NZXT H5 Flow,mid,8175.88
Intel i5-14600KF,ASUS TUF B760M-Plus DDR5,DDR5 16GB 5600MHz (2x8),RTX 5070,WD Black SN850X 2TB,Cooler Master MWE 650 Gold,DeepCool AK400,Corsair 3000D Airflow,mid,10583.47
Intel i5-14600KF,ASUS TUF B760M-Plus DDR5,DDR5 32GB 6000MHz RGB,RTX 5070,Kingston NV2 1TB,Corsair CX650 Bronze,Thermalright Peerless Assassin,Corsair 3000D Airflow,mid,11713.94
AMD Ryzen 5 5500,Gigabyte A520M K V2,DDR4 8GB 3200MHz (1x8),RX 7600,Kingston NV2 500GB,Corsair CX650 Bronze,Cooler box (stock),Corsair 3000D Airflow,budget,3954.47
AMD Ryzen 7 7700X,MSI MAG B650 Tomahawk,DDR5 32GB 5600MHz (2x16),Arc B580,WD Blue SN580 1TB,Cooler Master MWE 650 Gold,Cooler box (stock),NZXT H5 Flow,budget,9582.91
AMD Ryzen 7 9800X3D,MSI MAG X870E Tomahawk,DDR5 32GB 6000MHz RGB,RTX 4070,WD Black SN850X 2TB,Corsair RM750x Gold,Thermalright Peerless Assassin,Corsair 7000D Airflow,high,15995.37
AMD Ryzen 5 7600,MSI MAG X870E Tomahawk,DDR5 32GB 6000MHz RGB,RTX 5070 Ti,Crucial P3 500GB,Corsair RM750x Gold,DeepCool AK400,Lian Li O11 Dynamic EVO,mid,15077.76
AMD Ryzen 5 5500,Gigabyte A520M K V2,DDR4 16GB 3200MHz (2x8),RTX 4060,Crucial P3 500GB,Corsair CX650 Bronze,DeepCool AK400,Corsair 3000D Airflow,entry,4513.28
AMD Ryzen 7 9800X3D,MSI MAG B650 Tomahawk,DDR5 32GB 5600MHz (2x16),RX 7800 XT,Samsung 990 Pro 4TB,Corsair RM750x Gold,Thermalright Peerless Assassin,Corsair 7000D Airflow,high,15299.26
AMD Ryzen 7 7800X3D,MSI MAG X870E Tomahawk,DDR5 32GB 5600MHz (2x16),Arc B580,Samsung 990 Pro 1TB,Corsair RM750x Gold,DeepCool AK400,Corsair 3000D Airflow,mid,12035.42
Intel i7-14700KF,MSI MAG Z790 Tomahawk DDR5,DDR5 64GB 5600MHz (2x32),RTX 5070 Ti,Samsung 990 Pro 1TB,Corsair RM850x Gold,NZXT Kraken 360,Corsair 7000D Airflow,enthusiast,20800.72
Intel i3-12100F,MSI PRO H610M-G DDR4,DDR4 32GB 3200MHz (2x16),RX 6600,Crucial P3 500GB,Corsair CX650 Bronze,DeepCool AK400,Gamemax Infinit M909,budget,4357.29
AMD Ryzen 7 5700X,MSI B550M-A Pro,DDR4 8GB 3200MHz (1x8),GTX 1650,Kingston NV2 1TB,Redragon RGPS 500W Bronze,DeepCool AK400,Gamemax Infinit M909,entry,3586.51
Intel i7-14700KF,MSI MAG Z790 Tomahawk DDR5,DDR5 64GB 5600MHz (2x32),RX 9070 XT,WD Black SN850X 2TB,Corsair RM1000x Gold,DeepCool LE720 360mm,Lian Li O11 Dynamic EVO,enthusiast,16946.87
AMD Ryzen 5 8400F,ASUS Prime A620M-K,DDR5 16GB 5600MHz (2x8),Arc B580,Kingston NV2 500GB,Corsair CX650 Bronze,DeepCool AK400,NZXT H5 Flow,budget,5660.96
AMD Ryzen 7 5700X,ASUS TUF B550M-Plus,DDR4 32GB 3200MHz (2x16),RTX 5070 Ti,Crucial P3 500GB,Corsair CX650 Bronze,DeepCool AK400,NZXT H5 Flow,mid,11145.25
AMD Ryzen 7 7700X,MSI MAG B650 Tomahawk,DDR5 64GB 5600MHz (2x32),RTX 5060 Ti 16GB,Samsung 990 Pro 1TB,Corsair RM750x Gold,DeepCool LE720 360mm,Corsair 7000D Airflow,high,15970.87
Intel i5-12400F,MSI PRO B760M-A DDR4,DDR4 8GB 3200MHz (1x8),RX 7800 XT,Crucial P3 500GB,Cooler Master MWE 650 Gold,DeepCool AK400,Gamemax Infinit M909,budget,5917.57
AMD Ryzen 5 5600,ASUS TUF B550M-Plus,DDR4 8GB 3200MHz (1x8),RTX 4070,Crucial P3 500GB,Corsair RM750x Gold,DeepCool AK400,Gamemax Infinit M909,budget,6227.6
AMD Ryzen 5 7600,MSI PRO B850M-B,DDR5 16GB 5600MHz (2x8),Arc B580,Kingston NV2 500GB,Corsair CX650 Bronze,DeepCool AK400,Gamemax Infinit M909,entry,5969.67
AMD Ryzen 7 9800X3D,MSI MAG X870E Tomahawk,DDR5 32GB 6000MHz RGB,RTX 5090,Samsung 990 Pro 4TB,Corsair RM850x Gold,DeepCool LE720 360mm,Lian Li O11 Dynamic EVO,high,30517.52
Intel i5-14600KF,MSI PRO B760M-A DDR4,DDR4 8GB 3200MHz (1x8),RTX 4060,Crucial P3 500GB,Redragon RGPS 500W Bronze,Thermalright Peerless Assassin,NZXT H5 Flow,budget,5668.15
Intel i3-12100F,MSI PRO H610M-G DDR4,DDR4 16GB 3200MHz (2x8),RTX 4060,Kingston NV2 500GB,Cooler Master MWE 650 Gold,Cooler box (stock),Gamemax Infinit M909,entry,5053.9
AMD Ryzen 9 9950X,MSI MAG X870E Tomahawk,DDR5 64GB 5600MHz (2x32),RTX 5090,Samsung 990 Pro 4TB,Corsair RM850x Gold,DeepCool LE720 360mm,Corsair 7000D Airflow,enthusiast,35341.98
Intel i7-14700KF,MSI MAG Z790 Tomahawk DDR5,DDR5 32GB 5600MHz (2x16),RX 9070 XT,WD Black SN850X 2TB,Corsair RM1000x Gold,NZXT Kraken 360,NZXT H5 Flow,high,16533.23
AMD Ryzen 5 7600,MSI MAG X870E Tomahawk,DDR5 16GB 5600MHz (2x8),RTX 5070,Crucial P3 500GB,Corsair CX650 Bronze,DeepCool LE720 360mm,NZXT H5 Flow,mid,10188.58
AMD Ryzen 7 7800X3D,MSI MAG X870E Tomahawk,DDR5 16GB 5600MHz (2x8),RTX 4070,WD Blue SN580 1TB,Corsair RM750x Gold,DeepCool LE720 360mm,NZXT H5 Flow,mid,11810.89
Intel i5-14400F,MSI PRO B760M-A DDR4,DDR4 32GB 3600MHz RGB,RTX 4070,Kingston NV2 1TB,Cooler Master MWE 650 Gold,DeepCool AK400,Lian Li O11 Dynamic EVO,mid,9493.35
AMD Ryzen 7 5700X,ASUS TUF B550M-Plus,DDR4 32GB 3600MHz RGB,RTX 5060 Ti 16GB,Kingston NV2 1TB,Corsair CX650 Bronze,DeepCool AK400,NZXT H5 Flow,mid,9945.96
Intel i3-12100F,ASUS TUF B760M-Plus DDR5,DDR5 16GB 5600MHz (2x8),RTX 4070,Crucial P3 500GB,Corsair CX650 Bronze,DeepCool AK400,NZXT H5 Flow,budget,7843.13
AMD Ryzen 5 7600,MSI MAG X870E Tomahawk,DDR5 32GB 5600MHz (2x16),RX 7600,Kingston NV2 1TB,Corsair RM750x Gold,DeepCool AK400,Corsair 3000D Airflow,mid,9634.3
Intel i5-14600KF,MSI PRO B760M-A DDR4,DDR4 8GB 3200MHz (1x8),RTX 5060 Ti 16GB,Kingston NV2 1TB,Corsair RM750x Gold,Thermalright Peerless Assassin,Corsair 3000D Airflow,budget,7265.81
AMD Ryzen 5 5500,ASUS TUF B550M-Plus,DDR4 16GB 3200MHz (2x8),RTX 3060 12GB,WD Blue SN580 1TB,Corsair RM750x Gold,DeepCool AK400,Gamemax Infinit M909,budget,4866.55
AMD Ryzen 7 7800X3D,MSI MAG B650 Tomahawk,DDR5 32GB 5600MHz (2x16),RTX 5070,WD Blue SN580 1TB,Corsair RM850x Gold,DeepCool LE720 360mm,NZXT H5 Flow,high,13279.92
Intel i7-14700KF,ASUS TUF B760M-Plus DDR5,DDR5 64GB 5600MHz (2x32),RTX 5060 Ti 16GB,Samsung 990 Pro 1TB,Corsair RM1000x Gold,DeepCool LE720 360mm,Corsair 7000D Airflow,high,17624.93
AMD Ryzen 7 5700X,ASUS TUF B550M-Plus,DDR4 16GB 3200MHz (2x8),RTX 4060,Crucial P3 500GB,Corsair RM750x Gold,DeepCool LE720 360mm,Lian Li O11 Dynamic EVO,mid,7173.8
Intel i5-12400F,MSI PRO B760M-A DDR4,DDR4 32GB 3200MHz (2x16),RX 7600,WD Blue SN580 1TB,Cooler Master MWE 650 Gold,DeepCool AK400,Corsair 3000D Airflow,budget,6494.65
AMD Ryzen 9 9950X,MSI MAG X870E Tomahawk,DDR5 64GB 5600MHz (2x32),RTX 5070 Ti,Samsung 990 Pro 1TB,Corsair RM850x Gold,NZXT Kraken 360,Lian Li O11 Dynamic EVO,enthusiast,23878.86
AMD Ryzen 7 5700X,MSI B550M-A Pro,DDR4 32GB 3600MHz RGB,RX 7600,Samsung 990 Pro 1TB,Corsair RM850x Gold,Thermalright Peerless Assassin,Lian Li O11 Dynamic EVO,mid,9027.64
AMD Ryzen 7 7700X,MSI MAG X870E Tomahawk,DDR5 16GB 5600MHz (2x8),RX 9070 XT,Crucial P3 500GB,Cooler Master MWE 650 Gold,Thermalright Peerless Assassin,Corsair 3000D Airflow,mid,12231.01
AMD Ryzen 5 7600,MSI PRO B850M-B,DDR5 16GB 5600MHz (2x8),GTX 1650,Crucial P3 500GB,Corsair CX650 Bronze,DeepCool AK400,Gamemax Infinit M909,entry,5053.01
AMD Ryzen 7 5700X,MSI B550M-A Pro,DDR4 32GB 3200MHz (2x16),RX 6600,Kingston NV2 500GB,Corsair RM750x Gold,Thermalright Peerless Assassin,NZXT H5 Flow,budget,5662.43
Intel i5-12400F,MSI PRO H610M-G DDR4,DDR4 32GB 3200MHz (2x16),RTX 4060,Kingston NV2 500GB,Redragon RGPS 500W Bronze,Cooler box (stock),Corsair 3000D Airflow,budget,6188.52
AMD Ryzen 7 7700X,MSI MAG B650 Tomahawk,DDR5 32GB 5600MHz (2x16),RX 9070 XT,WD Black SN850X 2TB,Corsair CX650 Bronze,Thermalright Peerless Assassin,Corsair 3000D Airflow,mid,12569.75
AMD Ryzen 5 7600,ASUS Prime A620M-K,DDR5 16GB 5600MHz (2x8),RX 7600,Kingston NV2 1TB,Redragon RGPS 500W Bronze,Cooler box (stock),Corsair 3000D Airflow,budget,5389.41
Intel i5-14400F,MSI MAG Z790 Tomahawk DDR5,DDR5 16GB 5600MHz (2x8),RX 7600,WD Blue SN580 1TB,Cooler Master MWE 650 Gold,DeepCool LE720 360mm,NZXT H5 Flow,mid,7145.3
AMD Ryzen 5 8400F,MSI PRO B850M-B,DDR5 32GB 5600MHz (2x16),RTX 4070,Crucial P3 500GB,Redragon RGPS 500W Bronze,Thermalright Peerless Assassin,NZXT H5 Flow,budget,9088.64
AMD Ryzen 7 7800X3D,MSI MAG B650 Tomahawk,DDR5 32GB 6000MHz RGB,RTX 4070,WD Blue SN580 1TB,Corsair RM750x Gold,NZXT Kraken 360,Lian Li O11 Dynamic EVO,high,13119.88
AMD Ryzen 7 5800X3D,ASUS TUF B550M-Plus,DDR4 32GB 3200MHz (2x16),RTX 5070,Samsung 990 Pro 1TB,Corsair CX650 Bronze,DeepCool AK400,Lian Li O11 Dynamic EVO,mid,10922.3
Intel i9-14900K,MSI MAG Z790 Tomahawk DDR5,DDR5 32GB 6000MHz RGB,RTX 5090,WD Black SN850X 2TB,Corsair RM1000x Gold,DeepCool LE720 360mm,Corsair 7000D Airflow,enthusiast,29381.53
Intel i5-14600KF,ASUS TUF B760M-Plus DDR5,DDR5 16GB 5600MHz (2x8),RX 7800 XT,Kingston NV2 1TB,Corsair RM750x Gold,DeepCool AK400,Corsair 3000D Airflow,mid,9106.7
AMD Ryzen 5 5500,ASUS TUF B550M-Plus,DDR4 32GB 3200MHz (2x16),RX 6600,Kingston NV2 500GB,Redragon RGPS 500W Bronze,DeepCool AK400,NZXT H5 Flow,budget,5200.31
AMD Ryzen 7 7800X3D,MSI MAG X870E Tomahawk,DDR5 32GB 6000MHz RGB,RTX 4070,WD Blue SN580 1TB,Corsair RM1000x Gold,DeepCool LE720 360mm,Lian Li O11 Dynamic EVO,high,14742.69
AMD Ryzen 7 5700X,MSI B550M-A Pro,DDR4 16GB 3200MHz (2x8),RTX 5060 Ti 16GB,WD Blue SN580 1TB,Corsair RM750x Gold,DeepCool LE720 360mm,Corsair 3000D Airflow,mid,8479.82
AMD Ryzen 7 5800X3D,MSI B550M-A Pro,DDR4 16GB 3200MHz (2x8),RTX 4070,WD Blue SN580 1TB,Corsair CX650 Bronze,DeepCool AK400,Corsair 3000D Airflow,mid,8557.42
AMD Ryzen 5 5500,Gigabyte A520M K V2,DDR4 16GB 3200MHz (2x8),Arc B580,Kingston NV2 500GB,Redragon RGPS 500W Bronze,Cooler box (stock),Corsair 3000D Airflow,entry,4611.63
Intel i5-14600KF,MSI PRO B760M-A DDR4,DDR4 32GB 3200MHz (2x16),GTX 1650,Crucial P3 500GB,Cooler Master MWE 650 Gold,DeepCool AK400,Gamemax Infinit M909,budget,5762.61
Intel i5-14600KF,ASUS TUF B760M-Plus DDR5,DDR5 16GB 5600MHz (2x8),RX 6600,WD Blue SN580 1TB,Redragon RGPS 500W Bronze,Cooler box (stock),Corsair 3000D Airflow,budget,5958.89
Intel i7-14700KF,MSI MAG Z790 Tomahawk DDR5,DDR5 32GB 6000MHz RGB,RTX 5070,Samsung 990 Pro 1TB,Corsair RM850x Gold,DeepCool LE720 360mm,Corsair 7000D Airflow,enthusiast,15924.39
AMD Ryzen 7 9800X3D,MSI MAG X870E Tomahawk,DDR5 64GB 5600MHz (2x32),RTX 5090,Samsung 990 Pro 4TB,Corsair RM850x Gold,NZXT Kraken 360,Lian Li O11 Dynamic EVO,enthusiast,35129.75
Intel i5-14600KF,MSI PRO B760M-A DDR4,DDR4 32GB 3200MHz (2x16),RTX 3060 12GB,WD Blue SN580 1TB,Corsair CX650 Bronze,DeepCool AK400,NZXT H5 Flow,budget,6288.53
AMD Ryzen 7 7800X3D,MSI MAG X870E Tomahawk,DDR5 32GB 6000MHz RGB,RX 9070 XT,Samsung 990 Pro 1TB,Corsair RM1000x Gold,DeepCool LE720 360mm,Corsair 7000D Airflow,enthusiast,16362.85
AMD Ryzen 5 5600,Gigabyte A520M K V2,DDR4 16GB 3200MHz (2x8),RTX 3060 12GB,Kingston NV2 1TB,Corsair CX650 Bronze,Cooler box (stock),Gamemax Infinit M909,entry,3960.62
AMD Ryzen 7 7700X,MSI MAG B650 Tomahawk,DDR5 32GB 6000MHz RGB,RTX 5070,WD Blue SN580 1TB,Corsair RM850x Gold,DeepCool LE720 360mm,NZXT H5 Flow,high,12623.86
AMD Ryzen 5 8400F,ASUS Prime A620M-K,DDR5 16GB 5600MHz (2x8),RTX 4060,Crucial P3 500GB,Redragon RGPS 500W Bronze,Cooler box (stock),Gamemax Infinit M909,entry,5164.53
Intel i5-14400F,ASUS TUF B760M-Plus DDR5,DDR5 16GB 5600MHz (2x8),Arc B580,Kingston NV2 1TB,Cooler Master MWE 650 Gold,Thermalright Peerless Assassin,Lian Li O11 Dynamic EVO,mid,7220.67
Intel i9-14900K,MSI MAG Z790 Tomahawk DDR5,DDR5 32GB 6000MHz RGB,RTX 5070,Samsung 990 Pro 1TB,Corsair RM850x Gold,NZXT Kraken 360,Corsair 7000D Airflow,enthusiast,15833.38
Intel i7-14700KF,MSI MAG Z790 Tomahawk DDR5,DDR5 32GB 6000MHz RGB,RTX 5080,Samsung 990 Pro 1TB,Corsair RM850x Gold,NZXT Kraken 360,Lian Li O11 Dynamic EVO,high,19252.56
Intel i5-14600KF,ASUS TUF B760M-Plus DDR5,DDR5 32GB 5600MHz (2x16),RTX 5070,Crucial P3 500GB,Corsair CX650 Bronze,DeepCool LE720 360mm,NZXT H5 Flow,mid,11704.48
AMD Ryzen 7 7800X3D,MSI PRO B850M-B,DDR5 32GB 5600MHz (2x16),RTX 5060 Ti 16GB,Kingston NV2 1TB,Corsair CX650 Bronze,DeepCool LE720 360mm,Lian Li O11 Dynamic EVO,mid,12151.47
AMD Ryzen 7 7800X3D,MSI MAG X870E Tomahawk,DDR5 16GB 5600MHz (2x8),RTX 5070 Ti,Crucial P3 500GB,Cooler Master MWE 650 Gold,Thermalright Peerless Assassin,NZXT H5 Flow,mid,14295.37
AMD Ryzen 7 7800X3D,MSI MAG X870E Tomahawk,DDR5 64GB 5600MHz (2x32),RX 9070 XT,WD Black SN850X 2TB,Corsair RM850x Gold,DeepCool LE720 360mm,Corsair 7000D Airflow,enthusiast,17891.31
AMD Ryzen 7 7800X3D,MSI MAG X870E Tomahawk,DDR5 32GB 6000MHz RGB,RTX 5080,Samsung 990 Pro 1TB,Corsair RM850x Gold,DeepCool LE720 360mm,Corsair 7000D Airflow,enthusiast,19489.2
Intel i9-14900K,MSI MAG Z790 Tomahawk DDR5,DDR5 32GB 5600MHz (2x16),RTX 5070 Ti,WD Blue SN580 1TB,Corsair RM850x Gold,NZXT Kraken 360,NZXT H5 Flow,high,16122.04
AMD Ryzen 7 5800X3D,MSI B550M-A Pro,DDR4 32GB 3600MHz RGB,RX 9070 XT,Kingston NV2 1TB,Corsair CX650 Bronze,DeepCool AK400,Corsair 3000D Airflow,mid,11312.09
Intel i9-14900K,MSI MAG Z790 Tomahawk DDR5,DDR5 64GB 5600MHz (2x32),RTX 5070,WD Black SN850X 2TB,Corsair RM850x Gold,DeepCool LE720 360mm,Lian Li O11 Dynamic EVO,high,18894.9
AMD Ryzen 7 7800X3D,MSI MAG B650 Tomahawk,DDR5 64GB 5600MHz (2x32),RTX 5060 Ti 16GB,WD Black SN850X 2TB,Corsair RM750x Gold,Thermalright Peerless Assassin,Lian Li O11 Dynamic EVO,high,16034.52
AMD Ryzen 7 7700X,MSI MAG B650 Tomahawk,DDR5 32GB 6000MHz RGB,Arc B580,WD Blue SN580 1TB,Corsair RM750x Gold,DeepCool AK400,Lian Li O11 Dynamic EVO,mid,10847.02
AMD Ryzen 9 9950X,MSI MAG X870E Tomahawk,DDR5 32GB 6000MHz RGB,RTX 5070 Ti,Samsung 990 Pro 1TB,Corsair RM1000x Gold,NZXT Kraken 360,Lian Li O11 Dynamic EVO,enthusiast,20542.52
AMD Ryzen 7 5700X,MSI B550M-A Pro,DDR4 8GB 3200MHz (1x8),RTX 4060,Crucial P3 500GB,Corsair CX650 Bronze,Cooler box (stock),Corsair 3000D Airflow,entry,4905.29
AMD Ryzen 7 7800X3D,MSI MAG B650 Tomahawk,DDR5 16GB 5600MHz (2x8),RTX 5070,Samsung 990 Pro 1TB,Corsair CX650 Bronze,Thermalright Peerless Assassin,Lian Li O11 Dynamic EVO,mid,10478.12
AMD Ryzen 7 9800X3D,MSI MAG X870E Tomahawk,DDR5 64GB 5600MHz (2x32),RTX 5060 Ti 16GB,WD Blue SN580 1TB,Corsair RM850x Gold,Thermalright Peerless Assassin,Corsair 7000D Airflow,high,17991.92
Intel i3-12100F,MSI PRO H610M-G DDR4,DDR4 8GB 3200MHz (1x8),RX 6600,Crucial P3 500GB,Corsair CX650 Bronze,Cooler box (stock),Corsair 3000D Airflow,entry,3262.69
AMD Ryzen 5 7600,MSI MAG X870E Tomahawk,DDR5 32GB 5600MHz (2x16),RTX 5070,Crucial P3 500GB,Corsair CX650 Bronze,Thermalright Peerless Assassin,Corsair 3000D Airflow,mid,11832.06
Intel i5-14600KF,MSI PRO B760M-A DDR4,DDR4 8GB 3200MHz (1x8),GTX 1650,WD Blue SN580 1TB,Redragon RGPS 500W Bronze,DeepCool AK400,NZXT H5 Flow,budget,4232.85
AMD Ryzen 7 9800X3D,MSI MAG B650 Tomahawk,DDR5 32GB 5600MHz (2x16),RX 9070 XT,WD Blue SN580 1TB,Corsair RM850x Gold,Thermalright Peerless Assassin,Corsair 7000D Airflow,high,15378.31
AMD Ryzen 5 7600,MSI MAG B650 Tomahawk,DDR5 32GB 6000MHz RGB,Arc B580,Samsung 990 Pro 1TB,Corsair RM750x Gold,DeepCool LE720 360mm,Corsair 3000D Airflow,mid,10083.38
Intel i5-14600KF,ASUS TUF B760M-Plus DDR5,DDR5 16GB 5600MHz (2x8),Arc B580,Kingston NV2 1TB,Cooler Master MWE 650 Gold,Cooler box (stock),Corsair 3000D Airflow,budget,6869.67
Intel i5-12400F,ASUS TUF B760M-Plus DDR5,DDR5 32GB 5600MHz (2x16),RTX 5060 Ti 16GB,Kingston NV2 500GB,Redragon RGPS 500W Bronze,Thermalright Peerless Assassin,NZXT H5 Flow,budget,9803.52
AMD Ryzen 7 5700X,MSI B550M-A Pro,DDR4 8GB 3200MHz (1x8),GTX 1650,Kingston NV2 500GB,Redragon RGPS 500W Bronze,DeepCool AK400,Corsair 3000D Airflow,entry,3641.77
AMD Ryzen 7 9800X3D,MSI MAG X870E Tomahawk,DDR5 64GB 5600MHz (2x32),RTX 5080,Samsung 990 Pro 4TB,Corsair RM1000x Gold,NZXT Kraken 360,Corsair 7000D Airflow,enthusiast,24853.53
Intel i5-14600KF,MSI PRO B760M-A DDR4,DDR4 32GB 3200MHz (2x16),RTX 4070,WD Black SN850X 2TB,Corsair RM750x Gold,DeepCool AK400,Lian Li O11 Dynamic EVO,mid,10355.05
AMD Ryzen 7 7800X3D,MSI MAG X870E Tomahawk,DDR5 32GB 6000MHz RGB,RTX 5060 Ti 16GB,Kingston NV2 1TB,Corsair RM850x Gold,DeepCool AK400,Lian Li O11 Dynamic EVO,mid,13849.72
AMD Ryzen 5 7600,MSI PRO B850M-B,DDR5 16GB 5600MHz (2x8),GTX 1650,Crucial P3 500GB,Redragon RGPS 500W Bronze,DeepCool AK400,Corsair 3000D Airflow,entry,5186.1
AMD Ryzen 7 5700X,MSI B550M-A Pro,DDR4 16GB 3200MHz (2x8),RTX 5060 Ti 16GB,WD Blue SN580 1TB,Corsair RM850x Gold,DeepCool AK400,Lian Li O11 Dynamic EVO,mid,8140.5
AMD Ryzen 7 7700X,MSI MAG B650 Tomahawk,DDR5 32GB 5600MHz (2x16),RTX 5060 Ti 16GB,Kingston NV2 1TB,Redragon RGPS 500W Bronze,DeepCool AK400,NZXT H5 Flow,budget,10144.21
Intel i5-14400F,MSI PRO B760M-A DDR4,DDR4 16GB 3200MHz (2x8),RX 7600,Kingston NV2 500GB,Corsair CX650 Bronze,DeepCool AK400,Corsair 3000D Airflow,entry,5357.89
AMD Ryzen 5 7600,MSI PRO B850M-B,DDR5 16GB 5600MHz (2x8),RX 7600,Kingston NV2 1TB,Cooler Master MWE 650 Gold,DeepCool AK400,Gamemax Infinit M909,entry,6209.5
Intel i5-14400F,MSI PRO H610M-G DDR4,DDR4 8GB 3200MHz (1x8),RX 7600,Kingston NV2 1TB,Redragon RGPS 500W Bronze,DeepCool AK400,Gamemax Infinit M909,entry,4129.86
AMD Ryzen 7 5800X3D,ASUS TUF B550M-Plus,DDR4 32GB 3200MHz (2x16),RX 7800 XT,Samsung 990 Pro 1TB,Corsair RM750x Gold,NZXT Kraken 360,Corsair 7000D Airflow,high,11727.93
Intel i7-14700KF,MSI MAG Z790 Tomahawk DDR5,DDR5 64GB 5600MHz (2x32),RTX 5090,Samsung 990 Pro 1TB,Corsair RM850x Gold,NZXT Kraken 360,Lian Li O11 Dynamic EVO,enthusiast,30185.4
AMD Ryzen 7 7800X3D,MSI MAG X870E Tomahawk,DDR5 32GB 6000MHz RGB,RTX 5080,Samsung 990 Pro 4TB,Corsair RM1000x Gold,NZXT Kraken 360,Lian Li O11 Dynamic EVO,enthusiast,23464.47
Intel i7-14700KF,MSI MAG Z790 Tomahawk DDR5,DDR5 16GB 5600MHz (2x8),RTX 5070 Ti,Crucial P3 500GB,Cooler Master MWE 650 Gold,DeepCool AK400,Lian Li O11 Dynamic EVO,mid,14057.73
AMD Ryzen 7 7800X3D,MSI MAG X870E Tomahawk,DDR5 32GB 6000MHz RGB,RTX 5070 Ti,WD Black SN850X 2TB,Corsair RM750x Gold,Thermalright Peerless Assassin,NZXT H5 Flow,high,18432.19
AMD Ryzen 7 5800X3D,ASUS TUF B550M-Plus,DDR4 32GB 3600MHz RGB,RX 9070 XT,Samsung 990 Pro 1TB,Corsair RM1000x Gold,DeepCool LE720 360mm,Lian Li O11 Dynamic EVO,enthusiast,13630.05
Intel i5-12400F,MSI PRO H610M-G DDR4,DDR4 16GB 3200MHz (2x8),RX 6600,Kingston NV2 500GB,Cooler Master MWE 650 Gold,Cooler box (stock),Gamemax Infinit M909,entry,3509.75
AMD Ryzen 5 5600,Gigabyte A520M K V2,DDR4 16GB 3200MHz (2x8),RTX 3060 12GB,Kingston NV2 1TB,Corsair CX650 Bronze,DeepCool AK400,Corsair 3000D Airflow,entry,4343.89
AMD Ryzen 7 7700X,MSI MAG X870E Tomahawk,DDR5 32GB 5600MHz (2x16),RTX 4070,Kingston NV2 1TB,Corsair RM850x Gold,DeepCool LE720 360mm,Lian Li O11 Dynamic EVO,mid,14343.63
Intel i5-14400F,ASUS TUF B760M-Plus DDR5,DDR5 32GB 5600MHz (2x16),RTX 3060 12GB,Kingston NV2 500GB,Corsair CX650 Bronze,Cooler box (stock),NZXT H5 Flow,budget,7903.46
Intel i5-14600KF,MSI MAG Z790 Tomahawk DDR5,DDR5 32GB 5600MHz (2x16),RTX 5070,Samsung 990 Pro 4TB,Corsair RM1000x Gold,NZXT Kraken 360,NZXT H5 Flow,high,15828.79
AMD Ryzen 5 7600,ASUS Prime A620M-K,DDR5 32GB 5600MHz (2x16),RTX 5060 Ti 16GB,WD Blue SN580 1TB,Corsair RM750x Gold,Thermalright Peerless Assassin,NZXT H5 Flow,budget,10251.99
Intel i7-14700KF,ASUS TUF B760M-Plus DDR5,DDR5 64GB 5600MHz (2x32),RTX 4070,WD Blue SN580 1TB,Corsair RM750x Gold,Thermalright Peerless Assassin,Corsair 7000D Airflow,high,15913.16
Intel i5-14600KF,ASUS TUF B760M-Plus DDR5,DDR5 32GB 6000MHz RGB,RTX 5060 Ti 16GB,Samsung 990 Pro 1TB,Corsair RM750x Gold,Thermalright Peerless Assassin,Lian Li O11 Dynamic EVO,mid,12500.0
AMD Ryzen 7 9800X3D,MSI MAG X870E Tomahawk,DDR5 32GB 6000MHz RGB,RX 9070 XT,WD Black SN850X 2TB,Corsair RM850x Gold,NZXT Kraken 360,Corsair 7000D Airflow,high,18551.31
Intel i3-12100F,MSI PRO H610M-G DDR4,DDR4 16GB 3200MHz (2x8),Arc B580,Crucial P3 500GB,Cooler Master MWE 650 Gold,Cooler box (stock),Corsair 3000D Airflow,entry,4997.34
Intel i5-14400F,ASUS TUF B760M-Plus DDR5,DDR5 32GB 6000MHz RGB,Arc B580,Kingston NV2 1TB,Cooler Master MWE 650 Gold,DeepCool AK400,NZXT H5 Flow,mid,9187.84
AMD Ryzen 7 7800X3D,MSI MAG B650 Tomahawk,DDR5 64GB 5600MHz (2x32),RTX 5070,WD Black SN850X 2TB,Corsair RM750x Gold,Thermalright Peerless Assassin,Lian Li O11 Dynamic EVO,high,15341.08
AMD Ryzen 7 7800X3D,MSI MAG X870E Tomahawk,DDR5 32GB 5600MHz (2x16),RTX 4070,WD Black SN850X 2TB,Corsair RM850x Gold,NZXT Kraken 360,Lian Li O11 Dynamic EVO,high,14482.23
Intel i3-12100F,MSI PRO B760M-A DDR4,DDR4 16GB 3200MHz (2x8),RTX 4060,Kingston NV2 1TB,Redragon RGPS 500W Bronze,Cooler box (stock),NZXT H5 Flow,budget,5110.29
Intel i5-14600KF,MSI PRO B760M-A DDR4,DDR4 16GB 3200MHz (2x8),Arc B580,Kingston NV2 1TB,Corsair RM850x Gold,DeepCool AK400,NZXT H5 Flow,mid,6782.37
AMD Ryzen 5 7600,MSI PRO B850M-B,DDR5 32GB 6000MHz RGB,RTX 5070,WD Black SN850X 2TB,Corsair RM850x Gold,DeepCool AK400,Lian Li O11 Dynamic EVO,mid,13241.12
AMD Ryzen 7 5800X3D,ASUS TUF B550M-Plus,DDR4 32GB 3600MHz RGB,RTX 5090,Samsung 990 Pro 1TB,Corsair RM850x Gold,NZXT Kraken 360,Lian Li O11 Dynamic EVO,enthusiast,24508.16
Intel i7-14700KF,MSI MAG Z790 Tomahawk DDR5,DDR5 32GB 6000MHz RGB,RX 9070 XT,Samsung 990 Pro 1TB,Corsair RM850x Gold,NZXT Kraken 360,NZXT H5 Flow,high,15558.97
AMD Ryzen 7 5700X,MSI B550M-A Pro,DDR4 16GB 3200MHz (2x8),Arc B580,Kingston NV2 1TB,Cooler Master MWE 650 Gold,DeepCool AK400,Gamemax Infinit M909,entry,5870.24
AMD Ryzen 7 5800X3D,ASUS TUF B550M-Plus,DDR4 32GB 3200MHz (2x16),RTX 5060 Ti 16GB,WD Blue SN580 1TB,Corsair RM850x Gold,DeepCool LE720 360mm,Lian Li O11 Dynamic EVO,high,10220.33
AMD Ryzen 7 5700X,Gigabyte A520M K V2,DDR4 8GB 3200MHz (1x8),RX 6600,Crucial P3 500GB,Cooler Master MWE 650 Gold,DeepCool AK400,Corsair 3000D Airflow,budget,4428.62
AMD Ryzen 5 5600,Gigabyte A520M K V2,DDR4 8GB 3200MHz (1x8),RX 6600,Kingston NV2 500GB,Corsair CX650 Bronze,Thermalright Peerless Assassin,NZXT H5 Flow,budget,3820.41
Intel i5-14400F,MSI PRO H610M-G DDR4,DDR4 8GB 3200MHz (1x8),RTX 3060 12GB,Kingston NV2 500GB,Cooler Master MWE 650 Gold,DeepCool AK400,Corsair 3000D Airflow,entry,4827.27
AMD Ryzen 7 5700X,MSI B550M-A Pro,DDR4 32GB 3200MHz (2x16),RTX 5060 Ti 16GB,WD Black SN850X 2TB,Corsair RM750x Gold,DeepCool AK400,Lian Li O11 Dynamic EVO,mid,9022.37
Intel i7-14700KF,ASUS TUF B760M-Plus DDR5,DDR5 32GB 6000MHz RGB,RTX 5090,WD Blue SN580 1TB,Corsair RM750x Gold,NZXT Kraken 360,Lian Li O11 Dynamic EVO,high,26087.84
AMD Ryzen 7 5800X3D,ASUS TUF B550M-Plus,DDR4 32GB 3600MHz RGB,RTX 5070,Samsung 990 Pro 1TB,Corsair RM1000x Gold,DeepCool LE720 360mm,Lian Li O11 Dynamic EVO,high,12709.33
Intel i5-12400F,MSI PRO H610M-G DDR4,DDR4 32GB 3200MHz (2x16),RTX 4070,Kingston NV2 1TB,Redragon RGPS 500W Bronze,DeepCool AK400,Corsair 3000D Airflow,budget,7342.72
AMD Ryzen 7 7700X,MSI PRO B850M-B,DDR5 32GB 5600MHz (2x16),RTX 5060 Ti 16GB,WD Blue SN580 1TB,Corsair RM750x Gold,Thermalright Peerless Assassin,NZXT H5 Flow,budget,10609.4
Intel i5-14400F,MSI PRO B760M-A DDR4,DDR4 16GB 3200MHz (2x8),RTX 5070,WD Black SN850X 2TB,Cooler Master MWE 650 Gold,DeepCool AK400,NZXT H5 Flow,mid,7988.69
Intel i5-14600KF,MSI MAG Z790 Tomahawk DDR5,DDR5 32GB 6000MHz RGB,RTX 5090,WD Blue SN580 1TB,Corsair RM750x Gold,Thermalright Peerless Assassin,Corsair 7000D Airflow,high,26083.14
AMD Ryzen 7 7700X,ASUS Prime A620M-K,DDR5 16GB 5600MHz (2x8),RTX 3060 12GB,Kingston NV2 500GB,Cooler Master MWE 650 Gold,Cooler box (stock),Gamemax Infinit M909,budget,5760.4
Intel i9-14900K,MSI MAG Z790 Tomahawk DDR5,DDR5 32GB 5600MHz (2x16),RTX 5070 Ti,WD Black SN850X 2TB,Corsair RM850x Gold,NZXT Kraken 360,NZXT H5 Flow,high,18949.28
AMD Ryzen 5 8400F,ASUS Prime A620M-K,DDR5 16GB 5600MHz (2x8),RX 6600,Kingston NV2 500GB,Corsair CX650 Bronze,DeepCool AK400,Corsair 3000D Airflow,entry,5055.06
AMD Ryzen 5 8400F,ASUS Prime A620M-K,DDR5 16GB 5600MHz (2x8),Arc B580,Crucial P3 500GB,Corsair RM750x Gold,Cooler box (stock),Corsair 3000D Airflow,budget,6120.08
AMD Ryzen 7 7700X,MSI PRO B850M-B,DDR5 16GB 5600MHz (2x8),RX 7800 XT,Samsung 990 Pro 1TB,Cooler Master MWE 650 Gold,DeepCool AK400,Lian Li O11 Dynamic EVO,mid,8626.89
AMD Ryzen 7 5700X,MSI B550M-A Pro,DDR4 16GB 3200MHz (2x8),RTX 5070 Ti,Samsung 990 Pro 1TB,Corsair CX650 Bronze,DeepCool AK400,Corsair 3000D Airflow,mid,10429.1
Intel i5-14600KF,ASUS TUF B760M-Plus DDR5,DDR5 32GB 6000MHz RGB,Arc B580,Kingston NV2 1TB,Cooler Master MWE 650 Gold,DeepCool AK400,Lian Li O11 Dynamic EVO,mid,10986.92
AMD Ryzen 9 9950X,MSI MAG X870E Tomahawk,DDR5 64GB 5600MHz (2x32),RX 9070 XT,Samsung 990 Pro 4TB,Corsair RM1000x Gold,DeepCool LE720 360mm,Lian Li O11 Dynamic EVO,enthusiast,20482.64
Intel i9-14900K,MSI MAG Z790 Tomahawk DDR5,DDR5 32GB 5600MHz (2x16),RX 9070 XT,Samsung 990 Pro 1TB,Corsair RM1000x Gold,DeepCool LE720 360mm,Lian Li O11 Dynamic EVO,high,16210.09
AMD Ryzen 7 7800X3D,MSI PRO B850M-B,DDR5 32GB 5600MHz (2x16),RTX 4060,WD Blue SN580 1TB,Corsair RM850x Gold,DeepCool LE720 360mm,NZXT H5 Flow,mid,9846.51
Intel i5-14600KF,MSI MAG Z790 Tomahawk DDR5,DDR5 32GB 6000MHz RGB,RTX 5090,Samsung 990 Pro 4TB,Corsair RM850x Gold,Thermalright Peerless Assassin,Lian Li O11 Dynamic EVO,high,29060.34
AMD Ryzen 7 5800X3D,ASUS TUF B550M-Plus,DDR4 32GB 3600MHz RGB,RTX 4070,Samsung 990 Pro 4TB,Corsair RM850x Gold,DeepCool LE720 360mm,NZXT H5 Flow,high,12800.12
AMD Ryzen 5 5600,MSI B550M-A Pro,DDR4 8GB 3200MHz (1x8),RX 6600,Crucial P3 500GB,Cooler Master MWE 650 Gold,DeepCool AK400,NZXT H5 Flow,budget,4098.44
Intel i7-14700KF,ASUS TUF B760M-Plus DDR5,DDR5 64GB 5600MHz (2x32),RTX 5090,WD Black SN850X 2TB,Corsair RM1000x Gold,Thermalright Peerless Assassin,NZXT H5 Flow,high,28309.81
Intel i3-12100F,MSI PRO B760M-A DDR4,DDR4 8GB 3200MHz (1x8),RTX 3060 12GB,Kingston NV2 1TB,Corsair CX650 Bronze,DeepCool AK400,Corsair 3000D Airflow,entry,4769.5
Intel i9-14900K,MSI MAG Z790 Tomahawk DDR5,DDR5 64GB 5600MHz (2x32),RTX 5070,WD Black SN850X 2TB,Corsair RM1000x Gold,DeepCool LE720 360mm,Corsair 7000D Airflow,enthusiast,19927.88
Intel i5-12400F,MSI PRO H610M-G DDR4,DDR4 16GB 3200MHz (2x8),RTX 4070,Kingston NV2 500GB,Redragon RGPS 500W Bronze,DeepCool AK400,Corsair 3000D Airflow,budget,6464.15
AMD Ryzen 7 5700X,Gigabyte A520M K V2,DDR4 32GB 3200MHz (2x16),RTX 4070,Crucial P3 500GB,Corsair RM750x Gold,DeepCool AK400,NZXT H5 Flow,budget,8065.07
Intel i5-14400F,MSI PRO B760M-A DDR4,DDR4 16GB 3200MHz (2x8),Arc B580,WD Blue SN580 1TB,Redragon RGPS 500W Bronze,Thermalright Peerless Assassin,NZXT H5 Flow,budget,6101.15
AMD Ryzen 7 7700X,MSI MAG B650 Tomahawk,DDR5 32GB 6000MHz RGB,RTX 4060,WD Blue SN580 1TB,Corsair CX650 Bronze,DeepCool AK400,Corsair 3000D Airflow,mid,9983.41
AMD Ryzen 7 5800X3D,ASUS TUF B550M-Plus,DDR4 16GB 3200MHz (2x8),RX 9070 XT,Samsung 990 Pro 1TB,Corsair CX650 Bronze,DeepCool AK400,Corsair 3000D Airflow,mid,9094.46
Intel i3-12100F,MSI PRO B760M-A DDR4,DDR4 8GB 3200MHz (1x8),RTX 5060 Ti 16GB,Kingston NV2 500GB,Corsair RM750x Gold,Thermalright Peerless Assassin,Corsair 3000D Airflow,budget,6668.04
Intel i5-14600KF,MSI PRO B760M-A DDR4,DDR4 32GB 3200MHz (2x16),RTX 3060 12GB,WD Blue SN580 1TB,Corsair RM750x Gold,Cooler box (stock),Corsair 3000D Airflow,budget,6186.56
AMD Ryzen 7 7700X,ASUS Prime A620M-K,DDR5 16GB 5600MHz (2x8),RTX 4070,Kingston NV2 500GB,Redragon RGPS 500W Bronze,DeepCool AK400,Gamemax Infinit M909,budget,7584.73
AMD Ryzen 7 5800X3D,ASUS TUF B550M-Plus,DDR4 32GB 3600MHz RGB,RTX 5070 Ti,WD Black SN850X 2TB,Corsair RM850x Gold,DeepCool LE720 360mm,Corsair 7000D Airflow,high,16572.47
AMD Ryzen 5 5500,Gigabyte A520M K V2,DDR4 8GB 3200MHz (1x8),RX 6600,Kingston NV2 1TB,Cooler Master MWE 650 Gold,Cooler box (stock),NZXT H5 Flow,budget,3849.53
AMD Ryzen 7 5700X,MSI B550M-A Pro,DDR4 16GB 3200MHz (2x8),RX 9070 XT,Kingston NV2 1TB,Corsair CX650 Bronze,DeepCool LE720 360mm,Lian Li O11 Dynamic EVO,mid,8765.93
AMD Ryzen 7 5700X,MSI B550M-A Pro,DDR4 32GB 3200MHz (2x16),RX 7600,WD Black SN850X 2TB,Corsair RM750x Gold,Thermalright Peerless Assassin,NZXT H5 Flow,mid,7373.02
AMD Ryzen 7 5700X,MSI B550M-A Pro,DDR4 16GB 3200MHz (2x8),RTX 5060 Ti 16GB,WD Blue SN580 1TB,Corsair RM750x Gold,DeepCool AK400,NZXT H5 Flow,mid,8072.88
Intel i5-14600KF,MSI MAG Z790 Tomahawk DDR5,DDR5 32GB 6000MHz RGB,Arc B580,WD Black SN850X 2TB,Corsair CX650 Bronze,DeepCool AK400,Corsair 3000D Airflow,mid,10932.71
AMD Ryzen 7 5700X,MSI B550M-A Pro,DDR4 8GB 3200MHz (1x8),RTX 3060 12GB,Kingston NV2 500GB,Redragon RGPS 500W Bronze,DeepCool AK400,Corsair 3000D Airflow,entry,4729.76
AMD Ryzen 7 7700X,MSI MAG X870E Tomahawk,DDR5 16GB 5600MHz (2x8),RTX 5060 Ti 16GB,WD Black SN850X 2TB,Cooler Master MWE 650 Gold,DeepCool AK400,Corsair 3000D Airflow,mid,10607.72
AMD Ryzen 7 5800X3D,ASUS TUF B550M-Plus,DDR4 32GB 3200MHz (2x16),RTX 4070,Samsung 990 Pro 4TB,Corsair RM750x Gold,Thermalright Peerless Assassin,NZXT H5 Flow,high,10915.66
Intel i5-14400F,MSI PRO B760M-A DDR4,DDR4 8GB 3200MHz (1x8),GTX 1650,Kingston NV2 500GB,Redragon RGPS 500W Bronze,Cooler box (stock),Corsair 3000D Airflow,entry,3617.78
AMD Ryzen 7 5700X,Gigabyte A520M K V2,DDR4 32GB 3200MHz (2x16),RTX 3060 12GB,Crucial P3 500GB,Corsair RM750x Gold,DeepCool AK400,Gamemax Infinit M909,budget,5546.81
Intel i5-14400F,MSI PRO B760M-A DDR4,DDR4 32GB 3600MHz RGB,RX 7600,Samsung 990 Pro 1TB,Corsair CX650 Bronze,Thermalright Peerless Assassin,NZXT H5 Flow,mid,7463.49
AMD Ryzen 7 9800X3D,MSI MAG X870E Tomahawk,DDR5 64GB 5600MHz (2x32),RTX 4070,WD Black SN850X 2TB,Corsair RM1000x Gold,NZXT Kraken 360,Corsair 7000D Airflow,high,20136.06
AMD Ryzen 7 7700X,MSI MAG B650 Tomahawk,DDR5 64GB 5600MHz (2x32),RTX 4070,Samsung 990 Pro 4TB,Corsair RM850x Gold,Thermalright Peerless Assassin,NZXT H5 Flow,high,16113.41
AMD Ryzen 7 5700X,Gigabyte A520M K V2,DDR4 8GB 3200MHz (1x8),RTX 4060,Kingston NV2 500GB,Cooler Master MWE 650 Gold,Cooler box (stock),Corsair 3000D Airflow,entry,5051.23
AMD Ryzen 5 7600,MSI MAG X870E Tomahawk,DDR5 32GB 6000MHz RGB,RTX 4070,Samsung 990 Pro 1TB,Corsair RM750x Gold,DeepCool LE720 360mm,NZXT H5 Flow,mid,12698.56
Intel i5-14600KF,MSI MAG Z790 Tomahawk DDR5,DDR5 32GB 6000MHz RGB,RTX 5070,WD Black SN850X 2TB,Corsair RM850x Gold,NZXT Kraken 360,Lian Li O11 Dynamic EVO,high,14547.61
AMD Ryzen 9 9950X,MSI MAG X870E Tomahawk,DDR5 64GB 5600MHz (2x32),RTX 5070 Ti,WD Black SN850X 2TB,Corsair RM1000x Gold,DeepCool LE720 360mm,Corsair 7000D Airflow,enthusiast,21442.31
AMD Ryzen 7 7700X,MSI MAG B650 Tomahawk,DDR5 32GB 6000MHz RGB,RTX 4070,Samsung 990 Pro 1TB,Corsair RM750x Gold,DeepCool AK400,Corsair 3000D Airflow,mid,12348.9
Intel i5-12400F,ASUS TUF B760M-Plus DDR5,DDR5 32GB 5600MHz (2x16),RTX 5060 Ti 16GB,Kingston NV2 1TB,Redragon RGPS 500W Bronze,Thermalright Peerless Assassin,Gamemax Infinit M909,budget,9295.83
AMD Ryzen 7 5800X3D,ASUS TUF B550M-Plus,DDR4 16GB 3200MHz (2x8),RX 7600,WD Blue SN580 1TB,Cooler Master MWE 650 Gold,DeepCool LE720 360mm,NZXT H5 Flow,mid,6994.89
AMD Ryzen 7 5800X3D,Gigabyte A520M K V2,DDR4 32GB 3600MHz RGB,RTX 5070 Ti,WD Black SN850X 2TB,Corsair RM850x Gold,DeepCool LE720 360mm,Corsair 7000D Airflow,enthusiast,14611.12
Intel i5-14400F,ASUS TUF B760M-Plus DDR5,DDR5 16GB 5600MHz (2x8),RX 7600,Kingston NV2 500GB,Corsair CX650 Bronze,Thermalright Peerless Assassin,Gamemax Infinit M909,budget,6513.73
AMD Ryzen 5 8400F,MSI PRO B850M-B,DDR5 16GB 5600MHz (2x8),RTX 3060 12GB,Crucial P3 500GB,Corsair CX650 Bronze,DeepCool AK400,Corsair 3000D Airflow,entry,5192.03
AMD Ryzen 7 5800X3D,MSI B550M-A Pro,DDR4 32GB 3600MHz RGB,RTX 4060,Crucial P3 500GB,Corsair RM750x Gold,Thermalright Peerless Assassin,NZXT H5 Flow,mid,8296.05
AMD Ryzen 7 7700X,MSI PRO B850M-B,DDR5 16GB 5600MHz (2x8),RTX 5060 Ti 16GB,WD Blue SN580 1TB,Corsair RM750x Gold,DeepCool AK400,Lian Li O11 Dynamic EVO,mid,9148.65
AMD Ryzen 7 7700X,MSI MAG B650 Tomahawk,DDR5 32GB 5600MHz (2x16),RX 7800 XT,WD Black SN850X 2TB,Corsair RM850x Gold,Thermalright Peerless Assassin,Lian Li O11 Dynamic EVO,mid,11788.77
Intel i5-14600KF,MSI PRO B760M-A DDR4,DDR4 16GB 3200MHz (2x8),RTX 4070,WD Blue SN580 1TB,Corsair RM850x Gold,DeepCool LE720 360mm,Corsair 3000D Airflow,mid,8700.8
Intel i5-14600KF,MSI PRO B760M-A DDR4,DDR4 16GB 3200MHz (2x8),RX 7800 XT,Crucial P3 500GB,Corsair CX650 Bronze,DeepCool LE720 360mm,Corsair 3000D Airflow,mid,7009.4
AMD Ryzen 7 7800X3D,MSI MAG X870E Tomahawk,DDR5 64GB 5600MHz (2x32),RTX 5090,WD Black SN850X 2TB,Corsair RM1000x Gold,DeepCool LE720 360mm,Lian Li O11 Dynamic EVO,enthusiast,33606.12
AMD Ryzen 5 7600,MSI PRO B850M-B,DDR5 16GB 5600MHz (2x8),RX 7600,Crucial P3 500GB,Corsair RM750x Gold,DeepCool AK400,NZXT H5 Flow,budget,6523.78
Intel i5-14400F,MSI PRO H610M-G DDR4,DDR4 16GB 3200MHz (2x8),RX 6600,Kingston NV2 500GB,Cooler Master MWE 650 Gold,Cooler box (stock),Gamemax Infinit M909,entry,3670.18
Intel i5-14600KF,ASUS TUF B760M-Plus DDR5,DDR5 32GB 6000MHz RGB,RTX 5080,WD Blue SN580 1TB,Corsair RM750x Gold,Thermalright Peerless Assassin,Corsair 7000D Airflow,high,16376.77
Intel i5-12400F,MSI PRO H610M-G DDR4,DDR4 8GB 3200MHz (1x8),RX 6600,Crucial P3 500GB,Corsair CX650 Bronze,DeepCool AK400,Gamemax Infinit M909,entry,3415.69
Intel i5-14600KF,ASUS TUF B760M-Plus DDR5,DDR5 32GB 6000MHz RGB,RTX 5070 Ti,WD Blue SN580 1TB,Corsair RM1000x Gold,DeepCool LE720 360mm,NZXT H5 Flow,high,16345.28
Intel i5-12400F,MSI PRO B760M-A DDR4,DDR4 16GB 3200MHz (2x8),GTX 1650,WD Blue SN580 1TB,Corsair RM750x Gold,Cooler box (stock),Corsair 3000D Airflow,budget,4153.1
AMD Ryzen 7 7800X3D,MSI MAG X870E Tomahawk,DDR5 32GB 6000MHz RGB,RX 9070 XT,Samsung 990 Pro 4TB,Corsair RM1000x Gold,NZXT Kraken 360,Corsair 7000D Airflow,enthusiast,19243.71
Intel i9-14900K,MSI MAG Z790 Tomahawk DDR5,DDR5 64GB 5600MHz (2x32),RTX 5070,Samsung 990 Pro 1TB,Corsair RM1000x Gold,DeepCool LE720 360mm,Corsair 7000D Airflow,enthusiast,18907.91
AMD Ryzen 5 7600,MSI MAG B650 Tomahawk,DDR5 32GB 5600MHz (2x16),RX 6600,WD Blue SN580 1TB,Corsair CX650 Bronze,Thermalright Peerless Assassin,Corsair 3000D Airflow,budget,7529.31
Intel i7-14700KF,ASUS TUF B760M-Plus DDR5,DDR5 32GB 5600MHz (2x16),RTX 5070 Ti,Samsung 990 Pro 1TB,Corsair RM1000x Gold,Thermalright Peerless Assassin,Lian Li O11 Dynamic EVO,high,16793.46
AMD Ryzen 5 8400F,MSI MAG B650 Tomahawk,DDR5 16GB 5600MHz (2x8),RTX 4070,WD Blue SN580 1TB,Redragon RGPS 500W Bronze,Cooler box (stock),NZXT H5 Flow,budget,8002.46
AMD Ryzen 5 7600,MSI MAG X870E Tomahawk,DDR5 32GB 6000MHz RGB,RX 7800 XT,Samsung 990 Pro 1TB,Corsair RM750x Gold,DeepCool LE720 360mm,Corsair 3000D Airflow,mid,12266.82
AMD Ryzen 7 7800X3D,MSI MAG B650 Tomahawk,DDR5 32GB 6000MHz RGB,RX 9070 XT,Samsung 990 Pro 1TB,Corsair RM750x Gold,NZXT Kraken 360,Corsair 7000D Airflow,high,15316.29
AMD Ryzen 7 5700X,MSI B550M-A Pro,DDR4 32GB 3200MHz (2x16),RX 7800 XT,Crucial P3 500GB,Corsair RM850x Gold,DeepCool AK400,NZXT H5 Flow,mid,8377.9
Intel i7-14700KF,ASUS TUF B760M-Plus DDR5,DDR5 32GB 5600MHz (2x16),RTX 5070,WD Black SN850X 2TB,Corsair RM850x Gold,DeepCool LE720 360mm,NZXT H5 Flow,high,13964.93
Intel i9-14900K,MSI MAG Z790 Tomahawk DDR5,DDR5 64GB 5600MHz (2x32),RTX 5070,Samsung 990 Pro 4TB,Corsair RM850x Gold,DeepCool LE720 360mm,Lian Li O11 Dynamic EVO,enthusiast,19634.94
AMD Ryzen 7 7800X3D,MSI MAG X870E Tomahawk,DDR5 32GB 6000MHz RGB,RTX 5080,WD Black SN850X 2TB,Corsair RM850x Gold,NZXT Kraken 360,Corsair 7000D Airflow,enthusiast,22000.26
AMD Ryzen 7 5800X3D,ASUS TUF B550M-Plus,DDR4 32GB 3600MHz RGB,RX 9070 XT,WD Black SN850X 2TB,Corsair RM1000x Gold,DeepCool LE720 360mm,Corsair 7000D Airflow,enthusiast,13401.17
AMD Ryzen 7 9800X3D,MSI MAG X870E Tomahawk,DDR5 32GB 6000MHz RGB,RTX 5070 Ti,Samsung 990 Pro 4TB,Corsair RM850x Gold,NZXT Kraken 360,Lian Li O11 Dynamic EVO,enthusiast,20772.22
AMD Ryzen 7 7700X,MSI PRO B850M-B,DDR5 32GB 6000MHz RGB,RX 9070 XT,WD Black SN850X 2TB,Cooler Master MWE 650 Gold,Thermalright Peerless Assassin,NZXT H5 Flow,mid,12387.79
AMD Ryzen 7 5700X,ASUS TUF B550M-Plus,DDR4 32GB 3200MHz (2x16),RX 9070 XT,Kingston NV2 1TB,Corsair CX650 Bronze,DeepCool AK400,Lian Li O11 Dynamic EVO,mid,10416.98
Intel i3-12100F,MSI PRO H610M-G DDR4,DDR4 16GB 3200MHz (2x8),RTX 3060 12GB,Kingston NV2 1TB,Corsair RM750x Gold,Cooler box (stock),Gamemax Infinit M909,budget,4294.3
AMD Ryzen 7 7700X,MSI MAG X870E Tomahawk,DDR5 32GB 6000MHz RGB,RTX 5070 Ti,Samsung 990 Pro 1TB,Corsair RM1000x Gold,DeepCool LE720 360mm,NZXT H5 Flow,high,18322.4
AMD Ryzen 5 5600,Gigabyte A520M K V2,DDR4 32GB 3200MHz (2x16),RTX 4070,Crucial P3 500GB,Redragon RGPS 500W Bronze,DeepCool AK400,Gamemax Infinit M909,budget,7176.85
AMD Ryzen 5 5600,Gigabyte A520M K V2,DDR4 16GB 3200MHz (2x8),RTX 4060,Kingston NV2 500GB,Corsair RM750x Gold,DeepCool AK400,NZXT H5 Flow,budget,4984.25
AMD Ryzen 7 7800X3D,MSI MAG X870E Tomahawk,DDR5 32GB 6000MHz RGB,RX 7600,Kingston NV2 1TB,Corsair CX650 Bronze,DeepCool AK400,Corsair 3000D Airflow,mid,11028.3
AMD Ryzen 5 5600,ASUS TUF B550M-Plus,DDR4 16GB 3200MHz (2x8),RTX 4070,Kingston NV2 500GB,Redragon RGPS 500W Bronze,DeepCool AK400,Corsair 3000D Airflow,budget,6248.0
AMD Ryzen 5 8400F,MSI PRO B850M-B,DDR5 16GB 5600MHz (2x8),RX 7600,Crucial P3 500GB,Corsair CX650 Bronze,DeepCool AK400,Corsair 3000D Airflow,entry,5401.8
AMD Ryzen 7 7800X3D,MSI PRO B850M-B,DDR5 16GB 5600MHz (2x8),RX 7600,WD Black SN850X 2TB,Corsair RM750x Gold,DeepCool LE720 360mm,Corsair 3000D Airflow,mid,8321.88
AMD Ryzen 7 7800X3D,MSI MAG B650 Tomahawk,DDR5 64GB 5600MHz (2x32),RTX 4070,WD Blue SN580 1TB,Corsair RM1000x Gold,Thermalright Peerless Assassin,NZXT H5 Flow,high,15057.7
AMD Ryzen 7 5700X,ASUS TUF B550M-Plus,DDR4 16GB 3200MHz (2x8),RTX 5070 Ti,WD Blue SN580 1TB,Corsair RM750x Gold,Thermalright Peerless Assassin,Corsair 3000D Airflow,mid,11772.79
AMD Ryzen 7 5700X,ASUS TUF B550M-Plus,DDR4 32GB 3200MHz (2x16),RX 7600,WD Blue SN580 1TB,Corsair RM850x Gold,DeepCool AK400,Lian Li O11 Dynamic EVO,mid,7679.07
Intel i5-14600KF,MSI MAG Z790 Tomahawk DDR5,DDR5 32GB 6000MHz RGB,RTX 4070,WD Black SN850X 2TB,Corsair RM850x Gold,DeepCool LE720 360mm,Lian Li O11 Dynamic EVO,mid,13052.99
AMD Ryzen 7 7700X,MSI MAG X870E Tomahawk,DDR5 32GB 6000MHz RGB,RX 7800 XT,WD Black SN850X 2TB,Corsair RM850x Gold,NZXT Kraken 360,NZXT H5 Flow,high,13759.0
AMD Ryzen 5 7600,MSI MAG B650 Tomahawk,DDR5 16GB 5600MHz (2x8),Arc B580,Samsung 990 Pro 1TB,Corsair RM850x Gold,DeepCool LE720 360mm,Lian Li O11 Dynamic EVO,mid,9011.53
AMD Ryzen 7 7700X,MSI PRO B850M-B,DDR5 32GB 6000MHz RGB,RTX 5070 Ti,Kingston NV2 1TB,Corsair CX650 Bronze,DeepCool LE720 360mm,Corsair 3000D Airflow,mid,14073.08
Intel i5-14400F,ASUS TUF B760M-Plus DDR5,DDR5 32GB 6000MHz RGB,RTX 4060,Kingston NV2 1TB,Corsair RM850x Gold,DeepCool LE720 360mm,NZXT H5 Flow,mid,10905.68
Intel i7-14700KF,MSI PRO B760M-A DDR4,DDR4 32GB 3200MHz (2x16),RTX 5070,WD Black SN850X 2TB,Corsair RM750x Gold,Thermalright Peerless Assassin,NZXT H5 Flow,mid,10008.01
AMD Ryzen 7 5800X3D,ASUS TUF B550M-Plus,DDR4 32GB 3200MHz (2x16),RTX 5070,Samsung 990 Pro 1TB,Corsair RM750x Gold,DeepCool LE720 360mm,Lian Li O11 Dynamic EVO,high,11726.81
Intel i7-14700KF,MSI MAG Z790 Tomahawk DDR5,DDR5 32GB 6000MHz RGB,RTX 5070,Crucial P3 500GB,Corsair RM850x Gold,DeepCool LE720 360mm,Lian Li O11 Dynamic EVO,mid,13693.25
AMD Ryzen 7 9800X3D,MSI MAG B650 Tomahawk,DDR5 32GB 5600MHz (2x16),RTX 5090,Samsung 990 Pro 1TB,Corsair RM750x Gold,DeepCool LE720 360mm,Lian Li O11 Dynamic EVO,high,29184.1
AMD Ryzen 5 8400F,MSI MAG B650 Tomahawk,DDR5 16GB 5600MHz (2x8),GTX 1650,Kingston NV2 1TB,Corsair CX650 Bronze,Cooler box (stock),Corsair 3000D Airflow,budget,5002.16
Intel i5-14400F,MSI MAG Z790 Tomahawk DDR5,DDR5 16GB 5600MHz (2x8),RTX 4060,Kingston NV2 1TB,Corsair RM750x Gold,Thermalright Peerless Assassin,Lian Li O11 Dynamic EVO,mid,8664.63
Intel i5-14400F,MSI PRO B760M-A DDR4,DDR4 8GB 3200MHz (1x8),GTX 1650,Kingston NV2 1TB,Corsair CX650 Bronze,DeepCool AK400,Corsair 3000D Airflow,entry,4206.3
Intel i5-12400F,MSI PRO H610M-G DDR4,DDR4 8GB 3200MHz (1x8),RX 7800 XT,Kingston NV2 500GB,Redragon RGPS 500W Bronze,Cooler box (stock),Corsair 3000D Airflow,budget,5900.89
Intel i7-14700KF,ASUS TUF B760M-Plus DDR5,DDR5 32GB 6000MHz RGB,RTX 4070,WD Blue SN580 1TB,Corsair RM1000x Gold,Thermalright Peerless Assassin,Lian Li O11 Dynamic EVO,high,12339.88
AMD Ryzen 5 5600,MSI B550M-A Pro,DDR4 8GB 3200MHz (1x8),RTX 4070,Kingston NV2 500GB,Corsair CX650 Bronze,Cooler box (stock),Gamemax Infinit M909,budget,5973.32
AMD Ryzen 7 5700X,Gigabyte A520M K V2,DDR4 8GB 3200MHz (1x8),RTX 4060,Kingston NV2 500GB,Cooler Master MWE 650 Gold,DeepCool AK400,Gamemax Infinit M909,entry,5120.61
AMD Ryzen 5 7600,ASUS Prime A620M-K,DDR5 32GB 5600MHz (2x16),RTX 4060,Kingston NV2 500GB,Cooler Master MWE 650 Gold,Thermalright Peerless Assassin,NZXT H5 Flow,budget,9022.91
AMD Ryzen 5 5600,ASUS TUF B550M-Plus,DDR4 32GB 3200MHz (2x16),Arc B580,Kingston NV2 1TB,Corsair CX650 Bronze,Cooler box (stock),NZXT H5 Flow,budget,5729.99
AMD Ryzen 7 5700X,ASUS TUF B550M-Plus,DDR4 32GB 3600MHz RGB,Arc B580,Kingston NV2 1TB,Corsair RM850x Gold,Thermalright Peerless Assassin,Corsair 3000D Airflow,mid,8612.17
Intel i5-12400F,MSI PRO H610M-G DDR4,DDR4 8GB 3200MHz (1x8),RTX 3060 12GB,Crucial P3 500GB,Cooler Master MWE 650 Gold,DeepCool AK400,Gamemax Infinit M909,entry,4388.69
AMD Ryzen 5 5600,MSI B550M-A Pro,DDR4 16GB 3200MHz (2x8),RX 7600,Kingston NV2 500GB,Redragon RGPS 500W Bronze,DeepCool AK400,NZXT H5 Flow,budget,4466.38
Intel i5-14600KF,MSI MAG Z790 Tomahawk DDR5,DDR5 64GB 5600MHz (2x32),RX 9070 XT,WD Black SN850X 2TB,Corsair RM850x Gold,NZXT Kraken 360,Corsair 7000D Airflow,high,18770.08
Intel i7-14700KF,ASUS TUF B760M-Plus DDR5,DDR5 16GB 5600MHz (2x8),RTX 4070,Kingston NV2 1TB,Cooler Master MWE 650 Gold,DeepCool AK400,NZXT H5 Flow,mid,9612.42
AMD Ryzen 7 9800X3D,MSI MAG X870E Tomahawk,DDR5 32GB 5600MHz (2x16),RTX 5090,Samsung 990 Pro 1TB,Corsair RM1000x Gold,NZXT Kraken 360,Lian Li O11 Dynamic EVO,high,30926.42
AMD Ryzen 5 8400F,MSI PRO B850M-B,DDR5 32GB 5600MHz (2x16),RTX 3060 12GB,Kingston NV2 1TB,Redragon RGPS 500W Bronze,Cooler box (stock),NZXT H5 Flow,budget,7635.03
Intel i5-14400F,MSI PRO B760M-A DDR4,DDR4 32GB 3600MHz RGB,RTX 4070,WD Blue SN580 1TB,Cooler Master MWE 650 Gold,DeepCool AK400,Lian Li O11 Dynamic EVO,mid,10196.63
Intel i5-12400F,MSI PRO H610M-G DDR4,DDR4 32GB 3200MHz (2x16),RTX 3060 12GB,Crucial P3 500GB,Redragon RGPS 500W Bronze,Cooler box (stock),Corsair 3000D Airflow,budget,4715.45
Intel i5-14400F,MSI PRO H610M-G DDR4,DDR4 8GB 3200MHz (1x8),GTX 1650,Kingston NV2 1TB,Cooler Master MWE 650 Gold,Cooler box (stock),Gamemax Infinit M909,entry,3717.66
AMD Ryzen 7 7700X,ASUS Prime A620M-K,DDR5 16GB 5600MHz (2x8),GTX 1650,Crucial P3 500GB,Cooler Master MWE 650 Gold,DeepCool AK400,Gamemax Infinit M909,budget,5318.07
AMD Ryzen 5 5600,MSI B550M-A Pro,DDR4 16GB 3200MHz (2x8),GTX 1650,Kingston NV2 500GB,Corsair CX650 Bronze,Cooler box (stock),Corsair 3000D Airflow,entry,3310.14
AMD Ryzen 7 7700X,MSI MAG B650 Tomahawk,DDR5 16GB 5600MHz (2x8),RTX 3060 12GB,Kingston NV2 500GB,Redragon RGPS 500W Bronze,Cooler box (stock),Corsair 3000D Airflow,budget,5863.96
Intel i9-14900K,MSI MAG Z790 Tomahawk DDR5,DDR5 64GB 5600MHz (2x32),RTX 5070 Ti,WD Black SN850X 2TB,Corsair RM850x Gold,DeepCool LE720 360mm,Lian Li O11 Dynamic EVO,enthusiast,21592.49
Intel i3-12100F,MSI PRO B760M-A DDR4,DDR4 16GB 3200MHz (2x8),RX 7600,Crucial P3 500GB,Redragon RGPS 500W Bronze,DeepCool AK400,Gamemax Infinit M909,entry,4096.34
AMD Ryzen 7 7800X3D,MSI MAG B650 Tomahawk,DDR5 64GB 5600MHz (2x32),RX 7800 XT,Samsung 990 Pro 1TB,Corsair RM850x Gold,Thermalright Peerless Assassin,Corsair 7000D Airflow,high,14985.53
Intel i5-14400F,ASUS TUF B760M-Plus DDR5,DDR5 32GB 5600MHz (2x16),GTX 1650,Kingston NV2 500GB,Redragon RGPS 500W Bronze,Cooler box (stock),Gamemax Infinit M909,budget,7020.77
AMD Ryzen 5 5500,ASUS TUF B550M-Plus,DDR4 16GB 3200MHz (2x8),RTX 4060,WD Blue SN580 1TB,Cooler Master MWE 650 Gold,Thermalright Peerless Assassin,Corsair 3000D Airflow,budget,5526.44
AMD Ryzen 7 7800X3D,MSI PRO B850M-B,DDR5 32GB 5600MHz (2x16),RTX 5070,WD Black SN850X 2TB,Corsair RM750x Gold,DeepCool LE720 360mm,Corsair 3000D Airflow,mid,12250.53
AMD Ryzen 7 9800X3D,MSI MAG X870E Tomahawk,DDR5 32GB 6000MHz RGB,RTX 5070,Samsung 990 Pro 4TB,Corsair RM1000x Gold,NZXT Kraken 360,Lian Li O11 Dynamic EVO,enthusiast,18396.53
Intel i9-14900K,ASUS TUF B760M-Plus DDR5,DDR5 32GB 5600MHz (2x16),RTX 5060 Ti 16GB,Samsung 990 Pro 4TB,Corsair RM1000x Gold,Thermalright Peerless Assassin,Lian Li O11 Dynamic EVO,high,14677.45
AMD Ryzen 7 7700X,MSI MAG B650 Tomahawk,DDR5 32GB 5600MHz (2x16),RTX 4070,Crucial P3 500GB,Corsair CX650 Bronze,Thermalright Peerless Assassin,NZXT H5 Flow,mid,11721.28
AMD Ryzen 5 5500,Gigabyte A520M K V2,DDR4 16GB 3200MHz (2x8),RX 7600,Kingston NV2 500GB,Cooler Master MWE 650 Gold,Cooler box (stock),Corsair 3000D Airflow,entry,4494.84
AMD Ryzen 5 8400F,MSI PRO B850M-B,DDR5 16GB 5600MHz (2x8),RTX 4070,WD Blue SN580 1TB,Corsair RM750x Gold,DeepCool AK400,Corsair 3000D Airflow,budget,8033.37
Intel i5-14600KF,MSI PRO B760M-A DDR4,DDR4 16GB 3200MHz (2x8),RX 9070 XT,WD Black SN850X 2TB,Corsair RM850x Gold,Thermalright Peerless Assassin,NZXT H5 Flow,mid,9753.22
AMD Ryzen 5 7600,ASUS Prime A620M-K,DDR5 16GB 5600MHz (2x8),RX 7800 XT,Kingston NV2 1TB,Cooler Master MWE 650 Gold,Thermalright Peerless Assassin,Gamemax Infinit M909,budget,7718.98
AMD Ryzen 7 5800X3D,Gigabyte A520M K V2,DDR4 32GB 3600MHz RGB,RX 9070 XT,WD Black SN850X 2TB,Corsair RM1000x Gold,DeepCool LE720 360mm,Lian Li O11 Dynamic EVO,enthusiast,13201.37
AMD Ryzen 7 5800X3D,MSI B550M-A Pro,DDR4 16GB 3200MHz (2x8),RX 7600,Crucial P3 500GB,Corsair RM750x Gold,DeepCool LE720 360mm,Lian Li O11 Dynamic EVO,mid,7443.04
AMD Ryzen 5 7600,MSI MAG B650 Tomahawk,DDR5 32GB 6000MHz RGB,RTX 4070,Samsung 990 Pro 1TB,Cooler Master MWE 650 Gold,DeepCool LE720 360mm,NZXT H5 Flow,mid,11645.06
Intel i5-14400F,MSI PRO B760M-A DDR4,DDR4 32GB 3200MHz (2x16),RTX 4060,WD Blue SN580 1TB,Corsair CX650 Bronze,DeepCool AK400,Corsair 3000D Airflow,mid,6583.45
AMD Ryzen 5 8400F,ASUS Prime A620M-K,DDR5 16GB 5600MHz (2x8),RX 6600,Kingston NV2 500GB,Cooler Master MWE 650 Gold,Cooler box (stock),Corsair 3000D Airflow,entry,5040.38
Intel i5-14600KF,MSI MAG Z790 Tomahawk DDR5,DDR5 16GB 5600MHz (2x8),RTX 5070,WD Blue SN580 1TB,Corsair CX650 Bronze,Thermalright Peerless Assassin,Lian Li O11 Dynamic EVO,mid,9705.99
AMD Ryzen 7 5800X3D,ASUS TUF B550M-Plus,DDR4 32GB 3200MHz (2x16),RTX 4060,Kingston NV2 1TB,Corsair RM750x Gold,DeepCool AK400,NZXT H5 Flow,mid,7651.42
Intel i5-14400F,MSI PRO H610M-G DDR4,DDR4 8GB 3200MHz (1x8),GTX 1650,Crucial P3 500GB,Corsair CX650 Bronze,Cooler box (stock),Corsair 3000D Airflow,entry,3506.83
AMD Ryzen 7 7700X,MSI MAG B650 Tomahawk,DDR5 32GB 6000MHz RGB,RTX 4070,WD Blue SN580 1TB,Corsair RM1000x Gold,DeepCool LE720 360mm,Corsair 7000D Airflow,high,13356.91
AMD Ryzen 7 5700X,MSI B550M-A Pro,DDR4 8GB 3200MHz (1x8),RTX 4060,Kingston NV2 500GB,Corsair CX650 Bronze,DeepCool AK400,Gamemax Infinit M909,entry,4856.74
AMD Ryzen 7 7800X3D,MSI MAG X870E Tomahawk,DDR5 32GB 6000MHz RGB,RTX 4070,Samsung 990 Pro 1TB,Cooler Master MWE 650 Gold,DeepCool LE720 360mm,NZXT H5 Flow,mid,14506.88
AMD Ryzen 7 7700X,MSI MAG X870E Tomahawk,DDR5 16GB 5600MHz (2x8),RTX 4060,Crucial P3 500GB,Cooler Master MWE 650 Gold,DeepCool AK400,NZXT H5 Flow,mid,8690.62
AMD Ryzen 7 5800X3D,MSI B550M-A Pro,DDR4 32GB 3600MHz RGB,RTX 5070 Ti,WD Black SN850X 2TB,Corsair RM1000x Gold,DeepCool LE720 360mm,Lian Li O11 Dynamic EVO,enthusiast,15003.43
AMD Ryzen 9 9950X,MSI MAG B650 Tomahawk,DDR5 32GB 6000MHz RGB,RX 7800 XT,Samsung 990 Pro 1TB,Corsair RM850x Gold,DeepCool LE720 360mm,NZXT H5 Flow,high,15024.4
AMD Ryzen 7 5700X,MSI B550M-A Pro,DDR4 32GB 3200MHz (2x16),RTX 4070,Samsung 990 Pro 1TB,Corsair RM750x Gold,DeepCool LE720 360mm,Corsair 3000D Airflow,mid,8965.73
Intel i5-14400F,MSI PRO H610M-G DDR4,DDR4 32GB 3200MHz (2x16),RTX 4060,Kingston NV2 1TB,Redragon RGPS 500W Bronze,DeepCool AK400,Gamemax Infinit M909,budget,6357.8
AMD Ryzen 7 7700X,ASUS Prime A620M-K,DDR5 32GB 5600MHz (2x16),RTX 4070,Kingston NV2 500GB,Corsair CX650 Bronze,DeepCool AK400,Gamemax Infinit M909,budget,10038.86
Intel i5-14400F,MSI PRO B760M-A DDR4,DDR4 32GB 3600MHz RGB,Arc B580,Samsung 990 Pro 1TB,Corsair RM850x Gold,Thermalright Peerless Assassin,Corsair 3000D Airflow,mid,8053.35
Intel i9-14900K,MSI MAG Z790 Tomahawk DDR5,DDR5 32GB 5600MHz (2x16),RTX 5070 Ti,Samsung 990 Pro 1TB,Corsair RM750x Gold,DeepCool LE720 360mm,NZXT H5 Flow,high,16931.89
AMD Ryzen 5 5600,ASUS TUF B550M-Plus,DDR4 16GB 3200MHz (2x8),RTX 4060,Kingston NV2 500GB,Redragon RGPS 500W Bronze,Cooler box (stock),Gamemax Infinit M909,budget,4788.24
Intel i9-14900K,MSI MAG Z790 Tomahawk DDR5,DDR5 32GB 6000MHz RGB,RTX 5070 Ti,WD Black SN850X 2TB,Corsair RM850x Gold,NZXT Kraken 360,Corsair 7000D Airflow,enthusiast,19487.18
Intel i3-12100F,MSI PRO B760M-A DDR4,DDR4 16GB 3200MHz (2x8),RX 7600,Kingston NV2 500GB,Cooler Master MWE 650 Gold,DeepCool AK400,Gamemax Infinit M909,entry,4676.95
Intel i5-12400F,ASUS TUF B760M-Plus DDR5,DDR5 16GB 5600MHz (2x8),RX 7600,WD Blue SN580 1TB,Redragon RGPS 500W Bronze,Cooler box (stock),Gamemax Infinit M909,budget,5824.19
Intel i9-14900K,MSI MAG Z790 Tomahawk DDR5,DDR5 64GB 5600MHz (2x32),RTX 5080,Samsung 990 Pro 4TB,Corsair RM1000x Gold,NZXT Kraken 360,Lian Li O11 Dynamic EVO,enthusiast,24019.9
Intel i5-14400F,MSI MAG Z790 Tomahawk DDR5,DDR5 16GB 5600MHz (2x8),RTX 4070,Kingston NV2 1TB,Corsair CX650 Bronze,Thermalright Peerless Assassin,NZXT H5 Flow,mid,9837.52
AMD Ryzen 7 7800X3D,MSI MAG X870E Tomahawk,DDR5 64GB 5600MHz (2x32),RX 9070 XT,WD Black SN850X 2TB,Corsair RM1000x Gold,DeepCool LE720 360mm,Lian Li O11 Dynamic EVO,enthusiast,17720.36
Intel i5-12400F,MSI PRO H610M-G DDR4,DDR4 8GB 3200MHz (1x8),RTX 3060 12GB,Kingston NV2 1TB,Redragon RGPS 500W Bronze,Cooler box (stock),Gamemax Infinit M909,budget,3666.39
AMD Ryzen 7 9800X3D,MSI MAG X870E Tomahawk,DDR5 32GB 6000MHz RGB,RTX 5070,Samsung 990 Pro 1TB,Corsair RM850x Gold,NZXT Kraken 360,Lian Li O11 Dynamic EVO,enthusiast,16348.93
AMD Ryzen 7 5700X,Gigabyte A520M K V2,DDR4 16GB 3200MHz (2x8),Arc B580,Crucial P3 500GB,Corsair CX650 Bronze,DeepCool AK400,Gamemax Infinit M909,entry,5220.61
AMD Ryzen 7 7800X3D,MSI PRO B850M-B,DDR5 16GB 5600MHz (2x8),RX 7800 XT,WD Blue SN580 1TB,Corsair RM850x Gold,DeepCool AK400,Lian Li O11 Dynamic EVO,mid,10063.48
AMD Ryzen 7 5700X,MSI B550M-A Pro,DDR4 8GB 3200MHz (1x8),RTX 4060,Crucial P3 500GB,Corsair CX650 Bronze,Cooler box (stock),Gamemax Infinit M909,entry,5434.38
Intel i7-14700KF,MSI MAG Z790 Tomahawk DDR5,DDR5 64GB 5600MHz (2x32),RTX 5070 Ti,Samsung 990 Pro 4TB,Corsair RM850x Gold,NZXT Kraken 360,Corsair 7000D Airflow,enthusiast,22388.99
AMD Ryzen 7 7700X,MSI PRO B850M-B,DDR5 32GB 6000MHz RGB,RTX 3060 12GB,Samsung 990 Pro 1TB,Corsair CX650 Bronze,DeepCool AK400,Corsair 3000D Airflow,mid,8561.8
AMD Ryzen 9 9950X,MSI MAG X870E Tomahawk,DDR5 32GB 6000MHz RGB,RTX 5090,WD Black SN850X 2TB,Corsair RM1000x Gold,NZXT Kraken 360,Lian Li O11 Dynamic EVO,enthusiast,31907.75
AMD Ryzen 7 7800X3D,MSI MAG X870E Tomahawk,DDR5 32GB 5600MHz (2x16),RX 7800 XT,Samsung 990 Pro 1TB,Corsair RM850x Gold,NZXT Kraken 360,NZXT H5 Flow,high,14496.8
Intel i7-14700KF,MSI MAG Z790 Tomahawk DDR5,DDR5 64GB 5600MHz (2x32),RX 9070 XT,WD Black SN850X 2TB,Corsair RM1000x Gold,DeepCool LE720 360mm,Corsair 7000D Airflow,enthusiast,19147.15
AMD Ryzen 7 5800X3D,ASUS TUF B550M-Plus,DDR4 32GB 3600MHz RGB,RTX 5080,Samsung 990 Pro 4TB,Corsair RM1000x Gold,DeepCool LE720 360mm,NZXT H5 Flow,high,17488.81
Intel i5-14400F,ASUS TUF B760M-Plus DDR5,DDR5 32GB 6000MHz RGB,RX 7600,Samsung 990 Pro 1TB,Corsair RM750x Gold,Thermalright Peerless Assassin,NZXT H5 Flow,mid,9220.2
AMD Ryzen 7 7700X,MSI PRO B850M-B,DDR5 16GB 5600MHz (2x8),Arc B580,WD Blue SN580 1TB,Redragon RGPS 500W Bronze,Cooler box (stock),Gamemax Infinit M909,budget,6259.9
Intel i9-14900K,MSI MAG Z790 Tomahawk DDR5,DDR5 32GB 6000MHz RGB,RTX 4070,WD Black SN850X 2TB,Corsair RM1000x Gold,DeepCool LE720 360mm,NZXT H5 Flow,high,16077.67
Intel i5-14400F,ASUS TUF B760M-Plus DDR5,DDR5 16GB 5600MHz (2x8),RX 9070 XT,Kingston NV2 1TB,Cooler Master MWE 650 Gold,DeepCool LE720 360mm,Lian Li O11 Dynamic EVO,mid,10543.27
AMD Ryzen 7 7700X,MSI MAG X870E Tomahawk,DDR5 32GB 5600MHz (2x16),RTX 5070,Samsung 990 Pro 1TB,Corsair RM850x Gold,DeepCool LE720 360mm,Lian Li O11 Dynamic EVO,mid,14754.36
Intel i7-14700KF,MSI MAG Z790 Tomahawk DDR5,DDR5 64GB 5600MHz (2x32),RTX 5070 Ti,Samsung 990 Pro 4TB,Corsair RM1000x Gold,DeepCool LE720 360mm,Lian Li O11 Dynamic EVO,enthusiast,21799.75
AMD Ryzen 7 5800X3D,ASUS TUF B550M-Plus,DDR4 32GB 3200MHz (2x16),RTX 4070,Samsung 990 Pro 1TB,Corsair RM1000x Gold,DeepCool LE720 360mm,NZXT H5 Flow,high,11634.82
AMD Ryzen 5 7600,MSI MAG B650 Tomahawk,DDR5 16GB 5600MHz (2x8),RTX 5070,WD Blue SN580 1TB,Cooler Master MWE 650 Gold,Thermalright Peerless Assassin,Lian Li O11 Dynamic EVO,mid,9844.08
AMD Ryzen 7 5700X,ASUS TUF B550M-Plus,DDR4 16GB 3200MHz (2x8),RTX 5060 Ti 16GB,WD Blue SN580 1TB,Corsair RM850x Gold,Thermalright Peerless Assassin,Lian Li O11 Dynamic EVO,mid,8498.5
Intel i5-12400F,ASUS TUF B760M-Plus DDR5,DDR5 32GB 5600MHz (2x16),RTX 3060 12GB,Kingston NV2 1TB,Corsair RM750x Gold,Cooler box (stock),NZXT H5 Flow,budget,7640.39
Intel i7-14700KF,ASUS TUF B760M-Plus DDR5,DDR5 64GB 5600MHz (2x32),RTX 5070 Ti,Samsung 990 Pro 4TB,Corsair RM750x Gold,NZXT Kraken 360,Lian Li O11 Dynamic EVO,high,21571.01
AMD Ryzen 7 5700X,ASUS TUF B550M-Plus,DDR4 16GB 3200MHz (2x8),RX 6600,Kingston NV2 1TB,Corsair RM750x Gold,Cooler box (stock),Gamemax Infinit M909,budget,4393.46
AMD Ryzen 5 5500,Gigabyte A520M K V2,DDR4 8GB 3200MHz (1x8),RX 7800 XT,WD Blue SN580 1TB,Corsair CX650 Bronze,DeepCool AK400,NZXT H5 Flow,budget,6359.57
Intel i7-14700KF,MSI MAG Z790 Tomahawk DDR5,DDR5 32GB 6000MHz RGB,RTX 5090,Samsung 990 Pro 4TB,Corsair RM850x Gold,NZXT Kraken 360,Lian Li O11 Dynamic EVO,high,32044.62
Intel i5-14400F,MSI PRO B760M-A DDR4,DDR4 32GB 3200MHz (2x16),RTX 3060 12GB,WD Black SN850X 2TB,Corsair RM750x Gold,Thermalright Peerless Assassin,Lian Li O11 Dynamic EVO,mid,6882.9
Intel i5-12400F,MSI PRO B760M-A DDR4,DDR4 16GB 3200MHz (2x8),RX 7600,Kingston NV2 500GB,Cooler Master MWE 650 Gold,DeepCool AK400,Corsair 3000D Airflow,entry,5133.12
AMD Ryzen 5 5500,ASUS TUF B550M-Plus,DDR4 32GB 3200MHz (2x16),Arc B580,Crucial P3 500GB,Cooler Master MWE 650 Gold,Cooler box (stock),Corsair 3000D Airflow,budget,5978.62
AMD Ryzen 7 5800X3D,MSI B550M-A Pro,DDR4 32GB 3600MHz RGB,RTX 5090,Samsung 990 Pro 4TB,Corsair RM850x Gold,NZXT Kraken 360,Lian Li O11 Dynamic EVO,enthusiast,25789.75
AMD Ryzen 5 7600,MSI MAG B650 Tomahawk,DDR5 16GB 5600MHz (2x8),Arc B580,Samsung 990 Pro 1TB,Corsair RM750x Gold,DeepCool LE720 360mm,Lian Li O11 Dynamic EVO,mid,7692.48
AMD Ryzen 7 5700X,Gigabyte A520M K V2,DDR4 16GB 3200MHz (2x8),RX 6600,Kingston NV2 1TB,Redragon RGPS 500W Bronze,DeepCool AK400,Corsair 3000D Airflow,budget,4123.11
AMD Ryzen 7 7800X3D,MSI MAG X870E Tomahawk,DDR5 32GB 5600MHz (2x16),RTX 5090,WD Blue SN580 1TB,Corsair RM850x Gold,Thermalright Peerless Assassin,NZXT H5 Flow,high,25633.29
AMD Ryzen 5 5500,ASUS TUF B550M-Plus,DDR4 32GB 3200MHz (2x16),RTX 4070,Kingston NV2 500GB,Corsair CX650 Bronze,Cooler box (stock),Gamemax Infinit M909,budget,7269.63
Intel i5-14600KF,ASUS TUF B760M-Plus DDR5,DDR5 16GB 5600MHz (2x8),RX 6600,Kingston NV2 1TB,Corsair CX650 Bronze,Thermalright Peerless Assassin,Corsair 3000D Airflow,budget,5959.66
AMD Ryzen 5 7600,MSI MAG X870E Tomahawk,DDR5 32GB 6000MHz RGB,RX 7600,WD Black SN850X 2TB,Corsair RM750x Gold,DeepCool AK400,NZXT H5 Flow,mid,10410.67
AMD Ryzen 5 5500,Gigabyte A520M K V2,DDR4 8GB 3200MHz (1x8),GTX 1650,Crucial P3 500GB,Corsair CX650 Bronze,Cooler box (stock),Corsair 3000D Airflow,entry,3139.61
AMD Ryzen 7 9800X3D,MSI MAG X870E Tomahawk,DDR5 32GB 6000MHz RGB,RTX 5070,Samsung 990 Pro 4TB,Corsair RM850x Gold,NZXT Kraken 360,Corsair 7000D Airflow,enthusiast,17369.42
AMD Ryzen 7 5800X3D,MSI B550M-A Pro,DDR4 32GB 3600MHz RGB,RTX 4060,WD Blue SN580 1TB,Corsair RM850x Gold,DeepCool AK400,NZXT H5 Flow,mid,8531.84
Intel i9-14900K,MSI MAG Z790 Tomahawk DDR5,DDR5 64GB 5600MHz (2x32),RTX 5090,Samsung 990 Pro 1TB,Corsair RM1000x Gold,DeepCool LE720 360mm,Corsair 7000D Airflow,enthusiast,30713.66
Intel i5-14400F,MSI MAG Z790 Tomahawk DDR5,DDR5 16GB 5600MHz (2x8),RTX 5070,Kingston NV2 1TB,Cooler Master MWE 650 Gold,DeepCool AK400,Corsair 3000D Airflow,mid,9214.43
Intel i5-14400F,ASUS TUF B760M-Plus DDR5,DDR5 32GB 5600MHz (2x16),RX 9070 XT,WD Blue SN580 1TB,Corsair RM850x Gold,DeepCool LE720 360mm,Lian Li O11 Dynamic EVO,mid,12365.66
AMD Ryzen 5 7600,MSI MAG B650 Tomahawk,DDR5 16GB 5600MHz (2x8),Arc B580,Samsung 990 Pro 1TB,Corsair CX650 Bronze,DeepCool LE720 360mm,NZXT H5 Flow,mid,7428.36
Intel i5-14600KF,MSI PRO B760M-A DDR4,DDR4 32GB 3600MHz RGB,Arc B580,Kingston NV2 1TB,Corsair CX650 Bronze,DeepCool LE720 360mm,NZXT H5 Flow,mid,8249.03
AMD Ryzen 5 7600,ASUS Prime A620M-K,DDR5 32GB 5600MHz (2x16),RTX 4070,Kingston NV2 1TB,Cooler Master MWE 650 Gold,Thermalright Peerless Assassin,NZXT H5 Flow,budget,10190.86
AMD Ryzen 9 9950X,MSI MAG X870E Tomahawk,DDR5 32GB 6000MHz RGB,RTX 5070,Samsung 990 Pro 1TB,Corsair RM1000x Gold,NZXT Kraken 360,NZXT H5 Flow,high,17702.92
Intel i5-14400F,MSI PRO B760M-A DDR4,DDR4 16GB 3200MHz (2x8),RTX 5070 Ti,WD Blue SN580 1TB,Corsair RM850x Gold,DeepCool AK400,Corsair 3000D Airflow,mid,11866.34
Intel i5-14400F,MSI PRO B760M-A DDR4,DDR4 32GB 3200MHz (2x16),RTX 5060 Ti 16GB,Crucial P3 500GB,Corsair CX650 Bronze,Thermalright Peerless Assassin,Corsair 3000D Airflow,budget,8340.26
Intel i5-14600KF,MSI PRO B760M-A DDR4,DDR4 8GB 3200MHz (1x8),RTX 3060 12GB,Crucial P3 500GB,Cooler Master MWE 650 Gold,DeepCool AK400,Gamemax Infinit M909,budget,4719.18
Intel i7-14700KF,ASUS TUF B760M-Plus DDR5,DDR5 32GB 6000MHz RGB,RTX 5070,Samsung 990 Pro 1TB,Corsair RM1000x Gold,Thermalright Peerless Assassin,Corsair 7000D Airflow,high,13432.0
AMD Ryzen 9 9950X,MSI MAG X870E Tomahawk,DDR5 32GB 5600MHz (2x16),RTX 4070,Samsung 990 Pro 1TB,Corsair RM1000x Gold,DeepCool LE720 360mm,Corsair 7000D Airflow,high,16918.77
AMD Ryzen 7 5700X,ASUS TUF B550M-Plus,DDR4 16GB 3200MHz (2x8),RTX 5070 Ti,WD Black SN850X 2TB,Corsair RM750x Gold,DeepCool LE720 360mm,Lian Li O11 Dynamic EVO,mid,12902.3
Intel i7-14700KF,MSI MAG Z790 Tomahawk DDR5,DDR5 32GB 6000MHz RGB,RTX 5060 Ti 16GB,WD Blue SN580 1TB,Corsair RM750x Gold,NZXT Kraken 360,Lian Li O11 Dynamic EVO,high,13919.15
AMD Ryzen 7 7700X,MSI MAG X870E Tomahawk,DDR5 16GB 5600MHz (2x8),RTX 5070 Ti,Crucial P3 500GB,Cooler Master MWE 650 Gold,Thermalright Peerless Assassin,Lian Li O11 Dynamic EVO,mid,13281.82
AMD Ryzen 7 7700X,MSI PRO B850M-B,DDR5 16GB 5600MHz (2x8),RTX 5060 Ti 16GB,Kingston NV2 1TB,Corsair RM750x Gold,DeepCool AK400,Lian Li O11 Dynamic EVO,mid,9627.9
AMD Ryzen 7 5800X3D,MSI B550M-A Pro,DDR4 32GB 3200MHz (2x16),RX 7600,WD Black SN850X 2TB,Corsair RM850x Gold,DeepCool LE720 360mm,Lian Li O11 Dynamic EVO,mid,9060.15
Intel i5-14400F,MSI PRO B760M-A DDR4,DDR4 16GB 3200MHz (2x8),RX 7800 XT,Crucial P3 500GB,Corsair CX650 Bronze,Cooler box (stock),Gamemax Infinit M909,budget,6203.99
Intel i3-12100F,MSI PRO H610M-G DDR4,DDR4 8GB 3200MHz (1x8),RX 6600,Kingston NV2 1TB,Cooler Master MWE 650 Gold,DeepCool AK400,Corsair 3000D Airflow,budget,3757.02
AMD Ryzen 7 5700X,MSI B550M-A Pro,DDR4 32GB 3200MHz (2x16),RTX 5070,Kingston NV2 1TB,Corsair RM850x Gold,Thermalright Peerless Assassin,Corsair 3000D Airflow,mid,9979.53
Intel i7-14700KF,MSI MAG Z790 Tomahawk DDR5,DDR5 32GB 5600MHz (2x16),RTX 4070,Samsung 990 Pro 1TB,Corsair RM850x Gold,NZXT Kraken 360,NZXT H5 Flow,high,14767.76
Intel i7-14700KF,ASUS TUF B760M-Plus DDR5,DDR5 32GB 5600MHz (2x16),RTX 5060 Ti 16GB,Crucial P3 500GB,Corsair CX650 Bronze,DeepCool LE720 360mm,Corsair 3000D Airflow,mid,11862.61
Intel i7-14700KF,MSI MAG Z790 Tomahawk DDR5,DDR5 32GB 6000MHz RGB,RTX 4070,WD Black SN850X 2TB,Corsair RM750x Gold,Thermalright Peerless Assassin,Lian Li O11 Dynamic EVO,mid,12939.82
Intel i9-14900K,MSI MAG Z790 Tomahawk DDR5,DDR5 64GB 5600MHz (2x32),RTX 4070,WD Blue SN580 1TB,Corsair RM750x Gold,Thermalright Peerless Assassin,NZXT H5 Flow,high,15406.16
Intel i5-14600KF,MSI PRO B760M-A DDR4,DDR4 32GB 3200MHz (2x16),RTX 4070,Samsung 990 Pro 1TB,Corsair CX650 Bronze,DeepCool LE720 360mm,Corsair 3000D Airflow,mid,8992.26
Intel i5-12400F,ASUS TUF B760M-Plus DDR5,DDR5 32GB 5600MHz (2x16),RTX 3060 12GB,Kingston NV2 500GB,Redragon RGPS 500W Bronze,Thermalright Peerless Assassin,Gamemax Infinit M909,budget,7289.83
AMD Ryzen 7 7800X3D,MSI MAG X870E Tomahawk,DDR5 32GB 6000MHz RGB,RTX 4060,WD Blue SN580 1TB,Corsair RM750x Gold,DeepCool LE720 360mm,NZXT H5 Flow,mid,12871.08
AMD Ryzen 7 5700X,MSI B550M-A Pro,DDR4 32GB 3200MHz (2x16),RTX 5070,Samsung 990 Pro 1TB,Corsair RM850x Gold,DeepCool AK400,NZXT H5 Flow,mid,10436.73
AMD Ryzen 7 5800X3D,Gigabyte A520M K V2,DDR4 32GB 3600MHz RGB,RTX 5090,Samsung 990 Pro 4TB,Corsair RM1000x Gold,NZXT Kraken 360,Corsair 7000D Airflow,enthusiast,28037.39
AMD Ryzen 9 9950X,MSI MAG B650 Tomahawk,DDR5 32GB 6000MHz RGB,RTX 5070 Ti,WD Black SN850X 2TB,Corsair RM850x Gold,Thermalright Peerless Assassin,NZXT H5 Flow,high,19504.33
AMD Ryzen 7 9800X3D,MSI MAG B650 Tomahawk,DDR5 32GB 5600MHz (2x16),RTX 5080,Samsung 990 Pro 4TB,Corsair RM850x Gold,NZXT Kraken 360,Corsair 7000D Airflow,high,19502.42
AMD Ryzen 7 7800X3D,MSI PRO B850M-B,DDR5 16GB 5600MHz (2x8),RTX 5070 Ti,Kingston NV2 1TB,Cooler Master MWE 650 Gold,Thermalright Peerless Assassin,NZXT H5 Flow,mid,12248.82
Intel i9-14900K,MSI MAG Z790 Tomahawk DDR5,DDR5 64GB 5600MHz (2x32),RTX 4070,WD Blue SN580 1TB,Corsair RM1000x Gold,Thermalright Peerless Assassin,Corsair 7000D Airflow,high,18217.08
Intel i5-14400F,ASUS TUF B760M-Plus DDR5,DDR5 32GB 5600MHz (2x16),RTX 5060 Ti 16GB,Samsung 990 Pro 1TB,Cooler Master MWE 650 Gold,DeepCool LE720 360mm,Corsair 3000D Airflow,mid,10219.78
Intel i5-12400F,ASUS TUF B760M-Plus DDR5,DDR5 16GB 5600MHz (2x8),RX 6600,WD Blue SN580 1TB,Redragon RGPS 500W Bronze,Thermalright Peerless Assassin,Corsair 3000D Airflow,budget,5219.03
Intel i5-14600KF,MSI MAG Z790 Tomahawk DDR5,DDR5 16GB 5600MHz (2x8),RX 7600,Kingston NV2 1TB,Corsair CX650 Bronze,DeepCool AK400,Corsair 3000D Airflow,mid,6997.89
Intel i5-14600KF,ASUS TUF B760M-Plus DDR5,DDR5 32GB 6000MHz RGB,RTX 4070,Samsung 990 Pro 1TB,Corsair CX650 Bronze,DeepCool AK400,NZXT H5 Flow,mid,11845.1
Intel i7-14700KF,MSI MAG Z790 Tomahawk DDR5,DDR5 32GB 5600MHz (2x16),RX 7600,WD Black SN850X 2TB,Corsair RM850x Gold,Thermalright Peerless Assassin,NZXT H5 Flow,mid,11253.72
AMD Ryzen 5 7600,MSI PRO B850M-B,DDR5 16GB 5600MHz (2x8),Arc B580,Kingston NV2 1TB,Redragon RGPS 500W Bronze,Cooler box (stock),Gamemax Infinit M909,entry,5871.71
AMD Ryzen 5 5600,MSI B550M-A Pro,DDR4 32GB 3200MHz (2x16),RTX 4060,Crucial P3 500GB,Corsair CX650 Bronze,DeepCool AK400,Gamemax Infinit M909,budget,6207.38
AMD Ryzen 7 5800X3D,MSI B550M-A Pro,DDR4 32GB 3600MHz RGB,RTX 5080,Samsung 990 Pro 1TB,Corsair RM850x Gold,DeepCool LE720 360mm,Corsair 7000D Airflow,enthusiast,16951.41
AMD Ryzen 7 5800X3D,ASUS TUF B550M-Plus,DDR4 32GB 3600MHz RGB,RTX 5080,WD Black SN850X 2TB,Corsair RM850x Gold,DeepCool LE720 360mm,Corsair 7000D Airflow,enthusiast,17543.72
Intel i3-12100F,MSI PRO B760M-A DDR4,DDR4 16GB 3200MHz (2x8),RX 6600,Kingston NV2 500GB,Corsair RM750x Gold,DeepCool AK400,Corsair 3000D Airflow,budget,4439.44
Intel i7-14700KF,MSI MAG Z790 Tomahawk DDR5,DDR5 16GB 5600MHz (2x8),RTX 4070,WD Black SN850X 2TB,Cooler Master MWE 650 Gold,DeepCool AK400,Corsair 3000D Airflow,mid,11441.3
AMD Ryzen 7 7700X,MSI PRO B850M-B,DDR5 32GB 5600MHz (2x16),RX 9070 XT,Kingston NV2 1TB,Corsair CX650 Bronze,Thermalright Peerless Assassin,Corsair 3000D Airflow,mid,11809.18
Intel i5-12400F,MSI PRO B760M-A DDR4,DDR4 16GB 3200MHz (2x8),RTX 3060 12GB,Crucial P3 500GB,Redragon RGPS 500W Bronze,Cooler box (stock),Gamemax Infinit M909,budget,3903.77
Intel i7-14700KF,MSI MAG Z790 Tomahawk DDR5,DDR5 64GB 5600MHz (2x32),RTX 5070,WD Black SN850X 2TB,Corsair RM1000x Gold,DeepCool LE720 360mm,Corsair 7000D Airflow,enthusiast,16979.08
Intel i5-12400F,MSI PRO H610M-G DDR4,DDR4 16GB 3200MHz (2x8),RTX 4060,Crucial P3 500GB,Cooler Master MWE 650 Gold,Thermalright Peerless Assassin,NZXT H5 Flow,budget,5774.05
Intel i5-14400F,MSI PRO H610M-G DDR4,DDR4 8GB 3200MHz (1x8),RTX 4070,Kingston NV2 500GB,Corsair RM750x Gold,Thermalright Peerless Assassin,Corsair 3000D Airflow,budget,7425.24
Intel i5-14600KF,MSI PRO H610M-G DDR4,DDR4 32GB 3200MHz (2x16),RTX 5060 Ti 16GB,Kingston NV2 1TB,Redragon RGPS 500W Bronze,Thermalright Peerless Assassin,Gamemax Infinit M909,budget,7653.34
AMD Ryzen 5 7600,MSI PRO B850M-B,DDR5 16GB 5600MHz (2x8),RTX 4060,Crucial P3 500GB,Corsair CX650 Bronze,Cooler box (stock),Gamemax Infinit M909,entry,6008.6
Intel i5-14400F,MSI MAG Z790 Tomahawk DDR5,DDR5 16GB 5600MHz (2x8),RTX 3060 12GB,WD Blue SN580 1TB,Corsair CX650 Bronze,DeepCool AK400,Lian Li O11 Dynamic EVO,mid,7379.88
AMD Ryzen 5 7600,ASUS Prime A620M-K,DDR5 16GB 5600MHz (2x8),RTX 3060 12GB,WD Blue SN580 1TB,Corsair CX650 Bronze,Cooler box (stock),Gamemax Infinit M909,budget,5221.52
Intel i9-14900K,MSI MAG Z790 Tomahawk DDR5,DDR5 64GB 5600MHz (2x32),RTX 5090,Samsung 990 Pro 1TB,Corsair RM850x Gold,DeepCool LE720 360mm,NZXT H5 Flow,high,33747.14
Intel i9-14900K,MSI MAG Z790 Tomahawk DDR5,DDR5 32GB 6000MHz RGB,RTX 4070,WD Blue SN580 1TB,Corsair RM750x Gold,NZXT Kraken 360,Lian Li O11 Dynamic EVO,high,14947.98
AMD Ryzen 5 5500,MSI B550M-A Pro,DDR4 16GB 3200MHz (2x8),RX 7600,Kingston NV2 1TB,Corsair CX650 Bronze,DeepCool AK400,Gamemax Infinit M909,entry,4668.9
Intel i5-14600KF,ASUS TUF B760M-Plus DDR5,DDR5 32GB 5600MHz (2x16),RX 9070 XT,WD Black SN850X 2TB,Corsair RM850x Gold,DeepCool LE720 360mm,Corsair 7000D Airflow,high,13541.77
Intel i7-14700KF,MSI MAG Z790 Tomahawk DDR5,DDR5 32GB 6000MHz RGB,RX 9070 XT,Samsung 990 Pro 1TB,Corsair RM850x Gold,DeepCool LE720 360mm,Corsair 7000D Airflow,enthusiast,15096.36
AMD Ryzen 7 5800X3D,MSI B550M-A Pro,DDR4 32GB 3600MHz RGB,RX 7800 XT,Crucial P3 500GB,Corsair RM750x Gold,DeepCool LE720 360mm,NZXT H5 Flow,mid,10231.13
AMD Ryzen 7 5800X3D,ASUS TUF B550M-Plus,DDR4 32GB 3600MHz RGB,RTX 5090,WD Black SN850X 2TB,Corsair RM1000x Gold,NZXT Kraken 360,Corsair 7000D Airflow,enthusiast,25721.04
AMD Ryzen 5 8400F,ASUS Prime A620M-K,DDR5 16GB 5600MHz (2x8),RTX 4060,Kingston NV2 500GB,Corsair CX650 Bronze,Cooler box (stock),Gamemax Infinit M909,entry,6031.71
AMD Ryzen 7 7800X3D,MSI MAG X870E Tomahawk,DDR5 64GB 5600MHz (2x32),RTX 5090,Samsung 990 Pro 4TB,Corsair RM1000x Gold,NZXT Kraken 360,Lian Li O11 Dynamic EVO,enthusiast,30889.06
Intel i7-14700KF,MSI MAG Z790 Tomahawk DDR5,DDR5 32GB 6000MHz RGB,RTX 4070,WD Black SN850X 2TB,Corsair RM850x Gold,DeepCool LE720 360mm,Lian Li O11 Dynamic EVO,high,13915.8
AMD Ryzen 7 5700X,MSI B550M-A Pro,DDR4 8GB 3200MHz (1x8),RTX 4060,Kingston NV2 1TB,Corsair RM750x Gold,Cooler box (stock),Corsair 3000D Airflow,budget,5826.83
Intel i7-14700KF,ASUS TUF B760M-Plus DDR5,DDR5 32GB 6000MHz RGB,RTX 5070 Ti,WD Black SN850X 2TB,Corsair RM850x Gold,Thermalright Peerless Assassin,Lian Li O11 Dynamic EVO,high,15632.43
AMD Ryzen 9 9950X,MSI MAG X870E Tomahawk,DDR5 64GB 5600MHz (2x32),RX 9070 XT,Samsung 990 Pro 1TB,Corsair RM1000x Gold,DeepCool LE720 360mm,Lian Li O11 Dynamic EVO,enthusiast,21297.28
AMD Ryzen 7 5800X3D,MSI B550M-A Pro,DDR4 16GB 3200MHz (2x8),RTX 5070 Ti,WD Black SN850X 2TB,Cooler Master MWE 650 Gold,Thermalright Peerless Assassin,Lian Li O11 Dynamic EVO,mid,12529.93
AMD Ryzen 7 7700X,MSI PRO B850M-B,DDR5 32GB 5600MHz (2x16),RX 7800 XT,Kingston NV2 1TB,Cooler Master MWE 650 Gold,Thermalright Peerless Assassin,NZXT H5 Flow,mid,10404.82
Intel i9-14900K,MSI MAG Z790 Tomahawk DDR5,DDR5 32GB 6000MHz RGB,RTX 5070 Ti,Samsung 990 Pro 1TB,Corsair RM1000x Gold,DeepCool LE720 360mm,Lian Li O11 Dynamic EVO,enthusiast,19241.37
Intel i5-14400F,MSI PRO H610M-G DDR4,DDR4 16GB 3200MHz (2x8),RX 6600,Kingston NV2 500GB,Redragon RGPS 500W Bronze,Cooler box (stock),NZXT H5 Flow,budget,4332.95
AMD Ryzen 7 5800X3D,ASUS TUF B550M-Plus,DDR4 32GB 3200MHz (2x16),RX 7800 XT,Samsung 990 Pro 4TB,Corsair RM1000x Gold,NZXT Kraken 360,Corsair 7000D Airflow,high,13014.74
AMD Ryzen 7 7800X3D,MSI MAG B650 Tomahawk,DDR5 32GB 5600MHz (2x16),RX 7800 XT,WD Black SN850X 2TB,Corsair RM850x Gold,NZXT Kraken 360,Lian Li O11 Dynamic EVO,high,13324.08
AMD Ryzen 7 5800X3D,ASUS TUF B550M-Plus,DDR4 32GB 3600MHz RGB,RTX 4060,WD Black SN850X 2TB,Corsair RM750x Gold,DeepCool LE720 360mm,Lian Li O11 Dynamic EVO,mid,10427.71
AMD Ryzen 7 7800X3D,MSI MAG X870E Tomahawk,DDR5 32GB 5600MHz (2x16),RTX 4060,Crucial P3 500GB,Corsair RM750x Gold,DeepCool LE720 360mm,NZXT H5 Flow,mid,11558.03
Intel i7-14700KF,MSI MAG Z790 Tomahawk DDR5,DDR5 32GB 6000MHz RGB,RTX 5080,Samsung 990 Pro 4TB,Corsair RM850x Gold,NZXT Kraken 360,Lian Li O11 Dynamic EVO,enthusiast,19682.37
AMD Ryzen 7 5700X,MSI B550M-A Pro,DDR4 32GB 3600MHz RGB,RX 7600,Kingston NV2 1TB,Corsair CX650 Bronze,DeepCool AK400,Corsair 3000D Airflow,mid,7281.78
Intel i5-14600KF,ASUS TUF B760M-Plus DDR5,DDR5 64GB 5600MHz (2x32),RTX 5060 Ti 16GB,WD Black SN850X 2TB,Corsair RM750x Gold,NZXT Kraken 360,NZXT H5 Flow,high,15135.06
AMD Ryzen 7 5700X,Gigabyte A520M K V2,DDR4 16GB 3200MHz (2x8),RTX 4060,Crucial P3 500GB,Corsair CX650 Bronze,Cooler box (stock),Corsair 3000D Airflow,entry,5073.1
AMD Ryzen 5 7600,MSI MAG B650 Tomahawk,DDR5 32GB 5600MHz (2x16),RX 7600,Kingston NV2 500GB,Cooler Master MWE 650 Gold,Cooler box (stock),NZXT H5 Flow,budget,8347.28
AMD Ryzen 5 7600,MSI PRO B850M-B,DDR5 16GB 5600MHz (2x8),GTX 1650,Crucial P3 500GB,Redragon RGPS 500W Bronze,Thermalright Peerless Assassin,Gamemax Infinit M909,budget,5073.84
Intel i5-14600KF,ASUS TUF B760M-Plus DDR5,DDR5 32GB 6000MHz RGB,RTX 5060 Ti 16GB,WD Black SN850X 2TB,Corsair RM1000x Gold,NZXT Kraken 360,Corsair 7000D Airflow,high,13775.58
Intel i3-12100F,ASUS TUF B760M-Plus DDR5,DDR5 16GB 5600MHz (2x8),RTX 4070,WD Blue SN580 1TB,Corsair RM750x Gold,Cooler box (stock),Gamemax Infinit M909,budget,7438.86
AMD Ryzen 7 5700X,MSI B550M-A Pro,DDR4 32GB 3600MHz RGB,RX 9070 XT,WD Black SN850X 2TB,Corsair CX650 Bronze,Thermalright Peerless Assassin,NZXT H5 Flow,mid,11564.72
AMD Ryzen 7 5800X3D,MSI B550M-A Pro,DDR4 32GB 3600MHz RGB,RTX 5070,Samsung 990 Pro 4TB,Corsair RM1000x Gold,DeepCool LE720 360mm,Lian Li O11 Dynamic EVO,enthusiast,12507.01
AMD Ryzen 7 9800X3D,MSI MAG X870E Tomahawk,DDR5 64GB 5600MHz (2x32),RTX 5090,WD Black SN850X 2TB,Corsair RM850x Gold,NZXT Kraken 360,Lian Li O11 Dynamic EVO,enthusiast,32150.79
Intel i3-12100F,ASUS TUF B760M-Plus DDR5,DDR5 32GB 5600MHz (2x16),RX 6600,WD Blue SN580 1TB,Corsair RM750x Gold,DeepCool AK400,Corsair 3000D Airflow,budget,7411.69
Intel i3-12100F,ASUS TUF B760M-Plus DDR5,DDR5 32GB 5600MHz (2x16),RTX 4060,Crucial P3 500GB,Corsair CX650 Bronze,Cooler box (stock),Corsair 3000D Airflow,budget,8636.47
AMD Ryzen 7 5800X3D,ASUS TUF B550M-Plus,DDR4 32GB 3600MHz RGB,RTX 5060 Ti 16GB,WD Black SN850X 2TB,Corsair RM1000x Gold,NZXT Kraken 360,Lian Li O11 Dynamic EVO,high,13168.66
AMD Ryzen 5 7600,MSI MAG B650 Tomahawk,DDR5 32GB 5600MHz (2x16),RTX 3060 12GB,WD Black SN850X 2TB,Corsair CX650 Bronze,DeepCool LE720 360mm,Corsair 3000D Airflow,mid,9318.85
AMD Ryzen 9 9950X,MSI MAG X870E Tomahawk,DDR5 32GB 6000MHz RGB,RTX 5090,Samsung 990 Pro 4TB,Corsair RM1000x Gold,DeepCool LE720 360mm,Lian Li O11 Dynamic EVO,enthusiast,31363.97
AMD Ryzen 7 9800X3D,MSI MAG X870E Tomahawk,DDR5 64GB 5600MHz (2x32),RTX 5070,Samsung 990 Pro 4TB,Corsair RM850x Gold,NZXT Kraken 360,Lian Li O11 Dynamic EVO,enthusiast,19752.4
AMD Ryzen 7 9800X3D,MSI MAG B650 Tomahawk,DDR5 32GB 5600MHz (2x16),RX 9070 XT,WD Black SN850X 2TB,Corsair RM750x Gold,NZXT Kraken 360,Corsair 7000D Airflow,high,15208.71
Intel i7-14700KF,ASUS TUF B760M-Plus DDR5,DDR5 32GB 5600MHz (2x16),RTX 5070 Ti,WD Blue SN580 1TB,Corsair RM1000x Gold,DeepCool LE720 360mm,Lian Li O11 Dynamic EVO,high,17455.81
AMD Ryzen 7 5800X3D,ASUS TUF B550M-Plus,DDR4 32GB 3600MHz RGB,RTX 5070,WD Black SN850X 2TB,Corsair RM1000x Gold,DeepCool LE720 360mm,Corsair 7000D Airflow,enthusiast,13567.7
AMD Ryzen 9 9950X,MSI MAG X870E Tomahawk,DDR5 64GB 5600MHz (2x32),RX 9070 XT,Samsung 990 Pro 1TB,Corsair RM1000x Gold,DeepCool LE720 360mm,Corsair 7000D Airflow,enthusiast,22220.01
AMD Ryzen 7 7700X,MSI MAG B650 Tomahawk,DDR5 32GB 5600MHz (2x16),RTX 3060 12GB,Crucial P3 500GB,Corsair RM750x Gold,DeepCool LE720 360mm,Corsair 3000D Airflow,mid,9511.76
AMD Ryzen 7 7800X3D,MSI MAG B650 Tomahawk,DDR5 32GB 5600MHz (2x16),RTX 5070,WD Blue SN580 1TB,Corsair RM850x Gold,DeepCool LE720 360mm,Corsair 7000D Airflow,high,14085.3
AMD Ryzen 7 7800X3D,MSI MAG X870E Tomahawk,DDR5 32GB 5600MHz (2x16),RTX 5070,WD Black SN850X 2TB,Corsair RM1000x Gold,Thermalright Peerless Assassin,Lian Li O11 Dynamic EVO,high,15532.37
AMD Ryzen 7 7700X,MSI MAG X870E Tomahawk,DDR5 64GB 5600MHz (2x32),RTX 5060 Ti 16GB,WD Blue SN580 1TB,Corsair RM850x Gold,DeepCool LE720 360mm,Corsair 7000D Airflow,high,18199.86
AMD Ryzen 7 9800X3D,MSI MAG X870E Tomahawk,DDR5 64GB 5600MHz (2x32),RTX 5070,WD Blue SN580 1TB,Corsair RM850x Gold,DeepCool LE720 360mm,Corsair 7000D Airflow,high,18062.85
Intel i5-14600KF,ASUS TUF B760M-Plus DDR5,DDR5 32GB 5600MHz (2x16),RTX 5060 Ti 16GB,WD Black SN850X 2TB,Cooler Master MWE 650 Gold,DeepCool AK400,Lian Li O11 Dynamic EVO,mid,11676.17
Intel i7-14700KF,MSI PRO B760M-A DDR4,DDR4 32GB 3200MHz (2x16),Arc B580,Kingston NV2 1TB,Corsair RM750x Gold,DeepCool LE720 360mm,Corsair 3000D Airflow,mid,8928.02
Intel i9-14900K,MSI MAG Z790 Tomahawk DDR5,DDR5 64GB 5600MHz (2x32),RTX 5080,WD Black SN850X 2TB,Corsair RM850x Gold,NZXT Kraken 360,Corsair 7000D Airflow,enthusiast,22036.53
Intel i5-14600KF,ASUS TUF B760M-Plus DDR5,DDR5 32GB 6000MHz RGB,RTX 5070 Ti,WD Black SN850X 2TB,Corsair RM850x Gold,DeepCool LE720 360mm,Lian Li O11 Dynamic EVO,high,15225.81
AMD Ryzen 7 7800X3D,MSI MAG B650 Tomahawk,DDR5 32GB 6000MHz RGB,Arc B580,Kingston NV2 1TB,Corsair CX650 Bronze,DeepCool AK400,NZXT H5 Flow,mid,10053.08
AMD Ryzen 7 7700X,MSI MAG B650 Tomahawk,DDR5 32GB 5600MHz (2x16),RX 9070 XT,Samsung 990 Pro 4TB,Corsair RM750x Gold,Thermalright Peerless Assassin,Lian Li O11 Dynamic EVO,high,14561.4
AMD Ryzen 7 5700X,MSI B550M-A Pro,DDR4 32GB 3600MHz RGB,RTX 5060 Ti 16GB,Crucial P3 500GB,Corsair CX650 Bronze,Thermalright Peerless Assassin,NZXT H5 Flow,mid,8828.92
AMD Ryzen 7 5800X3D,ASUS TUF B550M-Plus,DDR4 32GB 3200MHz (2x16),RTX 4070,Samsung 990 Pro 4TB,Corsair RM1000x Gold,DeepCool LE720 360mm,NZXT H5 Flow,high,11758.24
AMD Ryzen 5 5600,Gigabyte A520M K V2,DDR4 16GB 3200MHz (2x8),RX 6600,Kingston NV2 1TB,Cooler Master MWE 650 Gold,DeepCool AK400,Gamemax Infinit M909,entry,3667.57
AMD Ryzen 7 9800X3D,MSI MAG B650 Tomahawk,DDR5 32GB 5600MHz (2x16),RX 9070 XT,Samsung 990 Pro 1TB,Corsair RM1000x Gold,NZXT Kraken 360,Corsair 7000D Airflow,high,14899.71
AMD Ryzen 5 8400F,MSI MAG B650 Tomahawk,DDR5 32GB 5600MHz (2x16),RX 7600,Kingston NV2 500GB,Corsair RM750x Gold,DeepCool AK400,NZXT H5 Flow,budget,8065.47
AMD Ryzen 5 7600,ASUS Prime A620M-K,DDR5 32GB 5600MHz (2x16),Arc B580,Crucial P3 500GB,Cooler Master MWE 650 Gold,Thermalright Peerless Assassin,Gamemax Infinit M909,budget,7571.06
AMD Ryzen 7 7700X,MSI MAG B650 Tomahawk,DDR5 32GB 5600MHz (2x16),RTX 5070,WD Blue SN580 1TB,Corsair RM750x Gold,DeepCool LE720 360mm,NZXT H5 Flow,mid,12700.18
Intel i7-14700KF,MSI PRO B760M-A DDR4,DDR4 32GB 3200MHz (2x16),RX 9070 XT,Samsung 990 Pro 1TB,Corsair CX650 Bronze,DeepCool AK400,NZXT H5 Flow,mid,11406.06
Intel i5-14400F,MSI PRO H610M-G DDR4,DDR4 32GB 3200MHz (2x16),RTX 4060,WD Blue SN580 1TB,Corsair RM750x Gold,DeepCool AK400,Gamemax Infinit M909,budget,6135.31
Intel i5-14400F,MSI PRO H610M-G DDR4,DDR4 8GB 3200MHz (1x8),RTX 3060 12GB,Crucial P3 500GB,Cooler Master MWE 650 Gold,Cooler box (stock),Corsair 3000D Airflow,entry,4161.98
Intel i5-14600KF,MSI PRO B760M-A DDR4,DDR4 16GB 3200MHz (2x8),RTX 3060 12GB,Kingston NV2 500GB,Corsair RM750x Gold,Thermalright Peerless Assassin,Gamemax Infinit M909,budget,5823.54
AMD Ryzen 7 9800X3D,MSI MAG B650 Tomahawk,DDR5 32GB 5600MHz (2x16),RTX 5060 Ti 16GB,WD Blue SN580 1TB,Corsair RM1000x Gold,Thermalright Peerless Assassin,Corsair 7000D Airflow,high,14199.18
Intel i7-14700KF,ASUS TUF B760M-Plus DDR5,DDR5 16GB 5600MHz (2x8),RX 7800 XT,WD Black SN850X 2TB,Corsair RM750x Gold,DeepCool AK400,NZXT H5 Flow,mid,10483.85
Intel i5-12400F,MSI PRO B760M-A DDR4,DDR4 16GB 3200MHz (2x8),RTX 4070,Kingston NV2 500GB,Corsair CX650 Bronze,DeepCool AK400,NZXT H5 Flow,budget,7216.31
Intel i9-14900K,MSI MAG Z790 Tomahawk DDR5,DDR5 32GB 6000MHz RGB,RTX 5090,WD Blue SN580 1TB,Corsair RM850x Gold,NZXT Kraken 360,NZXT H5 Flow,high,27470.23
AMD Ryzen 7 7800X3D,MSI MAG X870E Tomahawk,DDR5 32GB 5600MHz (2x16),RX 7600,Samsung 990 Pro 1TB,Corsair CX650 Bronze,DeepCool AK400,Lian Li O11 Dynamic EVO,mid,11067.52
Intel i5-14400F,ASUS TUF B760M-Plus DDR5,DDR5 16GB 5600MHz (2x8),RTX 4060,WD Blue SN580 1TB,Corsair RM750x Gold,DeepCool AK400,NZXT H5 Flow,budget,6930.38
AMD Ryzen 7 9800X3D,MSI MAG X870E Tomahawk,DDR5 64GB 5600MHz (2x32),RTX 5070 Ti,Samsung 990 Pro 1TB,Corsair RM750x Gold,NZXT Kraken 360,Corsair 7000D Airflow,high,20264.62
AMD Ryzen 7 5700X,ASUS TUF B550M-Plus,DDR4 32GB 3600MHz RGB,RTX 4070,Kingston NV2 1TB,Corsair RM850x Gold,Thermalright Peerless Assassin,NZXT H5 Flow,mid,9963.49
AMD Ryzen 7 7800X3D,MSI MAG B650 Tomahawk,DDR5 64GB 5600MHz (2x32),RTX 5070 Ti,Samsung 990 Pro 1TB,Corsair RM1000x Gold,DeepCool LE720 360mm,Lian Li O11 Dynamic EVO,high,18886.11
AMD Ryzen 7 7700X,MSI PRO B850M-B,DDR5 32GB 5600MHz (2x16),RTX 4060,Kingston NV2 500GB,Corsair RM750x Gold,Thermalright Peerless Assassin,Corsair 3000D Airflow,budget,9648.01
AMD Ryzen 5 5600,Gigabyte A520M K V2,DDR4 32GB 3200MHz (2x16),Arc B580,Kingston NV2 1TB,Corsair CX650 Bronze,Cooler box (stock),Corsair 3000D Airflow,budget,5880.91
Intel i3-12100F,MSI PRO H610M-G DDR4,DDR4 8GB 3200MHz (1x8),RTX 3060 12GB,Kingston NV2 1TB,Corsair CX650 Bronze,Thermalright Peerless Assassin,Gamemax Infinit M909,budget,4399.81
AMD Ryzen 5 8400F,MSI MAG B650 Tomahawk,DDR5 16GB 5600MHz (2x8),Arc B580,Kingston NV2 1TB,Cooler Master MWE 650 Gold,Cooler box (stock),Gamemax Infinit M909,budget,6312.25
AMD Ryzen 7 5700X,MSI B550M-A Pro,DDR4 8GB 3200MHz (1x8),GTX 1650,Kingston NV2 1TB,Corsair CX650 Bronze,DeepCool AK400,NZXT H5 Flow,budget,4304.23
Intel i5-14600KF,MSI PRO B760M-A DDR4,DDR4 16GB 3200MHz (2x8),RTX 5070,Samsung 990 Pro 1TB,Cooler Master MWE 650 Gold,DeepCool AK400,Corsair 3000D Airflow,mid,8893.9
AMD Ryzen 7 7700X,MSI MAG X870E Tomahawk,DDR5 32GB 6000MHz RGB,RTX 5080,WD Blue SN580 1TB,Corsair RM1000x Gold,Thermalright Peerless Assassin,Corsair 7000D Airflow,high,20368.36
AMD Ryzen 7 7700X,MSI PRO B850M-B,DDR5 16GB 5600MHz (2x8),RTX 5070 Ti,Crucial P3 500GB,Corsair RM850x Gold,Thermalright Peerless Assassin,Lian Li O11 Dynamic EVO,mid,11963.83
Intel i3-12100F,MSI PRO B760M-A DDR4,DDR4 8GB 3200MHz (1x8),RTX 4060,Kingston NV2 500GB,Corsair CX650 Bronze,DeepCool AK400,Corsair 3000D Airflow,entry,5098.1
AMD Ryzen 7 5800X3D,ASUS TUF B550M-Plus,DDR4 32GB 3200MHz (2x16),RTX 5090,WD Black SN850X 2TB,Corsair RM1000x Gold,Thermalright Peerless Assassin,NZXT H5 Flow,high,23274.84
Intel i5-12400F,ASUS TUF B760M-Plus DDR5,DDR5 16GB 5600MHz (2x8),GTX 1650,Kingston NV2 1TB,Corsair CX650 Bronze,Thermalright Peerless Assassin,Gamemax Infinit M909,budget,4947.39
AMD Ryzen 7 9800X3D,MSI MAG X870E Tomahawk,DDR5 32GB 5600MHz (2x16),RX 9070 XT,Samsung 990 Pro 1TB,Corsair RM1000x Gold,DeepCool LE720 360mm,NZXT H5 Flow,high,14895.54
Intel i5-14600KF,ASUS TUF B760M-Plus DDR5,DDR5 32GB 5600MHz (2x16),RTX 5060 Ti 16GB,Crucial P3 500GB,Corsair CX650 Bronze,DeepCool LE720 360mm,Lian Li O11 Dynamic EVO,mid,11105.47
Intel i5-14400F,ASUS TUF B760M-Plus DDR5,DDR5 32GB 6000MHz RGB,RTX 5070 Ti,Kingston NV2 1TB,Corsair RM750x Gold,Thermalright Peerless Assassin,Lian Li O11 Dynamic EVO,mid,14061.17
Intel i7-14700KF,MSI MAG Z790 Tomahawk DDR5,DDR5 16GB 5600MHz (2x8),RTX 5060 Ti 16GB,Crucial P3 500GB,Cooler Master MWE 650 Gold,DeepCool LE720 360mm,Lian Li O11 Dynamic EVO,mid,10286.14
AMD Ryzen 7 7700X,MSI MAG X870E Tomahawk,DDR5 32GB 6000MHz RGB,RTX 5070 Ti,Samsung 990 Pro 1TB,Corsair RM850x Gold,DeepCool LE720 360mm,Lian Li O11 Dynamic EVO,mid,16241.75
AMD Ryzen 7 7800X3D,MSI MAG X870E Tomahawk,DDR5 32GB 6000MHz RGB,RTX 5070 Ti,WD Black SN850X 2TB,Corsair RM1000x Gold,DeepCool LE720 360mm,Corsair 7000D Airflow,enthusiast,19002.05
Intel i7-14700KF,ASUS TUF B760M-Plus DDR5,DDR5 32GB 5600MHz (2x16),RTX 4070,WD Blue SN580 1TB,Corsair RM1000x Gold,DeepCool LE720 360mm,NZXT H5 Flow,high,13060.95
AMD Ryzen 5 5500,Gigabyte A520M K V2,DDR4 16GB 3200MHz (2x8),RTX 5060 Ti 16GB,Kingston NV2 500GB,Corsair RM750x Gold,Cooler box (stock),Gamemax Infinit M909,budget,6003.34
Intel i3-12100F,ASUS TUF B760M-Plus DDR5,DDR5 16GB 5600MHz (2x8),GTX 1650,Kingston NV2 500GB,Redragon RGPS 500W Bronze,DeepCool AK400,NZXT H5 Flow,budget,4763.02
AMD Ryzen 7 7700X,MSI MAG B650 Tomahawk,DDR5 32GB 6000MHz RGB,RX 9070 XT,WD Black SN850X 2TB,Corsair RM750x Gold,Thermalright Peerless Assassin,Corsair 7000D Airflow,high,14142.4
Intel i5-14600KF,MSI PRO B760M-A DDR4,DDR4 32GB 3200MHz (2x16),RTX 4070,Kingston NV2 1TB,Cooler Master MWE 650 Gold,DeepCool AK400,Gamemax Infinit M909,budget,7862.44
Intel i9-14900K,MSI MAG Z790 Tomahawk DDR5,DDR5 64GB 5600MHz (2x32),RTX 5070,Samsung 990 Pro 1TB,Corsair RM850x Gold,Thermalright Peerless Assassin,Lian Li O11 Dynamic EVO,high,18896.66
AMD Ryzen 5 5600,Gigabyte A520M K V2,DDR4 8GB 3200MHz (1x8),RTX 3060 12GB,Kingston NV2 1TB,Corsair RM750x Gold,Thermalright Peerless Assassin,Corsair 3000D Airflow,budget,4699.92
AMD Ryzen 7 5800X3D,ASUS TUF B550M-Plus,DDR4 32GB 3600MHz RGB,RX 9070 XT,Crucial P3 500GB,Cooler Master MWE 650 Gold,DeepCool AK400,NZXT H5 Flow,mid,10572.84
Intel i5-14400F,MSI MAG Z790 Tomahawk DDR5,DDR5 16GB 5600MHz (2x8),Arc B580,Samsung 990 Pro 1TB,Corsair RM750x Gold,DeepCool LE720 360mm,Lian Li O11 Dynamic EVO,mid,9393.84
Intel i9-14900K,MSI MAG Z790 Tomahawk DDR5,DDR5 32GB 6000MHz RGB,RTX 5070 Ti,Samsung 990 Pro 4TB,Corsair RM850x Gold,DeepCool LE720 360mm,Corsair 7000D Airflow,enthusiast,21170.7
AMD Ryzen 9 9950X,MSI MAG X870E Tomahawk,DDR5 64GB 5600MHz (2x32),RTX 5080,Samsung 990 Pro 1TB,Corsair RM1000x Gold,NZXT Kraken 360,Corsair 7000D Airflow,enthusiast,26009.46
Intel i9-14900K,ASUS TUF B760M-Plus DDR5,DDR5 32GB 6000MHz RGB,RTX 5080,Samsung 990 Pro 4TB,Corsair RM750x Gold,Thermalright Peerless Assassin,Lian Li O11 Dynamic EVO,high,18906.44
Intel i5-14400F,MSI PRO B760M-A DDR4,DDR4 8GB 3200MHz (1x8),Arc B580,Crucial P3 500GB,Redragon RGPS 500W Bronze,Cooler box (stock),Corsair 3000D Airflow,budget,4908.15
Intel i9-14900K,MSI MAG Z790 Tomahawk DDR5,DDR5 64GB 5600MHz (2x32),RX 9070 XT,WD Black SN850X 2TB,Corsair RM850x Gold,NZXT Kraken 360,Corsair 7000D Airflow,enthusiast,20325.51
AMD Ryzen 7 5800X3D,ASUS TUF B550M-Plus,DDR4 32GB 3200MHz (2x16),RX 9070 XT,Crucial P3 500GB,Corsair RM750x Gold,DeepCool AK400,Lian Li O11 Dynamic EVO,mid,11510.91
AMD Ryzen 7 5800X3D,ASUS TUF B550M-Plus,DDR4 32GB 3200MHz (2x16),RTX 5060 Ti 16GB,WD Blue SN580 1TB,Corsair RM850x Gold,Thermalright Peerless Assassin,Lian Li O11 Dynamic EVO,high,10959.04
Intel i5-12400F,MSI PRO B760M-A DDR4,DDR4 16GB 3200MHz (2x8),RTX 4060,Kingston NV2 500GB,Cooler Master MWE 650 Gold,Cooler box (stock),Gamemax Infinit M909,budget,4989.71
Intel i5-14600KF,ASUS TUF B760M-Plus DDR5,DDR5 16GB 5600MHz (2x8),RX 7800 XT,Crucial P3 500GB,Corsair RM750x Gold,Thermalright Peerless Assassin,Gamemax Infinit M909,budget,8543.59
Intel i7-14700KF,MSI MAG Z790 Tomahawk DDR5,DDR5 32GB 5600MHz (2x16),RX 7600,WD Blue SN580 1TB,Corsair RM850x Gold,DeepCool AK400,NZXT H5 Flow,mid,11295.0
AMD Ryzen 7 5700X,MSI B550M-A Pro,DDR4 32GB 3200MHz (2x16),RTX 5070 Ti,Crucial P3 500GB,Corsair CX650 Bronze,DeepCool LE720 360mm,NZXT H5 Flow,mid,11678.57
AMD Ryzen 7 7700X,MSI MAG X870E Tomahawk,DDR5 32GB 6000MHz RGB,RTX 5070,Samsung 990 Pro 4TB,Corsair RM1000x Gold,Thermalright Peerless Assassin,Corsair 7000D Airflow,high,17560.61
Intel i5-14400F,ASUS TUF B760M-Plus DDR5,DDR5 32GB 6000MHz RGB,RTX 5070 Ti,Kingston NV2 1TB,Cooler Master MWE 650 Gold,DeepCool LE720 360mm,Lian Li O11 Dynamic EVO,mid,15405.77
Intel i9-14900K,MSI MAG Z790 Tomahawk DDR5,DDR5 32GB 6000MHz RGB,RTX 5070 Ti,Samsung 990 Pro 1TB,Corsair RM1000x Gold,DeepCool LE720 360mm,Lian Li O11 Dynamic EVO,enthusiast,19003.71
AMD Ryzen 7 5800X3D,MSI B550M-A Pro,DDR4 32GB 3600MHz RGB,RTX 5070,Samsung 990 Pro 1TB,Corsair RM850x Gold,NZXT Kraken 360,Corsair 7000D Airflow,enthusiast,13789.72
Intel i5-12400F,MSI PRO H610M-G DDR4,DDR4 8GB 3200MHz (1x8),Arc B580,Crucial P3 500GB,Corsair RM750x Gold,Cooler box (stock),Gamemax Infinit M909,budget,4662.83
Intel i7-14700KF,MSI MAG Z790 Tomahawk DDR5,DDR5 16GB 5600MHz (2x8),RTX 4060,WD Blue SN580 1TB,Corsair RM850x Gold,DeepCool LE720 360mm,Corsair 3000D Airflow,mid,8808.7
AMD Ryzen 5 7600,MSI PRO B850M-B,DDR5 32GB 5600MHz (2x16),RTX 4060,WD Blue SN580 1TB,Cooler Master MWE 650 Gold,Cooler box (stock),NZXT H5 Flow,budget,7952.56
AMD Ryzen 7 7800X3D,MSI MAG X870E Tomahawk,DDR5 16GB 5600MHz (2x8),RTX 5060 Ti 16GB,WD Black SN850X 2TB,Corsair RM850x Gold,DeepCool LE720 360mm,Corsair 3000D Airflow,mid,12045.7
AMD Ryzen 5 5600,Gigabyte A520M K V2,DDR4 8GB 3200MHz (1x8),Arc B580,Kingston NV2 500GB,Redragon RGPS 500W Bronze,Cooler box (stock),Corsair 3000D Airflow,entry,3926.42
Intel i9-14900K,ASUS TUF B760M-Plus DDR5,DDR5 32GB 5600MHz (2x16),RTX 5080,WD Black SN850X 2TB,Corsair RM850x Gold,DeepCool LE720 360mm,NZXT H5 Flow,high,18184.1
Intel i5-14600KF,MSI PRO B760M-A DDR4,DDR4 32GB 3200MHz (2x16),GTX 1650,Kingston NV2 1TB,Redragon RGPS 500W Bronze,Thermalright Peerless Assassin,Corsair 3000D Airflow,budget,5346.46
AMD Ryzen 7 5800X3D,ASUS TUF B550M-Plus,DDR4 32GB 3200MHz (2x16),RX 9070 XT,Samsung 990 Pro 1TB,Corsair RM850x Gold,DeepCool LE720 360mm,NZXT H5 Flow,high,11366.44
AMD Ryzen 7 5800X3D,ASUS TUF B550M-Plus,DDR4 32GB 3600MHz RGB,RTX 5090,Samsung 990 Pro 1TB,Corsair RM1000x Gold,NZXT Kraken 360,Lian Li O11 Dynamic EVO,enthusiast,25929.72
AMD Ryzen 7 7800X3D,MSI MAG B650 Tomahawk,DDR5 32GB 6000MHz RGB,RTX 4060,Kingston NV2 1TB,Corsair RM850x Gold,Thermalright Peerless Assassin,Lian Li O11 Dynamic EVO,mid,10963.27
Intel i7-14700KF,MSI MAG Z790 Tomahawk DDR5,DDR5 32GB 6000MHz RGB,RX 9070 XT,WD Black SN850X 2TB,Corsair RM850x Gold,NZXT Kraken 360,Corsair 7000D Airflow,enthusiast,16695.63
Intel i7-14700KF,ASUS TUF B760M-Plus DDR5,DDR5 32GB 6000MHz RGB,RTX 5070 Ti,Crucial P3 500GB,Corsair RM850x Gold,DeepCool AK400,Lian Li O11 Dynamic EVO,mid,15428.63
AMD Ryzen 5 7600,MSI MAG B650 Tomahawk,DDR5 16GB 5600MHz (2x8),RTX 3060 12GB,WD Blue SN580 1TB,Corsair RM850x Gold,DeepCool AK400,Corsair 3000D Airflow,mid,6708.25
AMD Ryzen 5 8400F,ASUS Prime A620M-K,DDR5 32GB 5600MHz (2x16),RX 7600,WD Blue SN580 1TB,Cooler Master MWE 650 Gold,DeepCool AK400,Corsair 3000D Airflow,budget,7346.19
AMD Ryzen 5 5600,ASUS TUF B550M-Plus,DDR4 32GB 3200MHz (2x16),GTX 1650,Kingston NV2 1TB,Cooler Master MWE 650 Gold,Cooler box (stock),Corsair 3000D Airflow,budget,4836.7
AMD Ryzen 7 7800X3D,MSI MAG X870E Tomahawk,DDR5 64GB 5600MHz (2x32),RX 9070 XT,Samsung 990 Pro 4TB,Corsair RM850x Gold,NZXT Kraken 360,Corsair 7000D Airflow,enthusiast,19502.5
AMD Ryzen 7 5700X,ASUS TUF B550M-Plus,DDR4 16GB 3200MHz (2x8),RTX 4060,Kingston NV2 1TB,Redragon RGPS 500W Bronze,Cooler box (stock),Gamemax Infinit M909,budget,5315.18
AMD Ryzen 7 7700X,MSI MAG X870E Tomahawk,DDR5 64GB 5600MHz (2x32),RX 9070 XT,Samsung 990 Pro 4TB,Corsair RM1000x Gold,Thermalright Peerless Assassin,NZXT H5 Flow,high,20047.34
AMD Ryzen 7 9800X3D,MSI MAG B650 Tomahawk,DDR5 32GB 6000MHz RGB,RTX 5060 Ti 16GB,WD Black SN850X 2TB,Corsair RM750x Gold,Thermalright Peerless Assassin,Corsair 7000D Airflow,high,14610.62
Intel i7-14700KF,MSI MAG Z790 Tomahawk DDR5,DDR5 32GB 5600MHz (2x16),Arc B580,Kingston NV2 1TB,Corsair RM850x Gold,DeepCool AK400,Lian Li O11 Dynamic EVO,mid,11457.51
Intel i5-12400F,MSI PRO B760M-A DDR4,DDR4 8GB 3200MHz (1x8),GTX 1650,Kingston NV2 1TB,Cooler Master MWE 650 Gold,Cooler box (stock),Corsair 3000D Airflow,entry,3793.78
AMD Ryzen 7 9800X3D,MSI MAG B650 Tomahawk,DDR5 64GB 5600MHz (2x32),RTX 5090,Samsung 990 Pro 4TB,Corsair RM750x Gold,Thermalright Peerless Assassin,Lian Li O11 Dynamic EVO,high,33663.52
Intel i7-14700KF,MSI MAG Z790 Tomahawk DDR5,DDR5 32GB 5600MHz (2x16),RTX 5070,Kingston NV2 1TB,Cooler Master MWE 650 Gold,Thermalright Peerless Assassin,Lian Li O11 Dynamic EVO,mid,12100.83
AMD Ryzen 7 7800X3D,MSI MAG X870E Tomahawk,DDR5 64GB 5600MHz (2x32),RX 9070 XT,Samsung 990 Pro 4TB,Corsair RM1000x Gold,NZXT Kraken 360,Lian Li O11 Dynamic EVO,enthusiast,19776.95
Intel i5-14400F,ASUS TUF B760M-Plus DDR5,DDR5 32GB 6000MHz RGB,RTX 4070,Kingston NV2 1TB,Corsair RM850x Gold,DeepCool LE720 360mm,NZXT H5 Flow,mid,12695.79
Intel i7-14700KF,MSI MAG Z790 Tomahawk DDR5,DDR5 32GB 5600MHz (2x16),RTX 5060 Ti 16GB,WD Blue SN580 1TB,Corsair RM750x Gold,NZXT Kraken 360,Corsair 7000D Airflow,high,14047.33
Intel i5-14600KF,MSI MAG Z790 Tomahawk DDR5,DDR5 32GB 6000MHz RGB,RTX 4060,WD Black SN850X 2TB,Corsair RM850x Gold,Thermalright Peerless Assassin,Corsair 3000D Airflow,mid,12285.09
AMD Ryzen 5 7600,ASUS Prime A620M-K,DDR5 32GB 5600MHz (2x16),RX 7800 XT,Kingston NV2 500GB,Redragon RGPS 500W Bronze,Cooler box (stock),NZXT H5 Flow,budget,9285.49
AMD Ryzen 7 7700X,ASUS Prime A620M-K,DDR5 32GB 5600MHz (2x16),RTX 4070,Crucial P3 500GB,Cooler Master MWE 650 Gold,Thermalright Peerless Assassin,NZXT H5 Flow,budget,9873.31
AMD Ryzen 7 7800X3D,MSI MAG X870E Tomahawk,DDR5 64GB 5600MHz (2x32),RTX 5070 Ti,Samsung 990 Pro 4TB,Corsair RM1000x Gold,DeepCool LE720 360mm,Corsair 7000D Airflow,enthusiast,23831.01
AMD Ryzen 7 5800X3D,Gigabyte A520M K V2,DDR4 32GB 3600MHz RGB,RX 9070 XT,Samsung 990 Pro 1TB,Corsair RM1000x Gold,DeepCool LE720 360mm,Lian Li O11 Dynamic EVO,enthusiast,12097.52
AMD Ryzen 5 8400F,ASUS Prime A620M-K,DDR5 16GB 5600MHz (2x8),GTX 1650,Kingston NV2 500GB,Corsair CX650 Bronze,Cooler box (stock),Gamemax Infinit M909,entry,4360.1
AMD Ryzen 7 7700X,MSI MAG B650 Tomahawk,DDR5 64GB 5600MHz (2x32),RTX 5080,WD Blue SN580 1TB,Corsair RM850x Gold,NZXT Kraken 360,Lian Li O11 Dynamic EVO,high,22003.11
AMD Ryzen 7 5800X3D,ASUS TUF B550M-Plus,DDR4 32GB 3200MHz (2x16),RTX 3060 12GB,Crucial P3 500GB,Corsair RM850x Gold,DeepCool LE720 360mm,NZXT H5 Flow,mid,8335.56
Intel i9-14900K,MSI MAG Z790 Tomahawk DDR5,DDR5 64GB 5600MHz (2x32),RTX 5090,Samsung 990 Pro 4TB,Corsair RM850x Gold,NZXT Kraken 360,Corsair 7000D Airflow,enthusiast,32924.54
AMD Ryzen 7 7700X,MSI PRO B850M-B,DDR5 16GB 5600MHz (2x8),RTX 5070 Ti,Samsung 990 Pro 1TB,Corsair RM750x Gold,DeepCool LE720 360mm,Corsair 3000D Airflow,mid,12477.03
Intel i5-14600KF,MSI MAG Z790 Tomahawk DDR5,DDR5 32GB 6000MHz RGB,RTX 5070 Ti,Samsung 990 Pro 1TB,Cooler Master MWE 650 Gold,Thermalright Peerless Assassin,NZXT H5 Flow,mid,15719.99
AMD Ryzen 7 5700X,ASUS TUF B550M-Plus,DDR4 32GB 3200MHz (2x16),RX 7600,Samsung 990 Pro 1TB,Corsair CX650 Bronze,DeepCool AK400,NZXT H5 Flow,mid,7313.3
Intel i5-12400F,MSI PRO H610M-G DDR4,DDR4 32GB 3200MHz (2x16),RX 7800 XT,WD Blue SN580 1TB,Corsair RM750x Gold,Cooler box (stock),Corsair 3000D Airflow,budget,6891.9
Intel i7-14700KF,ASUS TUF B760M-Plus DDR5,DDR5 64GB 5600MHz (2x32),RTX 5070 Ti,WD Blue SN580 1TB,Corsair RM750x Gold,NZXT Kraken 360,NZXT H5 Flow,high,18282.51
AMD Ryzen 7 7700X,MSI MAG B650 Tomahawk,DDR5 64GB 5600MHz (2x32),RTX 5060 Ti 16GB,WD Black SN850X 2TB,Corsair RM850x Gold,NZXT Kraken 360,Corsair 7000D Airflow,high,15742.29
AMD Ryzen 7 9800X3D,MSI MAG X870E Tomahawk,DDR5 32GB 6000MHz RGB,RTX 4070,WD Blue SN580 1TB,Corsair RM1000x Gold,NZXT Kraken 360,Corsair 7000D Airflow,high,15674.96
AMD Ryzen 5 5600,Gigabyte A520M K V2,DDR4 16GB 3200MHz (2x8),RX 6600,Crucial P3 500GB,Corsair CX650 Bronze,Cooler box (stock),Corsair 3000D Airflow,entry,3913.94
Intel i5-12400F,MSI PRO B760M-A DDR4,DDR4 32GB 3200MHz (2x16),GTX 1650,Kingston NV2 500GB,Cooler Master MWE 650 Gold,Thermalright Peerless Assassin,Gamemax Infinit M909,budget,5190.36
Intel i7-14700KF,ASUS TUF B760M-Plus DDR5,DDR5 64GB 5600MHz (2x32),RTX 5070 Ti,WD Blue SN580 1TB,Corsair RM850x Gold,DeepCool LE720 360mm,Corsair 7000D Airflow,high,19343.35
AMD Ryzen 5 5500,MSI B550M-A Pro,DDR4 32GB 3200MHz (2x16),GTX 1650,Kingston NV2 1TB,Cooler Master MWE 650 Gold,Cooler box (stock),Gamemax Infinit M909,budget,4467.39
AMD Ryzen 7 7800X3D,MSI MAG B650 Tomahawk,DDR5 32GB 5600MHz (2x16),RTX 5070,Samsung 990 Pro 1TB,Corsair RM1000x Gold,DeepCool LE720 360mm,NZXT H5 Flow,high,13459.75
Intel i9-14900K,ASUS TUF B760M-Plus DDR5,DDR5 32GB 6000MHz RGB,RTX 5080,WD Blue SN580 1TB,Corsair RM850x Gold,Thermalright Peerless Assassin,Lian Li O11 Dynamic EVO,high,18072.26
AMD Ryzen 5 5500,Gigabyte A520M K V2,DDR4 16GB 3200MHz (2x8),RTX 4060,Crucial P3 500GB,Cooler Master MWE 650 Gold,DeepCool AK400,Corsair 3000D Airflow,entry,4714.95
Intel i5-14400F,MSI MAG Z790 Tomahawk DDR5,DDR5 16GB 5600MHz (2x8),RTX 4070,WD Black SN850X 2TB,Corsair CX650 Bronze,Thermalright Peerless Assassin,Lian Li O11 Dynamic EVO,mid,9638.67
Intel i5-12400F,ASUS TUF B760M-Plus DDR5,DDR5 16GB 5600MHz (2x8),Arc B580,Crucial P3 500GB,Corsair CX650 Bronze,DeepCool AK400,Corsair 3000D Airflow,budget,7000.65
AMD Ryzen 7 5700X,MSI B550M-A Pro,DDR4 16GB 3200MHz (2x8),RTX 3060 12GB,Kingston NV2 500GB,Redragon RGPS 500W Bronze,Cooler box (stock),Gamemax Infinit M909,entry,4433.31
Intel i5-14400F,MSI PRO B760M-A DDR4,DDR4 8GB 3200MHz (1x8),RTX 4060,Kingston NV2 1TB,Cooler Master MWE 650 Gold,Cooler box (stock),NZXT H5 Flow,budget,5745.45
AMD Ryzen 7 7700X,MSI MAG B650 Tomahawk,DDR5 32GB 5600MHz (2x16),RX 7800 XT,Crucial P3 500GB,Corsair RM750x Gold,DeepCool AK400,Corsair 3000D Airflow,mid,10311.33
AMD Ryzen 5 8400F,MSI PRO B850M-B,DDR5 16GB 5600MHz (2x8),RTX 4070,Crucial P3 500GB,Cooler Master MWE 650 Gold,DeepCool AK400,Corsair 3000D Airflow,budget,7826.71
AMD Ryzen 7 5800X3D,ASUS TUF B550M-Plus,DDR4 32GB 3200MHz (2x16),RTX 4070,Samsung 990 Pro 1TB,Corsair RM750x Gold,NZXT Kraken 360,Lian Li O11 Dynamic EVO,high,11312.08
AMD Ryzen 7 5700X,ASUS TUF B550M-Plus,DDR4 32GB 3600MHz RGB,RX 9070 XT,WD Black SN850X 2TB,Corsair RM850x Gold,DeepCool LE720 360mm,NZXT H5 Flow,mid,11230.86
AMD Ryzen 7 7800X3D,MSI MAG B650 Tomahawk,DDR5 32GB 6000MHz RGB,RTX 4070,WD Black SN850X 2TB,Corsair RM850x Gold,DeepCool LE720 360mm,Corsair 3000D Airflow,mid,13829.91
AMD Ryzen 7 7800X3D,MSI MAG X870E Tomahawk,DDR5 64GB 5600MHz (2x32),RTX 5080,Samsung 990 Pro 4TB,Corsair RM1000x Gold,DeepCool LE720 360mm,Corsair 7000D Airflow,enthusiast,24802.93
AMD Ryzen 7 5700X,Gigabyte A520M K V2,DDR4 8GB 3200MHz (1x8),RTX 5060 Ti 16GB,Kingston NV2 1TB,Corsair RM750x Gold,Thermalright Peerless Assassin,NZXT H5 Flow,budget,7170.26
AMD Ryzen 5 5600,Gigabyte A520M K V2,DDR4 8GB 3200MHz (1x8),RTX 4060,Crucial P3 500GB,Corsair CX650 Bronze,DeepCool AK400,Corsair 3000D Airflow,entry,4615.82
AMD Ryzen 7 7800X3D,MSI MAG X870E Tomahawk,DDR5 32GB 5600MHz (2x16),Arc B580,WD Blue SN580 1TB,Corsair RM850x Gold,Thermalright Peerless Assassin,NZXT H5 Flow,mid,10737.33
AMD Ryzen 5 8400F,MSI PRO B850M-B,DDR5 16GB 5600MHz (2x8),RTX 3060 12GB,Crucial P3 500GB,Cooler Master MWE 650 Gold,DeepCool AK400,Corsair 3000D Airflow,entry,5474.43
Intel i7-14700KF,ASUS TUF B760M-Plus DDR5,DDR5 64GB 5600MHz (2x32),RTX 5060 Ti 16GB,WD Blue SN580 1TB,Corsair RM1000x Gold,NZXT Kraken 360,Corsair 7000D Airflow,high,16361.95
AMD Ryzen 5 7600,MSI MAG X870E Tomahawk,DDR5 32GB 6000MHz RGB,RTX 5070,Crucial P3 500GB,Corsair CX650 Bronze,Thermalright Peerless Assassin,NZXT H5 Flow,mid,11808.03
Intel i5-14600KF,MSI MAG Z790 Tomahawk DDR5,DDR5 64GB 5600MHz (2x32),RX 9070 XT,WD Blue SN580 1TB,Corsair RM1000x Gold,Thermalright Peerless Assassin,NZXT H5 Flow,high,15540.56
Intel i5-14400F,MSI PRO H610M-G DDR4,DDR4 16GB 3200MHz (2x8),RX 6600,Kingston NV2 1TB,Corsair CX650 Bronze,DeepCool AK400,Corsair 3000D Airflow,entry,4729.29
AMD Ryzen 9 9950X,MSI MAG X870E Tomahawk,DDR5 32GB 6000MHz RGB,RTX 4070,Samsung 990 Pro 4TB,Corsair RM750x Gold,DeepCool LE720 360mm,Lian Li O11 Dynamic EVO,high,17230.51
AMD Ryzen 7 7800X3D,MSI MAG X870E Tomahawk,DDR5 32GB 5600MHz (2x16),RTX 5070,Kingston NV2 1TB,Cooler Master MWE 650 Gold,Thermalright Peerless Assassin,Corsair 3000D Airflow,mid,12903.31
Intel i5-12400F,MSI PRO H610M-G DDR4,DDR4 8GB 3200MHz (1x8),RTX 3060 12GB,Kingston NV2 500GB,Corsair CX650 Bronze,DeepCool AK400,Gamemax Infinit M909,entry,3926.94
AMD Ryzen 7 9800X3D,MSI MAG B650 Tomahawk,DDR5 32GB 5600MHz (2x16),RTX 5080,WD Blue SN580 1TB,Corsair RM850x Gold,NZXT Kraken 360,Corsair 7000D Airflow,high,20453.99
AMD Ryzen 9 9950X,MSI MAG X870E Tomahawk,DDR5 64GB 5600MHz (2x32),RTX 5080,WD Blue SN580 1TB,Corsair RM750x Gold,NZXT Kraken 360,NZXT H5 Flow,high,22671.01
Intel i7-14700KF,MSI MAG Z790 Tomahawk DDR5,DDR5 64GB 5600MHz (2x32),RTX 5070 Ti,Samsung 990 Pro 1TB,Corsair RM1000x Gold,NZXT Kraken 360,Corsair 7000D Airflow,enthusiast,20948.27
AMD Ryzen 5 5600,ASUS TUF B550M-Plus,DDR4 8GB 3200MHz (1x8),RTX 4060,Crucial P3 500GB,Redragon RGPS 500W Bronze,Thermalright Peerless Assassin,Gamemax Infinit M909,budget,4940.11
Intel i5-14400F,MSI PRO B760M-A DDR4,DDR4 16GB 3200MHz (2x8),RX 7800 XT,Crucial P3 500GB,Corsair CX650 Bronze,Cooler box (stock),Corsair 3000D Airflow,budget,6231.79
AMD Ryzen 9 9950X,MSI MAG X870E Tomahawk,DDR5 64GB 5600MHz (2x32),RX 9070 XT,Samsung 990 Pro 1TB,Corsair RM850x Gold,NZXT Kraken 360,Corsair 7000D Airflow,enthusiast,22513.47
AMD Ryzen 7 7800X3D,MSI PRO B850M-B,DDR5 32GB 5600MHz (2x16),RTX 4070,WD Black SN850X 2TB,Corsair CX650 Bronze,DeepCool AK400,Lian Li O11 Dynamic EVO,mid,11303.79
AMD Ryzen 7 7800X3D,MSI PRO B850M-B,DDR5 32GB 5600MHz (2x16),RTX 5070,WD Black SN850X 2TB,Cooler Master MWE 650 Gold,Thermalright Peerless Assassin,NZXT H5 Flow,mid,12913.07
AMD Ryzen 7 7700X,MSI MAG B650 Tomahawk,DDR5 64GB 5600MHz (2x32),RTX 5090,WD Black SN850X 2TB,Corsair RM1000x Gold,Thermalright Peerless Assassin,Lian Li O11 Dynamic EVO,high,27884.36
Intel i3-12100F,ASUS TUF B760M-Plus DDR5,DDR5 32GB 5600MHz (2x16),GTX 1650,Kingston NV2 1TB,Cooler Master MWE 650 Gold,Cooler box (stock),NZXT H5 Flow,budget,7449.2
AMD Ryzen 5 5500,Gigabyte A520M K V2,DDR4 8GB 3200MHz (1x8),GTX 1650,Kingston NV2 500GB,Corsair CX650 Bronze,Cooler box (stock),Gamemax Infinit M909,entry,3026.42
AMD Ryzen 5 8400F,MSI PRO B850M-B,DDR5 32GB 5600MHz (2x16),RTX 5060 Ti 16GB,Kingston NV2 1TB,Corsair RM750x Gold,DeepCool AK400,NZXT H5 Flow,budget,10246.31
Intel i5-14400F,ASUS TUF B760M-Plus DDR5,DDR5 32GB 5600MHz (2x16),Arc B580,Samsung 990 Pro 1TB,Corsair RM750x Gold,DeepCool LE720 360mm,Corsair 3000D Airflow,mid,8982.06
Intel i7-14700KF,MSI MAG Z790 Tomahawk DDR5,DDR5 64GB 5600MHz (2x32),RTX 5070,Samsung 990 Pro 1TB,Corsair RM1000x Gold,NZXT Kraken 360,Corsair 7000D Airflow,high,17380.2
AMD Ryzen 7 7800X3D,MSI MAG B650 Tomahawk,DDR5 32GB 5600MHz (2x16),RX 9070 XT,Samsung 990 Pro 1TB,Corsair RM850x Gold,DeepCool LE720 360mm,Corsair 7000D Airflow,high,14420.97
Intel i9-14900K,ASUS TUF B760M-Plus DDR5,DDR5 64GB 5600MHz (2x32),RTX 4070,WD Black SN850X 2TB,Corsair RM1000x Gold,NZXT Kraken 360,Corsair 7000D Airflow,high,17936.95
Intel i7-14700KF,MSI MAG Z790 Tomahawk DDR5,DDR5 32GB 6000MHz RGB,RTX 5070 Ti,Samsung 990 Pro 4TB,Corsair RM850x Gold,NZXT Kraken 360,Lian Li O11 Dynamic EVO,enthusiast,19481.18
AMD Ryzen 5 7600,MSI PRO B850M-B,DDR5 16GB 5600MHz (2x8),RX 7600,Crucial P3 500GB,Cooler Master MWE 650 Gold,Cooler box (stock),Gamemax Infinit M909,budget,6038.88
AMD Ryzen 7 7700X,MSI PRO B850M-B,DDR5 16GB 5600MHz (2x8),RX 7800 XT,WD Blue SN580 1TB,Cooler Master MWE 650 Gold,DeepCool LE720 360mm,NZXT H5 Flow,mid,8884.78
AMD Ryzen 5 8400F,MSI PRO B850M-B,DDR5 16GB 5600MHz (2x8),RTX 3060 12GB,Crucial P3 500GB,Redragon RGPS 500W Bronze,Cooler box (stock),Gamemax Infinit M909,entry,5040.95
Intel i5-14600KF,ASUS TUF B760M-Plus DDR5,DDR5 32GB 5600MHz (2x16),RTX 3060 12GB,WD Blue SN580 1TB,Corsair RM850x Gold,Thermalright Peerless Assassin,Lian Li O11 Dynamic EVO,mid,9397.66
AMD Ryzen 7 5800X3D,MSI B550M-A Pro,DDR4 32GB 3600MHz RGB,RTX 5080,WD Black SN850X 2TB,Corsair RM850x Gold,NZXT Kraken 360,Lian Li O11 Dynamic EVO,enthusiast,18360.14
Intel i5-14400F,MSI PRO H610M-G DDR4,DDR4 8GB 3200MHz (1x8),RX 6600,Kingston NV2 500GB,Cooler Master MWE 650 Gold,Thermalright Peerless Assassin,Corsair 3000D Airflow,budget,3903.46
Intel i5-14400F,MSI PRO B760M-A DDR4,DDR4 16GB 3200MHz (2x8),RX 7600,Crucial P3 500GB,Cooler Master MWE 650 Gold,DeepCool AK400,Gamemax Infinit M909,entry,5131.53
AMD Ryzen 7 7800X3D,MSI MAG X870E Tomahawk,DDR5 64GB 5600MHz (2x32),RTX 5070,Samsung 990 Pro 1TB,Corsair RM1000x Gold,NZXT Kraken 360,Corsair 7000D Airflow,enthusiast,17284.66
AMD Ryzen 5 8400F,MSI PRO B850M-B,DDR5 32GB 5600MHz (2x16),RTX 3060 12GB,Crucial P3 500GB,Corsair RM750x Gold,Thermalright Peerless Assassin,Gamemax Infinit M909,budget,7485.28
AMD Ryzen 5 7600,MSI PRO B850M-B,DDR5 16GB 5600MHz (2x8),RX 7600,Crucial P3 500GB,Redragon RGPS 500W Bronze,Cooler box (stock),Gamemax Infinit M909,entry,5260.23
AMD Ryzen 7 5700X,ASUS TUF B550M-Plus,DDR4 16GB 3200MHz (2x8),RTX 3060 12GB,Crucial P3 500GB,Cooler Master MWE 650 Gold,Thermalright Peerless Assassin,Lian Li O11 Dynamic EVO,mid,5433.87
AMD Ryzen 7 5700X,Gigabyte A520M K V2,DDR4 32GB 3200MHz (2x16),RX 7600,Kingston NV2 1TB,Cooler Master MWE 650 Gold,Cooler box (stock),Gamemax Infinit M909,budget,5815.79
AMD Ryzen 5 7600,MSI PRO B850M-B,DDR5 32GB 5600MHz (2x16),RTX 5070 Ti,WD Black SN850X 2TB,Corsair RM850x Gold,Thermalright Peerless Assassin,Corsair 3000D Airflow,mid,14107.44
AMD Ryzen 5 5600,Gigabyte A520M K V2,DDR4 16GB 3200MHz (2x8),Arc B580,Kingston NV2 500GB,Cooler Master MWE 650 Gold,Thermalright Peerless Assassin,Corsair 3000D Airflow,budget,4822.86
Intel i5-14600KF,ASUS TUF B760M-Plus DDR5,DDR5 16GB 5600MHz (2x8),RTX 4070,WD Blue SN580 1TB,Redragon RGPS 500W Bronze,DeepCool AK400,Corsair 3000D Airflow,budget,8610.18
AMD Ryzen 7 7800X3D,MSI MAG X870E Tomahawk,DDR5 32GB 5600MHz (2x16),RTX 5090,WD Blue SN580 1TB,Corsair RM750x Gold,Thermalright Peerless Assassin,Lian Li O11 Dynamic EVO,high,29673.89
AMD Ryzen 5 8400F,ASUS Prime A620M-K,DDR5 16GB 5600MHz (2x8),RX 7800 XT,Kingston NV2 500GB,Corsair RM750x Gold,Cooler box (stock),NZXT H5 Flow,budget,7596.49
AMD Ryzen 7 7700X,MSI MAG B650 Tomahawk,DDR5 32GB 6000MHz RGB,RX 9070 XT,WD Black SN850X 2TB,Corsair RM1000x Gold,Thermalright Peerless Assassin,Corsair 7000D Airflow,high,14275.84
AMD Ryzen 5 7600,MSI MAG B650 Tomahawk,DDR5 32GB 5600MHz (2x16),RTX 3060 12GB,Kingston NV2 500GB,Redragon RGPS 500W Bronze,Cooler box (stock),NZXT H5 Flow,budget,7817.49
AMD Ryzen 5 5600,Gigabyte A520M K V2,DDR4 32GB 3200MHz (2x16),GTX 1650,Kingston NV2 500GB,Corsair RM750x Gold,DeepCool AK400,Corsair 3000D Airflow,budget,4412.99
AMD Ryzen 7 7800X3D,MSI PRO B850M-B,DDR5 16GB 5600MHz (2x8),RX 7600,WD Blue SN580 1TB,Cooler Master MWE 650 Gold,DeepCool AK400,NZXT H5 Flow,mid,6946.98
AMD Ryzen 5 8400F,MSI PRO B850M-B,DDR5 16GB 5600MHz (2x8),RX 7600,Kingston NV2 1TB,Redragon RGPS 500W Bronze,DeepCool AK400,Gamemax Infinit M909,budget,5040.29
AMD Ryzen 7 7800X3D,MSI MAG X870E Tomahawk,DDR5 32GB 5600MHz (2x16),RX 7600,Kingston NV2 1TB,Corsair RM850x Gold,DeepCool AK400,Lian Li O11 Dynamic EVO,mid,10647.1
AMD Ryzen 7 5700X,Gigabyte A520M K V2,DDR4 16GB 3200MHz (2x8),GTX 1650,Kingston NV2 500GB,Corsair CX650 Bronze,DeepCool AK400,Gamemax Infinit M909,entry,4092.0
Intel i5-14600KF,MSI MAG Z790 Tomahawk DDR5,DDR5 16GB 5600MHz (2x8),RTX 5070,Samsung 990 Pro 1TB,Corsair RM750x Gold,Thermalright Peerless Assassin,Lian Li O11 Dynamic EVO,mid,11833.71
AMD Ryzen 7 5700X,MSI B550M-A Pro,DDR4 32GB 3600MHz RGB,RTX 4060,Crucial P3 500GB,Corsair CX650 Bronze,DeepCool AK400,NZXT H5 Flow,mid,7284.45
Intel i7-14700KF,MSI MAG Z790 Tomahawk DDR5,DDR5 16GB 5600MHz (2x8),Arc B580,Samsung 990 Pro 1TB,Corsair RM750x Gold,DeepCool LE720 360mm,NZXT H5 Flow,mid,9901.77
AMD Ryzen 7 7700X,MSI PRO B850M-B,DDR5 32GB 6000MHz RGB,RTX 4070,Samsung 990 Pro 1TB,Corsair CX650 Bronze,DeepCool LE720 360mm,Lian Li O11 Dynamic EVO,mid,12351.66
Intel i5-14400F,MSI MAG Z790 Tomahawk DDR5,DDR5 32GB 6000MHz RGB,RX 9070 XT,Crucial P3 500GB,Corsair RM850x Gold,DeepCool LE720 360mm,NZXT H5 Flow,mid,13807.03
Intel i5-14600KF,MSI MAG Z790 Tomahawk DDR5,DDR5 16GB 5600MHz (2x8),RX 9070 XT,Kingston NV2 1TB,Corsair CX650 Bronze,DeepCool LE720 360mm,Corsair 3000D Airflow,mid,10479.6
AMD Ryzen 5 5600,MSI B550M-A Pro,DDR4 8GB 3200MHz (1x8),RX 6600,WD Blue SN580 1TB,Cooler Master MWE 650 Gold,Cooler box (stock),Gamemax Infinit M909,budget,3458.8
Intel i7-14700KF,ASUS TUF B760M-Plus DDR5,DDR5 64GB 5600MHz (2x32),RTX 5070,WD Blue SN580 1TB,Corsair RM1000x Gold,NZXT Kraken 360,Corsair 7000D Airflow,high,17503.35
Intel i5-14400F,MSI PRO H610M-G DDR4,DDR4 8GB 3200MHz (1x8),RTX 4060,Crucial P3 500GB,Cooler Master MWE 650 Gold,Cooler box (stock),Corsair 3000D Airflow,entry,5173.51
AMD Ryzen 7 7700X,MSI PRO B850M-B,DDR5 16GB 5600MHz (2x8),RTX 5060 Ti 16GB,Crucial P3 500GB,Corsair RM750x Gold,Cooler box (stock),Gamemax Infinit M909,budget,8491.4
AMD Ryzen 7 7700X,MSI MAG B650 Tomahawk,DDR5 16GB 5600MHz (2x8),RTX 3060 12GB,Crucial P3 500GB,Cooler Master MWE 650 Gold,Cooler box (stock),Gamemax Infinit M909,budget,6549.4
AMD Ryzen 7 9800X3D,MSI MAG B650 Tomahawk,DDR5 64GB 5600MHz (2x32),RTX 5080,Samsung 990 Pro 4TB,Corsair RM1000x Gold,Thermalright Peerless Assassin,Corsair 7000D Airflow,high,22937.74
AMD Ryzen 9 9950X,MSI MAG X870E Tomahawk,DDR5 32GB 6000MHz RGB,RX 9070 XT,Samsung 990 Pro 1TB,Corsair RM850x Gold,DeepCool LE720 360mm,Lian Li O11 Dynamic EVO,high,16668.17
AMD Ryzen 7 5800X3D,MSI B550M-A Pro,DDR4 32GB 3600MHz RGB,Arc B580,Samsung 990 Pro 1TB,Corsair CX650 Bronze,DeepCool LE720 360mm,Corsair 3000D Airflow,mid,9354.77
Intel i5-14600KF,MSI PRO B760M-A DDR4,DDR4 16GB 3200MHz (2x8),RTX 5070,Kingston NV2 1TB,Corsair RM850x Gold,DeepCool LE720 360mm,Lian Li O11 Dynamic EVO,mid,10067.76
AMD Ryzen 7 9800X3D,MSI MAG X870E Tomahawk,DDR5 64GB 5600MHz (2x32),RTX 5070,Samsung 990 Pro 4TB,Corsair RM1000x Gold,NZXT Kraken 360,Lian Li O11 Dynamic EVO,enthusiast,21441.28
AMD Ryzen 7 7800X3D,MSI MAG B650 Tomahawk,DDR5 64GB 5600MHz (2x32),RTX 5070 Ti,Samsung 990 Pro 4TB,Corsair RM750x Gold,DeepCool LE720 360mm,NZXT H5 Flow,high,20217.1
AMD Ryzen 7 9800X3D,MSI MAG X870E Tomahawk,DDR5 64GB 5600MHz (2x32),RX 9070 XT,Samsung 990 Pro 4TB,Corsair RM750x Gold,NZXT Kraken 360,Lian Li O11 Dynamic EVO,high,19313.1
Intel i9-14900K,MSI MAG Z790 Tomahawk DDR5,DDR5 32GB 6000MHz RGB,RTX 5070,WD Black SN850X 2TB,Corsair RM1000x Gold,NZXT Kraken 360,Lian Li O11 Dynamic EVO,enthusiast,16599.66
AMD Ryzen 5 7600,MSI PRO B850M-B,DDR5 32GB 5600MHz (2x16),RTX 4070,Kingston NV2 1TB,Corsair RM750x Gold,DeepCool LE720 360mm,Corsair 3000D Airflow,mid,10940.08
AMD Ryzen 5 8400F,ASUS Prime A620M-K,DDR5 16GB 5600MHz (2x8),RX 6600,WD Blue SN580 1TB,Cooler Master MWE 650 Gold,Cooler box (stock),NZXT H5 Flow,budget,5173.99
AMD Ryzen 7 7700X,MSI MAG X870E Tomahawk,DDR5 64GB 5600MHz (2x32),RTX 5080,WD Blue SN580 1TB,Corsair RM1000x Gold,Thermalright Peerless Assassin,Lian Li O11 Dynamic EVO,high,20509.14
Intel i5-12400F,MSI PRO B760M-A DDR4,DDR4 16GB 3200MHz (2x8),Arc B580,Kingston NV2 1TB,Redragon RGPS 500W Bronze,Cooler box (stock),NZXT H5 Flow,budget,5547.82
AMD Ryzen 5 8400F,ASUS Prime A620M-K,DDR5 32GB 5600MHz (2x16),RX 6600,WD Blue SN580 1TB,Corsair CX650 Bronze,Thermalright Peerless Assassin,NZXT H5 Flow,budget,7295.32
AMD Ryzen 5 7600,ASUS Prime A620M-K,DDR5 16GB 5600MHz (2x8),RTX 3060 12GB,Kingston NV2 500GB,Cooler Master MWE 650 Gold,Cooler box (stock),Gamemax Infinit M909,entry,5466.75
AMD Ryzen 7 7700X,MSI PRO B850M-B,DDR5 32GB 6000MHz RGB,Arc B580,Crucial P3 500GB,Corsair CX650 Bronze,DeepCool LE720 360mm,NZXT H5 Flow,mid,9493.13
AMD Ryzen 7 5800X3D,Gigabyte A520M K V2,DDR4 32GB 3600MHz RGB,RTX 5080,WD Black SN850X 2TB,Corsair RM850x Gold,DeepCool LE720 360mm,Lian Li O11 Dynamic EVO,enthusiast,17708.17
Intel i7-14700KF,MSI MAG Z790 Tomahawk DDR5,DDR5 64GB 5600MHz (2x32),RTX 5070,Samsung 990 Pro 1TB,Corsair RM850x Gold,DeepCool LE720 360mm,Corsair 7000D Airflow,enthusiast,16218.01
AMD Ryzen 7 5800X3D,ASUS TUF B550M-Plus,DDR4 32GB 3600MHz RGB,RTX 5060 Ti 16GB,Crucial P3 500GB,Cooler Master MWE 650 Gold,DeepCool LE720 360mm,Corsair 3000D Airflow,mid,10770.41
Intel i5-12400F,MSI PRO H610M-G DDR4,DDR4 16GB 3200MHz (2x8),Arc B580,Kingston NV2 500GB,Cooler Master MWE 650 Gold,Cooler box (stock),Corsair 3000D Airflow,budget,4836.13
AMD Ryzen 5 8400F,ASUS Prime A620M-K,DDR5 16GB 5600MHz (2x8),RX 7600,WD Blue SN580 1TB,Redragon RGPS 500W Bronze,Thermalright Peerless Assassin,NZXT H5 Flow,budget,6156.47
AMD Ryzen 5 8400F,MSI MAG B650 Tomahawk,DDR5 16GB 5600MHz (2x8),GTX 1650,WD Blue SN580 1TB,Corsair RM750x Gold,DeepCool AK400,NZXT H5 Flow,budget,5516.47
AMD Ryzen 7 5800X3D,MSI B550M-A Pro,DDR4 32GB 3200MHz (2x16),RTX 5070,WD Blue SN580 1TB,Corsair RM850x Gold,Thermalright Peerless Assassin,Lian Li O11 Dynamic EVO,mid,10975.72
AMD Ryzen 7 5700X,Gigabyte A520M K V2,DDR4 32GB 3200MHz (2x16),RTX 4070,Kingston NV2 1TB,Corsair CX650 Bronze,DeepCool AK400,Corsair 3000D Airflow,budget,7519.1
Intel i5-12400F,ASUS TUF B760M-Plus DDR5,DDR5 16GB 5600MHz (2x8),RTX 4060,Crucial P3 500GB,Corsair CX650 Bronze,Thermalright Peerless Assassin,NZXT H5 Flow,budget,6679.24
Intel i7-14700KF,MSI MAG Z790 Tomahawk DDR5,DDR5 32GB 5600MHz (2x16),RX 9070 XT,Kingston NV2 1TB,Corsair CX650 Bronze,DeepCool AK400,NZXT H5 Flow,mid,13822.24
Intel i9-14900K,MSI MAG Z790 Tomahawk DDR5,DDR5 64GB 5600MHz (2x32),RX 9070 XT,Samsung 990 Pro 4TB,Corsair RM850x Gold,NZXT Kraken 360,Lian Li O11 Dynamic EVO,enthusiast,21695.53
AMD Ryzen 5 5600,Gigabyte A520M K V2,DDR4 8GB 3200MHz (1x8),GTX 1650,Crucial P3 500GB,Corsair RM750x Gold,Thermalright Peerless Assassin,NZXT H5 Flow,budget,3820.82
Intel i5-14400F,MSI PRO B760M-A DDR4,DDR4 8GB 3200MHz (1x8),RTX 3060 12GB,Crucial P3 500GB,Redragon RGPS 500W Bronze,Cooler box (stock),Gamemax Infinit M909,entry,4062.75
AMD Ryzen 5 5600,ASUS TUF B550M-Plus,DDR4 32GB 3200MHz (2x16),Arc B580,Kingston NV2 1TB,Corsair CX650 Bronze,Cooler box (stock),NZXT H5 Flow,budget,6339.1
Intel i3-12100F,MSI PRO B760M-A DDR4,DDR4 8GB 3200MHz (1x8),RX 6600,Kingston NV2 1TB,Corsair CX650 Bronze,Cooler box (stock),Corsair 3000D Airflow,entry,3885.35
AMD Ryzen 7 5800X3D,MSI B550M-A Pro,DDR4 32GB 3600MHz RGB,RTX 5060 Ti 16GB,WD Blue SN580 1TB,Cooler Master MWE 650 Gold,DeepCool LE720 360mm,Lian Li O11 Dynamic EVO,mid,10933.76
Intel i7-14700KF,ASUS TUF B760M-Plus DDR5,DDR5 64GB 5600MHz (2x32),RTX 5080,Samsung 990 Pro 4TB,Corsair RM750x Gold,Thermalright Peerless Assassin,NZXT H5 Flow,high,20157.1
AMD Ryzen 5 5600,MSI B550M-A Pro,DDR4 16GB 3200MHz (2x8),Arc B580,Kingston NV2 500GB,Corsair CX650 Bronze,DeepCool AK400,Corsair 3000D Airflow,entry,5036.43
Intel i7-14700KF,MSI MAG Z790 Tomahawk DDR5,DDR5 32GB 5600MHz (2x16),RTX 5060 Ti 16GB,WD Black SN850X 2TB,Corsair RM750x Gold,Thermalright Peerless Assassin,Corsair 3000D Airflow,mid,13833.45
AMD Ryzen 5 5500,Gigabyte A520M K V2,DDR4 8GB 3200MHz (1x8),RTX 4060,Kingston NV2 1TB,Redragon RGPS 500W Bronze,DeepCool AK400,Gamemax Infinit M909,entry,4298.41
Intel i5-14600KF,MSI MAG Z790 Tomahawk DDR5,DDR5 16GB 5600MHz (2x8),RX 9070 XT,Kingston NV2 1TB,Cooler Master MWE 650 Gold,DeepCool AK400,Lian Li O11 Dynamic EVO,mid,11332.23
AMD Ryzen 7 5800X3D,Gigabyte A520M K V2,DDR4 32GB 3600MHz RGB,RTX 5070,WD Black SN850X 2TB,Corsair RM850x Gold,DeepCool LE720 360mm,Corsair 7000D Airflow,enthusiast,13063.77
AMD Ryzen 5 5500,MSI B550M-A Pro,DDR4 16GB 3200MHz (2x8),RTX 4060,Kingston NV2 1TB,Corsair CX650 Bronze,Cooler box (stock),Corsair 3000D Airflow,entry,5125.7
AMD Ryzen 7 9800X3D,MSI MAG X870E Tomahawk,DDR5 32GB 6000MHz RGB,RX 9070 XT,Samsung 990 Pro 1TB,Corsair RM1000x Gold,DeepCool LE720 360mm,Corsair 7000D Airflow,enthusiast,17460.93
AMD Ryzen 7 7800X3D,MSI MAG X870E Tomahawk,DDR5 32GB 6000MHz RGB,RX 9070 XT,WD Blue SN580 1TB,Cooler Master MWE 650 Gold,DeepCool AK400,Lian Li O11 Dynamic EVO,mid,15634.44
Intel i5-14600KF,MSI MAG Z790 Tomahawk DDR5,DDR5 16GB 5600MHz (2x8),RTX 5060 Ti 16GB,Kingston NV2 1TB,Corsair RM850x Gold,DeepCool AK400,Lian Li O11 Dynamic EVO,mid,9664.84
AMD Ryzen 7 5700X,Gigabyte A520M K V2,DDR4 16GB 3200MHz (2x8),RTX 4060,Crucial P3 500GB,Corsair CX650 Bronze,Cooler box (stock),Corsair 3000D Airflow,entry,5360.58
AMD Ryzen 7 7700X,MSI MAG B650 Tomahawk,DDR5 16GB 5600MHz (2x8),RTX 4060,WD Blue SN580 1TB,Corsair CX650 Bronze,Cooler box (stock),Gamemax Infinit M909,budget,6789.3
Intel i5-12400F,MSI PRO B760M-A DDR4,DDR4 32GB 3200MHz (2x16),RTX 4060,Kingston NV2 500GB,Corsair CX650 Bronze,Cooler box (stock),Gamemax Infinit M909,budget,5745.35
AMD Ryzen 7 7700X,MSI MAG X870E Tomahawk,DDR5 32GB 5600MHz (2x16),RTX 4060,WD Blue SN580 1TB,Corsair CX650 Bronze,Thermalright Peerless Assassin,NZXT H5 Flow,mid,11535.81
AMD Ryzen 7 7800X3D,MSI MAG X870E Tomahawk,DDR5 32GB 6000MHz RGB,RTX 5090,WD Black SN850X 2TB,Corsair RM850x Gold,Thermalright Peerless Assassin,Corsair 7000D Airflow,high,27107.4
Intel i9-14900K,MSI MAG Z790 Tomahawk DDR5,DDR5 32GB 6000MHz RGB,RTX 5090,Samsung 990 Pro 1TB,Corsair RM850x Gold,Thermalright Peerless Assassin,Corsair 7000D Airflow,high,27830.59
AMD Ryzen 5 7600,MSI MAG B650 Tomahawk,DDR5 16GB 5600MHz (2x8),RTX 5060 Ti 16GB,Samsung 990 Pro 1TB,Corsair RM750x Gold,DeepCool AK400,NZXT H5 Flow,mid,8727.89
Intel i3-12100F,MSI PRO B760M-A DDR4,DDR4 8GB 3200MHz (1x8),RX 7800 XT,Kingston NV2 500GB,Cooler Master MWE 650 Gold,DeepCool AK400,Gamemax Infinit M909,budget,6232.21
Intel i5-14600KF,ASUS TUF B760M-Plus DDR5,DDR5 64GB 5600MHz (2x32),RTX 4070,Samsung 990 Pro 4TB,Corsair RM850x Gold,DeepCool LE720 360mm,Lian Li O11 Dynamic EVO,high,15668.35
Intel i5-14400F,MSI PRO H610M-G DDR4,DDR4 8GB 3200MHz (1x8),GTX 1650,Kingston NV2 1TB,Corsair CX650 Bronze,DeepCool AK400,NZXT H5 Flow,budget,3968.84
Intel i7-14700KF,ASUS TUF B760M-Plus DDR5,DDR5 16GB 5600MHz (2x8),RTX 5060 Ti 16GB,Kingston NV2 1TB,Corsair CX650 Bronze,DeepCool LE720 360mm,Corsair 3000D Airflow,mid,9463.34
Intel i5-14600KF,ASUS TUF B760M-Plus DDR5,DDR5 16GB 5600MHz (2x8),RTX 4060,Crucial P3 500GB,Corsair RM750x Gold,DeepCool AK400,Lian Li O11 Dynamic EVO,mid,7713.65
AMD Ryzen 7 5800X3D,MSI B550M-A Pro,DDR4 16GB 3200MHz (2x8),RTX 5070,WD Blue SN580 1TB,Corsair RM750x Gold,DeepCool LE720 360mm,Lian Li O11 Dynamic EVO,mid,9421.49
AMD Ryzen 5 7600,MSI MAG X870E Tomahawk,DDR5 32GB 6000MHz RGB,RTX 4060,Samsung 990 Pro 1TB,Corsair RM850x Gold,DeepCool AK400,NZXT H5 Flow,mid,11475.71
AMD Ryzen 7 5700X,MSI B550M-A Pro,DDR4 32GB 3200MHz (2x16),RX 9070 XT,Crucial P3 500GB,Corsair CX650 Bronze,DeepCool AK400,NZXT H5 Flow,mid,9546.79
AMD Ryzen 9 9950X,MSI MAG X870E Tomahawk,DDR5 32GB 5600MHz (2x16),RTX 5090,Samsung 990 Pro 4TB,Corsair RM1000x Gold,NZXT Kraken 360,Lian Li O11 Dynamic EVO,high,34075.39
Intel i7-14700KF,MSI MAG Z790 Tomahawk DDR5,DDR5 32GB 6000MHz RGB,RX 9070 XT,WD Black SN850X 2TB,Corsair RM850x Gold,DeepCool LE720 360mm,Lian Li O11 Dynamic EVO,enthusiast,14604.43
Intel i5-14600KF,ASUS TUF B760M-Plus DDR5,DDR5 32GB 6000MHz RGB,RX 7800 XT,WD Black SN850X 2TB,Corsair RM750x Gold,Thermalright Peerless Assassin,Lian Li O11 Dynamic EVO,high,12232.15
Intel i5-14400F,MSI MAG Z790 Tomahawk DDR5,DDR5 16GB 5600MHz (2x8),RTX 5070 Ti,Crucial P3 500GB,Corsair RM750x Gold,Thermalright Peerless Assassin,Corsair 3000D Airflow,mid,11803.51
Intel i9-14900K,MSI MAG Z790 Tomahawk DDR5,DDR5 32GB 5600MHz (2x16),RTX 5090,WD Black SN850X 2TB,Corsair RM850x Gold,Thermalright Peerless Assassin,NZXT H5 Flow,high,27718.81
AMD Ryzen 5 8400F,ASUS Prime A620M-K,DDR5 16GB 5600MHz (2x8),RTX 3060 12GB,Crucial P3 500GB,Corsair CX650 Bronze,DeepCool AK400,Corsair 3000D Airflow,entry,5759.71
AMD Ryzen 7 5700X,ASUS TUF B550M-Plus,DDR4 32GB 3600MHz RGB,RX 7800 XT,Crucial P3 500GB,Corsair CX650 Bronze,DeepCool AK400,Corsair 3000D Airflow,mid,8460.92
Intel i5-14400F,ASUS TUF B760M-Plus DDR5,DDR5 16GB 5600MHz (2x8),RX 7800 XT,WD Blue SN580 1TB,Cooler Master MWE 650 Gold,DeepCool AK400,Corsair 3000D Airflow,budget,7949.16
AMD Ryzen 7 7700X,MSI PRO B850M-B,DDR5 32GB 6000MHz RGB,RX 7600,Samsung 990 Pro 1TB,Cooler Master MWE 650 Gold,DeepCool AK400,Corsair 3000D Airflow,mid,9645.79
AMD Ryzen 7 5700X,Gigabyte A520M K V2,DDR4 8GB 3200MHz (1x8),RTX 4060,Kingston NV2 1TB,Cooler Master MWE 650 Gold,Cooler box (stock),Gamemax Infinit M909,entry,5129.2
AMD Ryzen 7 7800X3D,MSI MAG B650 Tomahawk,DDR5 32GB 6000MHz RGB,RTX 5070,WD Black SN850X 2TB,Corsair RM750x Gold,DeepCool LE720 360mm,Lian Li O11 Dynamic EVO,high,15113.93
AMD Ryzen 7 7700X,MSI MAG X870E Tomahawk,DDR5 32GB 6000MHz RGB,RTX 5070 Ti,Samsung 990 Pro 4TB,Corsair RM850x Gold,DeepCool LE720 360mm,Corsair 7000D Airflow,high,19615.92
AMD Ryzen 7 5700X,MSI B550M-A Pro,DDR4 32GB 3600MHz RGB,RTX 5060 Ti 16GB,Samsung 990 Pro 1TB,Cooler Master MWE 650 Gold,DeepCool LE720 360mm,NZXT H5 Flow,mid,9190.42
AMD Ryzen 5 7600,MSI PRO B850M-B,DDR5 16GB 5600MHz (2x8),Arc B580,Samsung 990 Pro 1TB,Cooler Master MWE 650 Gold,Thermalright Peerless Assassin,Corsair 3000D Airflow,mid,7496.39
AMD Ryzen 5 7600,MSI MAG B650 Tomahawk,DDR5 16GB 5600MHz (2x8),RTX 3060 12GB,Samsung 990 Pro 1TB,Corsair RM850x Gold,DeepCool LE720 360mm,NZXT H5 Flow,mid,7577.28
AMD Ryzen 7 5700X,ASUS TUF B550M-Plus,DDR4 8GB 3200MHz (1x8),RTX 4070,WD Blue SN580 1TB,Corsair CX650 Bronze,Thermalright Peerless Assassin,Gamemax Infinit M909,budget,6738.54
Intel i5-12400F,MSI PRO B760M-A DDR4,DDR4 16GB 3200MHz (2x8),RTX 4060,Kingston NV2 1TB,Cooler Master MWE 650 Gold,Cooler box (stock),Corsair 3000D Airflow,entry,5117.59
Intel i9-14900K,MSI MAG Z790 Tomahawk DDR5,DDR5 32GB 6000MHz RGB,RTX 5070,WD Black SN850X 2TB,Corsair RM850x Gold,NZXT Kraken 360,Lian Li O11 Dynamic EVO,enthusiast,17066.49
AMD Ryzen 7 5800X3D,Gigabyte A520M K V2,DDR4 32GB 3600MHz RGB,RTX 5080,Samsung 990 Pro 4TB,Corsair RM1000x Gold,DeepCool LE720 360mm,Lian Li O11 Dynamic EVO,enthusiast,16983.42
Intel i7-14700KF,MSI MAG Z790 Tomahawk DDR5,DDR5 64GB 5600MHz (2x32),RTX 5090,Samsung 990 Pro 4TB,Corsair RM750x Gold,Thermalright Peerless Assassin,NZXT H5 Flow,high,30416.4
AMD Ryzen 7 5800X3D,ASUS TUF B550M-Plus,DDR4 32GB 3600MHz RGB,RTX 5070 Ti,Samsung 990 Pro 4TB,Corsair RM750x Gold,Thermalright Peerless Assassin,Corsair 7000D Airflow,high,14802.46
AMD Ryzen 5 7600,MSI MAG B650 Tomahawk,DDR5 16GB 5600MHz (2x8),RX 6600,Kingston NV2 1TB,Corsair CX650 Bronze,DeepCool AK400,NZXT H5 Flow,budget,6200.7
AMD Ryzen 7 7800X3D,MSI MAG B650 Tomahawk,DDR5 32GB 5600MHz (2x16),RX 7800 XT,Samsung 990 Pro 1TB,Corsair RM850x Gold,NZXT Kraken 360,Corsair 7000D Airflow,high,14166.04
Intel i5-12400F,MSI PRO B760M-A DDR4,DDR4 16GB 3200MHz (2x8),RX 6600,WD Blue SN580 1TB,Corsair CX650 Bronze,DeepCool AK400,Corsair 3000D Airflow,budget,4816.75
AMD Ryzen 5 8400F,MSI PRO B850M-B,DDR5 16GB 5600MHz (2x8),Arc B580,Kingston NV2 500GB,Cooler Master MWE 650 Gold,Cooler box (stock),Gamemax Infinit M909,entry,5942.13
Intel i5-14400F,MSI MAG Z790 Tomahawk DDR5,DDR5 32GB 5600MHz (2x16),RTX 5070 Ti,Kingston NV2 1TB,Corsair RM850x Gold,DeepCool AK400,Corsair 3000D Airflow,mid,15169.82
AMD Ryzen 7 5800X3D,MSI B550M-A Pro,DDR4 32GB 3600MHz RGB,RTX 5080,WD Black SN850X 2TB,Corsair RM850x Gold,DeepCool LE720 360mm,Corsair 7000D Airflow,enthusiast,16301.34
Intel i5-14400F,ASUS TUF B760M-Plus DDR5,DDR5 32GB 5600MHz (2x16),RTX 4060,WD Blue SN580 1TB,Redragon RGPS 500W Bronze,Thermalright Peerless Assassin,Corsair 3000D Airflow,budget,8243.39
AMD Ryzen 7 7700X,MSI PRO B850M-B,DDR5 16GB 5600MHz (2x8),RTX 4070,WD Black SN850X 2TB,Corsair CX650 Bronze,Thermalright Peerless Assassin,Lian Li O11 Dynamic EVO,mid,9243.3
AMD Ryzen 7 7700X,MSI PRO B850M-B,DDR5 32GB 6000MHz RGB,RX 9070 XT,Samsung 990 Pro 1TB,Corsair CX650 Bronze,DeepCool AK400,Corsair 3000D Airflow,mid,12196.17
AMD Ryzen 5 5600,MSI B550M-A Pro,DDR4 16GB 3200MHz (2x8),GTX 1650,Crucial P3 500GB,Corsair CX650 Bronze,Cooler box (stock),Gamemax Infinit M909,entry,3202.13
Intel i5-12400F,ASUS TUF B760M-Plus DDR5,DDR5 32GB 5600MHz (2x16),RX 7600,Kingston NV2 500GB,Corsair RM750x Gold,DeepCool AK400,Corsair 3000D Airflow,budget,8729.56
Intel i5-14400F,ASUS TUF B760M-Plus DDR5,DDR5 32GB 5600MHz (2x16),RX 7800 XT,Kingston NV2 500GB,Cooler Master MWE 650 Gold,DeepCool AK400,Gamemax Infinit M909,budget,9671.17
AMD Ryzen 7 5700X,Gigabyte A520M K V2,DDR4 32GB 3200MHz (2x16),RX 7600,WD Blue SN580 1TB,Corsair RM750x Gold,DeepCool AK400,NZXT H5 Flow,budget,6110.19
Intel i7-14700KF,ASUS TUF B760M-Plus DDR5,DDR5 32GB 5600MHz (2x16),RTX 5070,WD Blue SN580 1TB,Corsair RM750x Gold,NZXT Kraken 360,Corsair 7000D Airflow,high,13869.56
AMD Ryzen 7 7700X,MSI MAG X870E Tomahawk,DDR5 16GB 5600MHz (2x8),RTX 5060 Ti 16GB,Crucial P3 500GB,Corsair RM850x Gold,Thermalright Peerless Assassin,Corsair 3000D Airflow,mid,9936.82
AMD Ryzen 7 7800X3D,MSI PRO B850M-B,DDR5 32GB 5600MHz (2x16),RTX 4060,Samsung 990 Pro 1TB,Corsair CX650 Bronze,DeepCool LE720 360mm,NZXT H5 Flow,mid,10273.72
AMD Ryzen 7 7700X,MSI MAG B650 Tomahawk,DDR5 16GB 5600MHz (2x8),RX 7600,Crucial P3 500GB,Corsair RM850x Gold,DeepCool AK400,NZXT H5 Flow,mid,7273.56
Intel i5-14600KF,MSI PRO B760M-A DDR4,DDR4 32GB 3200MHz (2x16),RTX 3060 12GB,Kingston NV2 1TB,Cooler Master MWE 650 Gold,DeepCool LE720 360mm,Lian Li O11 Dynamic EVO,mid,6807.22
Intel i5-14600KF,ASUS TUF B760M-Plus DDR5,DDR5 32GB 6000MHz RGB,RTX 5070 Ti,Samsung 990 Pro 1TB,Corsair RM1000x Gold,NZXT Kraken 360,NZXT H5 Flow,high,15853.53
Intel i7-14700KF,MSI MAG Z790 Tomahawk DDR5,DDR5 32GB 6000MHz RGB,RTX 5080,WD Black SN850X 2TB,Corsair RM1000x Gold,NZXT Kraken 360,Lian Li O11 Dynamic EVO,enthusiast,19704.78
AMD Ryzen 7 5700X,ASUS TUF B550M-Plus,DDR4 32GB 3200MHz (2x16),RTX 5060 Ti 16GB,Crucial P3 500GB,Corsair RM850x Gold,DeepCool AK400,Corsair 3000D Airflow,mid,9147.61
Intel i9-14900K,MSI MAG Z790 Tomahawk DDR5,DDR5 32GB 5600MHz (2x16),RTX 5080,WD Blue SN580 1TB,Corsair RM1000x Gold,NZXT Kraken 360,NZXT H5 Flow,high,20356.62
AMD Ryzen 9 9950X,MSI MAG X870E Tomahawk,DDR5 64GB 5600MHz (2x32),RTX 5090,Samsung 990 Pro 1TB,Corsair RM1000x Gold,NZXT Kraken 360,Lian Li O11 Dynamic EVO,enthusiast,33027.54
AMD Ryzen 5 5600,ASUS TUF B550M-Plus,DDR4 16GB 3200MHz (2x8),RX 7600,Crucial P3 500GB,Corsair RM750x Gold,DeepCool AK400,Corsair 3000D Airflow,budget,4982.66
Intel i7-14700KF,MSI MAG Z790 Tomahawk DDR5,DDR5 32GB 6000MHz RGB,RTX 4060,WD Black SN850X 2TB,Corsair CX650 Bronze,DeepCool AK400,Lian Li O11 Dynamic EVO,mid,12340.5
AMD Ryzen 7 5800X3D,ASUS TUF B550M-Plus,DDR4 32GB 3200MHz (2x16),RX 9070 XT,WD Blue SN580 1TB,Corsair RM750x Gold,Thermalright Peerless Assassin,Corsair 7000D Airflow,high,12048.19
Intel i5-14600KF,MSI MAG Z790 Tomahawk DDR5,DDR5 16GB 5600MHz (2x8),RTX 5070,WD Black SN850X 2TB,Corsair RM750x Gold,DeepCool AK400,NZXT H5 Flow,mid,11062.84
Intel i5-14400F,ASUS TUF B760M-Plus DDR5,DDR5 32GB 6000MHz RGB,RTX 5070,Kingston NV2 1TB,Corsair RM750x Gold,DeepCool LE720 360mm,NZXT H5 Flow,mid,11212.67
Intel i9-14900K,MSI MAG Z790 Tomahawk DDR5,DDR5 32GB 6000MHz RGB,RTX 4070,WD Black SN850X 2TB,Corsair RM850x Gold,Thermalright Peerless Assassin,NZXT H5 Flow,high,15698.36
Intel i7-14700KF,MSI MAG Z790 Tomahawk DDR5,DDR5 64GB 5600MHz (2x32),RTX 5070,Samsung 990 Pro 1TB,Corsair RM1000x Gold,DeepCool LE720 360mm,Lian Li O11 Dynamic EVO,high,18652.67
AMD Ryzen 5 8400F,ASUS Prime A620M-K,DDR5 16GB 5600MHz (2x8),RTX 3060 12GB,Crucial P3 500GB,Corsair CX650 Bronze,Cooler box (stock),Gamemax Infinit M909,entry,5199.01
Intel i3-12100F,MSI PRO H610M-G DDR4,DDR4 16GB 3200MHz (2x8),RTX 3060 12GB,Kingston NV2 1TB,Corsair CX650 Bronze,Thermalright Peerless Assassin,Gamemax Infinit M909,budget,4183.6
AMD Ryzen 7 7700X,MSI MAG B650 Tomahawk,DDR5 32GB 5600MHz (2x16),RTX 5070 Ti,Samsung 990 Pro 1TB,Corsair CX650 Bronze,Thermalright Peerless Assassin,Lian Li O11 Dynamic EVO,mid,15661.54
AMD Ryzen 5 7600,MSI MAG B650 Tomahawk,DDR5 16GB 5600MHz (2x8),RX 7600,WD Blue SN580 1TB,Corsair CX650 Bronze,DeepCool LE720 360mm,NZXT H5 Flow,mid,6881.12
Intel i5-14600KF,ASUS TUF B760M-Plus DDR5,DDR5 32GB 5600MHz (2x16),RTX 5060 Ti 16GB,WD Black SN850X 2TB,Corsair RM1000x Gold,DeepCool LE720 360mm,NZXT H5 Flow,high,12218.2
AMD Ryzen 7 7800X3D,MSI MAG X870E Tomahawk,DDR5 32GB 6000MHz RGB,RX 9070 XT,WD Black SN850X 2TB,Corsair RM1000x Gold,DeepCool LE720 360mm,Corsair 7000D Airflow,enthusiast,16762.05
AMD Ryzen 7 7700X,ASUS Prime A620M-K,DDR5 16GB 5600MHz (2x8),RX 6600,WD Blue SN580 1TB,Cooler Master MWE 650 Gold,DeepCool AK400,NZXT H5 Flow,budget,6500.0
AMD Ryzen 5 5500,Gigabyte A520M K V2,DDR4 8GB 3200MHz (1x8),GTX 1650,Crucial P3 500GB,Cooler Master MWE 650 Gold,Cooler box (stock),Gamemax Infinit M909,entry,2745.22
Intel i7-14700KF,ASUS TUF B760M-Plus DDR5,DDR5 32GB 5600MHz (2x16),Arc B580,WD Blue SN580 1TB,Corsair RM750x Gold,DeepCool LE720 360mm,Corsair 3000D Airflow,mid,9618.69
Intel i5-14400F,MSI PRO H610M-G DDR4,DDR4 8GB 3200MHz (1x8),RTX 4060,Kingston NV2 1TB,Corsair CX650 Bronze,DeepCool AK400,Corsair 3000D Airflow,entry,5140.86
Intel i9-14900K,MSI MAG Z790 Tomahawk DDR5,DDR5 32GB 6000MHz RGB,RTX 4070,Samsung 990 Pro 4TB,Corsair RM1000x Gold,Thermalright Peerless Assassin,Lian Li O11 Dynamic EVO,high,16831.87
Intel i5-14600KF,MSI PRO B760M-A DDR4,DDR4 8GB 3200MHz (1x8),Arc B580,Kingston NV2 500GB,Corsair RM750x Gold,Thermalright Peerless Assassin,NZXT H5 Flow,budget,5979.48
AMD Ryzen 7 5800X3D,ASUS TUF B550M-Plus,DDR4 32GB 3600MHz RGB,RTX 5070 Ti,WD Black SN850X 2TB,Corsair RM1000x Gold,DeepCool LE720 360mm,Lian Li O11 Dynamic EVO,enthusiast,14477.68
AMD Ryzen 5 5600,MSI B550M-A Pro,DDR4 16GB 3200MHz (2x8),RTX 3060 12GB,Kingston NV2 500GB,Corsair CX650 Bronze,DeepCool AK400,Corsair 3000D Airflow,entry,4472.93
Intel i3-12100F,ASUS TUF B760M-Plus DDR5,DDR5 32GB 5600MHz (2x16),RTX 5060 Ti 16GB,Kingston NV2 1TB,Corsair CX650 Bronze,DeepCool AK400,NZXT H5 Flow,budget,10370.36
AMD Ryzen 5 5600,Gigabyte A520M K V2,DDR4 16GB 3200MHz (2x8),RX 6600,Crucial P3 500GB,Redragon RGPS 500W Bronze,Cooler box (stock),Gamemax Infinit M909,entry,3124.13
Intel i7-14700KF,MSI MAG Z790 Tomahawk DDR5,DDR5 64GB 5600MHz (2x32),RTX 5090,WD Black SN850X 2TB,Corsair RM850x Gold,DeepCool LE720 360mm,Lian Li O11 Dynamic EVO,enthusiast,29390.33
Intel i9-14900K,MSI MAG Z790 Tomahawk DDR5,DDR5 64GB 5600MHz (2x32),RTX 5090,Samsung 990 Pro 1TB,Corsair RM1000x Gold,NZXT Kraken 360,Corsair 7000D Airflow,enthusiast,33043.37
AMD Ryzen 7 5700X,MSI B550M-A Pro,DDR4 16GB 3200MHz (2x8),RTX 5060 Ti 16GB,WD Black SN850X 2TB,Corsair CX650 Bronze,DeepCool AK400,NZXT H5 Flow,mid,8200.46
AMD Ryzen 9 9950X,MSI MAG X870E Tomahawk,DDR5 32GB 6000MHz RGB,RTX 5070 Ti,Samsung 990 Pro 1TB,Corsair RM1000x Gold,NZXT Kraken 360,Lian Li O11 Dynamic EVO,enthusiast,21607.91
AMD Ryzen 7 5700X,ASUS TUF B550M-Plus,DDR4 8GB 3200MHz (1x8),GTX 1650,Kingston NV2 500GB,Corsair RM750x Gold,Thermalright Peerless Assassin,NZXT H5 Flow,budget,4535.67
AMD Ryzen 7 5700X,ASUS TUF B550M-Plus,DDR4 16GB 3200MHz (2x8),Arc B580,Kingston NV2 1TB,Corsair RM750x Gold,DeepCool LE720 360mm,Lian Li O11 Dynamic EVO,mid,7046.16
Intel i5-14600KF,ASUS TUF B760M-Plus DDR5,DDR5 16GB 5600MHz (2x8),RX 6600,Kingston NV2 500GB,Cooler Master MWE 650 Gold,Cooler box (stock),Gamemax Infinit M909,budget,5433.85
Intel i3-12100F,MSI PRO H610M-G DDR4,DDR4 8GB 3200MHz (1x8),RX 7600,Kingston NV2 500GB,Corsair CX650 Bronze,Cooler box (stock),Corsair 3000D Airflow,entry,4255.93
AMD Ryzen 7 7700X,ASUS Prime A620M-K,DDR5 16GB 5600MHz (2x8),RTX 4060,WD Blue SN580 1TB,Cooler Master MWE 650 Gold,Thermalright Peerless Assassin,Corsair 3000D Airflow,budget,6926.3
AMD Ryzen 7 7800X3D,MSI MAG B650 Tomahawk,DDR5 32GB 5600MHz (2x16),RTX 5070 Ti,WD Black SN850X 2TB,Corsair RM750x Gold,Thermalright Peerless Assassin,Lian Li O11 Dynamic EVO,high,15773.59
Intel i5-14600KF,ASUS TUF B760M-Plus DDR5,DDR5 32GB 5600MHz (2x16),RX 9070 XT,WD Black SN850X 2TB,Corsair RM750x Gold,Thermalright Peerless Assassin,Corsair 7000D Airflow,high,12763.63
AMD Ryzen 5 5600,MSI B550M-A Pro,DDR4 8GB 3200MHz (1x8),GTX 1650,Kingston NV2 1TB,Redragon RGPS 500W Bronze,DeepCool AK400,Corsair 3000D Airflow,entry,3506.55
AMD Ryzen 7 5800X3D,ASUS TUF B550M-Plus,DDR4 32GB 3200MHz (2x16),RTX 5060 Ti 16GB,WD Black SN850X 2TB,Corsair RM1000x Gold,NZXT Kraken 360,Corsair 7000D Airflow,high,12889.74
AMD Ryzen 5 5600,Gigabyte A520M K V2,DDR4 16GB 3200MHz (2x8),RX 6600,Crucial P3 500GB,Cooler Master MWE 650 Gold,Cooler box (stock),Gamemax Infinit M909,entry,3364.27
AMD Ryzen 5 7600,MSI MAG B650 Tomahawk,DDR5 32GB 5600MHz (2x16),Arc B580,Kingston NV2 1TB,Redragon RGPS 500W Bronze,DeepCool AK400,NZXT H5 Flow,budget,9006.2
AMD Ryzen 7 5800X3D,ASUS TUF B550M-Plus,DDR4 16GB 3200MHz (2x8),RTX 5060 Ti 16GB,WD Black SN850X 2TB,Cooler Master MWE 650 Gold,Thermalright Peerless Assassin,Corsair 3000D Airflow,mid,9890.27
AMD Ryzen 7 7800X3D,MSI MAG B650 Tomahawk,DDR5 32GB 6000MHz RGB,Arc B580,Samsung 990 Pro 1TB,Corsair RM850x Gold,Thermalright Peerless Assassin,NZXT H5 Flow,mid,10466.37
AMD Ryzen 7 5800X3D,MSI B550M-A Pro,DDR4 16GB 3200MHz (2x8),RTX 4070,Crucial P3 500GB,Corsair CX650 Bronze,Thermalright Peerless Assassin,Lian Li O11 Dynamic EVO,mid,8314.48
Intel i5-14600KF,ASUS TUF B760M-Plus DDR5,DDR5 64GB 5600MHz (2x32),RTX 5090,WD Black SN850X 2TB,Corsair RM1000x Gold,NZXT Kraken 360,NZXT H5 Flow,high,28831.69
Intel i5-14400F,MSI PRO B760M-A DDR4,DDR4 32GB 3600MHz RGB,RX 7800 XT,Samsung 990 Pro 1TB,Corsair RM850x Gold,DeepCool LE720 360mm,Lian Li O11 Dynamic EVO,mid,9725.34
Intel i5-14600KF,MSI PRO H610M-G DDR4,DDR4 16GB 3200MHz (2x8),RTX 3060 12GB,Kingston NV2 500GB,Corsair RM750x Gold,DeepCool AK400,NZXT H5 Flow,budget,5536.13
Intel i5-14400F,ASUS TUF B760M-Plus DDR5,DDR5 32GB 5600MHz (2x16),RX 6600,Kingston NV2 500GB,Corsair RM750x Gold,Thermalright Peerless Assassin,NZXT H5 Flow,budget,8393.31
AMD Ryzen 7 5700X,ASUS TUF B550M-Plus,DDR4 32GB 3200MHz (2x16),RTX 3060 12GB,WD Blue SN580 1TB,Corsair CX650 Bronze,DeepCool AK400,Corsair 3000D Airflow,mid,6639.85
AMD Ryzen 7 9800X3D,MSI MAG B650 Tomahawk,DDR5 32GB 5600MHz (2x16),RX 9070 XT,WD Black SN850X 2TB,Corsair RM750x Gold,NZXT Kraken 360,Lian Li O11 Dynamic EVO,high,15127.83
Intel i5-12400F,MSI PRO B760M-A DDR4,DDR4 16GB 3200MHz (2x8),RX 7600,Crucial P3 500GB,Corsair CX650 Bronze,Cooler box (stock),Gamemax Infinit M909,entry,4378.17
Intel i7-14700KF,MSI MAG Z790 Tomahawk DDR5,DDR5 32GB 5600MHz (2x16),RTX 5080,WD Black SN850X 2TB,Corsair RM750x Gold,NZXT Kraken 360,Corsair 7000D Airflow,high,21074.27
Intel i9-14900K,MSI MAG Z790 Tomahawk DDR5,DDR5 64GB 5600MHz (2x32),RX 9070 XT,Samsung 990 Pro 1TB,Corsair RM1000x Gold,NZXT Kraken 360,Corsair 7000D Airflow,enthusiast,19665.56
AMD Ryzen 7 7800X3D,MSI PRO B850M-B,DDR5 16GB 5600MHz (2x8),RTX 5060 Ti 16GB,Kingston NV2 1TB,Corsair RM750x Gold,Thermalright Peerless Assassin,NZXT H5 Flow,mid,9335.5
AMD Ryzen 5 7600,MSI PRO B850M-B,DDR5 32GB 6000MHz RGB,RTX 5070 Ti,WD Black SN850X 2TB,Cooler Master MWE 650 Gold,Thermalright Peerless Assassin,Corsair 3000D Airflow,mid,13324.19
Intel i5-14600KF,MSI MAG Z790 Tomahawk DDR5,DDR5 32GB 6000MHz RGB,RX 7800 XT,WD Blue SN580 1TB,Corsair RM750x Gold,Thermalright Peerless Assassin,Lian Li O11 Dynamic EVO,high,11614.99
Intel i5-14600KF,ASUS TUF B760M-Plus DDR5,DDR5 64GB 5600MHz (2x32),RX 9070 XT,Samsung 990 Pro 1TB,Corsair RM850x Gold,NZXT Kraken 360,Lian Li O11 Dynamic EVO,high,16745.94
AMD Ryzen 5 8400F,ASUS Prime A620M-K,DDR5 16GB 5600MHz (2x8),GTX 1650,Kingston NV2 1TB,Redragon RGPS 500W Bronze,Cooler box (stock),NZXT H5 Flow,budget,4307.68
AMD Ryzen 5 8400F,ASUS Prime A620M-K,DDR5 16GB 5600MHz (2x8),RX 7800 XT,Kingston NV2 1TB,Corsair RM750x Gold,Thermalright Peerless Assassin,NZXT H5 Flow,budget,7843.83
AMD Ryzen 9 9950X,MSI MAG B650 Tomahawk,DDR5 32GB 5600MHz (2x16),RTX 5080,Samsung 990 Pro 1TB,Corsair RM1000x Gold,NZXT Kraken 360,NZXT H5 Flow,high,20426.03
Intel i3-12100F,MSI PRO H610M-G DDR4,DDR4 16GB 3200MHz (2x8),RTX 5060 Ti 16GB,Kingston NV2 500GB,Redragon RGPS 500W Bronze,Cooler box (stock),NZXT H5 Flow,budget,6741.43
AMD Ryzen 7 5700X,MSI B550M-A Pro,DDR4 16GB 3200MHz (2x8),RTX 4070,WD Black SN850X 2TB,Corsair RM850x Gold,DeepCool AK400,Corsair 3000D Airflow,mid,8140.79
Intel i5-14400F,MSI MAG Z790 Tomahawk DDR5,DDR5 32GB 6000MHz RGB,Arc B580,Crucial P3 500GB,Cooler Master MWE 650 Gold,DeepCool LE720 360mm,Lian Li O11 Dynamic EVO,mid,10005.36
Intel i3-12100F,MSI PRO B760M-A DDR4,DDR4 16GB 3200MHz (2x8),GTX 1650,Crucial P3 500GB,Redragon RGPS 500W Bronze,Cooler box (stock),Corsair 3000D Airflow,entry,3497.03
AMD Ryzen 7 7700X,MSI MAG B650 Tomahawk,DDR5 16GB 5600MHz (2x8),RTX 5060 Ti 16GB,WD Black SN850X 2TB,Corsair RM750x Gold,DeepCool LE720 360mm,Lian Li O11 Dynamic EVO,mid,11298.55
Intel i9-14900K,MSI MAG Z790 Tomahawk DDR5,DDR5 32GB 6000MHz RGB,RTX 5080,WD Black SN850X 2TB,Corsair RM750x Gold,Thermalright Peerless Assassin,Corsair 7000D Airflow,high,21587.26
Intel i5-14400F,MSI PRO H610M-G DDR4,DDR4 32GB 3200MHz (2x16),RTX 4060,Kingston NV2 1TB,Corsair CX650 Bronze,Thermalright Peerless Assassin,NZXT H5 Flow,budget,6728.38
Intel i3-12100F,MSI PRO H610M-G DDR4,DDR4 16GB 3200MHz (2x8),RTX 4060,Crucial P3 500GB,Redragon RGPS 500W Bronze,Cooler box (stock),Corsair 3000D Airflow,entry,4524.21
AMD Ryzen 7 5700X,ASUS TUF B550M-Plus,DDR4 32GB 3600MHz RGB,Arc B580,WD Black SN850X 2TB,Corsair RM750x Gold,Thermalright Peerless Assassin,Lian Li O11 Dynamic EVO,mid,8363.27
AMD Ryzen 7 7800X3D,MSI MAG X870E Tomahawk,DDR5 16GB 5600MHz (2x8),RTX 5070,Kingston NV2 1TB,Corsair RM750x Gold,Thermalright Peerless Assassin,Lian Li O11 Dynamic EVO,mid,11160.45
AMD Ryzen 5 5600,MSI B550M-A Pro,DDR4 16GB 3200MHz (2x8),Arc B580,Kingston NV2 500GB,Cooler Master MWE 650 Gold,Cooler box (stock),Gamemax Infinit M909,entry,4663.48
Intel i5-14600KF,ASUS TUF B760M-Plus DDR5,DDR5 32GB 5600MHz (2x16),RX 9070 XT,WD Blue SN580 1TB,Corsair RM850x Gold,DeepCool LE720 360mm,NZXT H5 Flow,high,12613.76
Intel i3-12100F,ASUS TUF B760M-Plus DDR5,DDR5 32GB 5600MHz (2x16),RTX 3060 12GB,WD Blue SN580 1TB,Redragon RGPS 500W Bronze,Cooler box (stock),Gamemax Infinit M909,budget,6647.97
AMD Ryzen 7 5700X,MSI B550M-A Pro,DDR4 32GB 3200MHz (2x16),GTX 1650,Kingston NV2 500GB,Corsair CX650 Bronze,Thermalright Peerless Assassin,Gamemax Infinit M909,budget,5010.56
AMD Ryzen 5 7600,MSI PRO B850M-B,DDR5 16GB 5600MHz (2x8),RX 6600,Kingston NV2 1TB,Redragon RGPS 500W Bronze,DeepCool AK400,Gamemax Infinit M909,entry,5464.23
AMD Ryzen 7 7700X,MSI MAG B650 Tomahawk,DDR5 32GB 5600MHz (2x16),RX 7800 XT,Samsung 990 Pro 1TB,Corsair RM750x Gold,NZXT Kraken 360,Corsair 7000D Airflow,high,12488.76
AMD Ryzen 5 7600,MSI MAG B650 Tomahawk,DDR5 16GB 5600MHz (2x8),RTX 4060,WD Black SN850X 2TB,Cooler Master MWE 650 Gold,DeepCool AK400,Corsair 3000D Airflow,mid,7108.97
AMD Ryzen 7 5700X,MSI B550M-A Pro,DDR4 32GB 3600MHz RGB,RTX 5070,WD Black SN850X 2TB,Corsair RM850x Gold,DeepCool LE720 360mm,Lian Li O11 Dynamic EVO,mid,11377.92
AMD Ryzen 7 7800X3D,MSI MAG B650 Tomahawk,DDR5 16GB 5600MHz (2x8),RX 9070 XT,WD Black SN850X 2TB,Cooler Master MWE 650 Gold,Thermalright Peerless Assassin,Lian Li O11 Dynamic EVO,mid,11893.79
AMD Ryzen 7 9800X3D,MSI MAG B650 Tomahawk,DDR5 32GB 5600MHz (2x16),RTX 5070 Ti,WD Black SN850X 2TB,Corsair RM1000x Gold,NZXT Kraken 360,NZXT H5 Flow,high,16151.03
Intel i5-14400F,MSI PRO B760M-A DDR4,DDR4 16GB 3200MHz (2x8),GTX 1650,WD Blue SN580 1TB,Cooler Master MWE 650 Gold,Thermalright Peerless Assassin,Corsair 3000D Airflow,budget,4237.41
AMD Ryzen 7 7700X,MSI MAG B650 Tomahawk,DDR5 32GB 5600MHz (2x16),Arc B580,Kingston NV2 500GB,Cooler Master MWE 650 Gold,DeepCool AK400,NZXT H5 Flow,budget,9194.99
Intel i5-14600KF,MSI PRO B760M-A DDR4,DDR4 16GB 3200MHz (2x8),RTX 5070,Kingston NV2 1TB,Cooler Master MWE 650 Gold,DeepCool LE720 360mm,NZXT H5 Flow,mid,8179.92
AMD Ryzen 7 5700X,MSI B550M-A Pro,DDR4 8GB 3200MHz (1x8),RTX 4060,Crucial P3 500GB,Redragon RGPS 500W Bronze,DeepCool AK400,Gamemax Infinit M909,entry,5059.26
AMD Ryzen 7 7700X,MSI PRO B850M-B,DDR5 32GB 5600MHz (2x16),RTX 3060 12GB,Kingston NV2 500GB,Corsair CX650 Bronze,Thermalright Peerless Assassin,NZXT H5 Flow,budget,8297.22
AMD Ryzen 5 5500,Gigabyte A520M K V2,DDR4 16GB 3200MHz (2x8),RX 6600,Kingston NV2 500GB,Redragon RGPS 500W Bronze,DeepCool AK400,Corsair 3000D Airflow,entry,3766.9
AMD Ryzen 7 5800X3D,ASUS TUF B550M-Plus,DDR4 32GB 3200MHz (2x16),RTX 5060 Ti 16GB,WD Black SN850X 2TB,Corsair RM750x Gold,DeepCool LE720 360mm,Lian Li O11 Dynamic EVO,high,11696.93
AMD Ryzen 9 9950X,MSI MAG B650 Tomahawk,DDR5 32GB 5600MHz (2x16),RTX 4070,Samsung 990 Pro 4TB,Corsair RM750x Gold,NZXT Kraken 360,NZXT H5 Flow,high,16313.5
AMD Ryzen 5 8400F,ASUS Prime A620M-K,DDR5 32GB 5600MHz (2x16),RTX 5060 Ti 16GB,Kingston NV2 500GB,Cooler Master MWE 650 Gold,DeepCool AK400,NZXT H5 Flow,budget,8834.78
AMD Ryzen 7 5800X3D,MSI B550M-A Pro,DDR4 32GB 3600MHz RGB,RTX 5080,WD Black SN850X 2TB,Corsair RM850x Gold,DeepCool LE720 360mm,Corsair 7000D Airflow,enthusiast,17700.43
Intel i9-14900K,MSI MAG Z790 Tomahawk DDR5,DDR5 32GB 6000MHz RGB,RTX 5090,Samsung 990 Pro 4TB,Corsair RM850x Gold,NZXT Kraken 360,NZXT H5 Flow,high,29148.89
Intel i5-14600KF,MSI PRO B760M-A DDR4,DDR4 32GB 3200MHz (2x16),RTX 4070,Kingston NV2 1TB,Cooler Master MWE 650 Gold,DeepCool AK400,Gamemax Infinit M909,budget,8524.2
Intel i5-14600KF,MSI MAG Z790 Tomahawk DDR5,DDR5 32GB 5600MHz (2x16),RTX 5080,Samsung 990 Pro 4TB,Corsair RM850x Gold,Thermalright Peerless Assassin,Lian Li O11 Dynamic EVO,high,20457.98
Intel i3-12100F,ASUS TUF B760M-Plus DDR5,DDR5 16GB 5600MHz (2x8),Arc B580,Crucial P3 500GB,Corsair CX650 Bronze,DeepCool AK400,Gamemax Infinit M909,budget,5745.49
AMD Ryzen 7 9800X3D,MSI MAG X870E Tomahawk,DDR5 32GB 6000MHz RGB,RX 9070 XT,WD Black SN850X 2TB,Corsair RM1000x Gold,NZXT Kraken 360,Corsair 7000D Airflow,enthusiast,16510.59
AMD Ryzen 5 5600,MSI B550M-A Pro,DDR4 16GB 3200MHz (2x8),RX 7600,Kingston NV2 1TB,Redragon RGPS 500W Bronze,Cooler box (stock),Corsair 3000D Airflow,entry,4376.97
Intel i5-12400F,MSI PRO B760M-A DDR4,DDR4 8GB 3200MHz (1x8),RTX 3060 12GB,Kingston NV2 500GB,Redragon RGPS 500W Bronze,Cooler box (stock),Corsair 3000D Airflow,entry,3934.15
AMD Ryzen 5 5500,Gigabyte A520M K V2,DDR4 32GB 3200MHz (2x16),RX 7800 XT,Crucial P3 500GB,Cooler Master MWE 650 Gold,DeepCool AK400,NZXT H5 Flow,budget,6814.53
AMD Ryzen 7 7800X3D,MSI MAG X870E Tomahawk,DDR5 32GB 6000MHz RGB,RTX 4070,WD Blue SN580 1TB,Corsair RM750x Gold,NZXT Kraken 360,Corsair 7000D Airflow,high,14287.51
AMD Ryzen 7 5800X3D,ASUS TUF B550M-Plus,DDR4 32GB 3600MHz RGB,RTX 3060 12GB,WD Blue SN580 1TB,Corsair RM850x Gold,Thermalright Peerless Assassin,Lian Li O11 Dynamic EVO,mid,9060.35
AMD Ryzen 9 9950X,MSI MAG B650 Tomahawk,DDR5 32GB 5600MHz (2x16),RTX 5070 Ti,WD Blue SN580 1TB,Corsair RM750x Gold,Thermalright Peerless Assassin,Lian Li O11 Dynamic EVO,high,16863.27
Intel i5-14600KF,ASUS TUF B760M-Plus DDR5,DDR5 32GB 5600MHz (2x16),RX 7600,Crucial P3 500GB,Corsair RM850x Gold,Thermalright Peerless Assassin,Corsair 3000D Airflow,mid,8515.69
Intel i5-14400F,ASUS TUF B760M-Plus DDR5,DDR5 32GB 6000MHz RGB,RX 7600,Crucial P3 500GB,Corsair RM750x Gold,DeepCool LE720 360mm,Lian Li O11 Dynamic EVO,mid,9137.31
AMD Ryzen 9 9950X,MSI MAG X870E Tomahawk,DDR5 32GB 6000MHz RGB,RTX 5080,WD Black SN850X 2TB,Corsair RM1000x Gold,DeepCool LE720 360mm,Corsair 7000D Airflow,enthusiast,23985.04
Intel i3-12100F,MSI PRO B760M-A DDR4,DDR4 8GB 3200MHz (1x8),RTX 3060 12GB,Kingston NV2 500GB,Cooler Master MWE 650 Gold,Cooler box (stock),Gamemax Infinit M909,entry,4012.18
Intel i7-14700KF,MSI MAG Z790 Tomahawk DDR5,DDR5 32GB 6000MHz RGB,RTX 4070,WD Black SN850X 2TB,Corsair RM750x Gold,DeepCool LE720 360mm,NZXT H5 Flow,mid,13396.44
AMD Ryzen 5 8400F,MSI PRO B850M-B,DDR5 16GB 5600MHz (2x8),RTX 4060,Crucial P3 500GB,Corsair CX650 Bronze,Cooler box (stock),Corsair 3000D Airflow,budget,5963.75
AMD Ryzen 5 8400F,MSI MAG B650 Tomahawk,DDR5 16GB 5600MHz (2x8),RX 6600,Crucial P3 500GB,Corsair CX650 Bronze,DeepCool AK400,Gamemax Infinit M909,budget,5484.3
Intel i5-12400F,MSI PRO B760M-A DDR4,DDR4 8GB 3200MHz (1x8),RX 7800 XT,Crucial P3 500GB,Corsair CX650 Bronze,Cooler box (stock),Corsair 3000D Airflow,budget,6557.07
AMD Ryzen 5 8400F,MSI PRO B850M-B,DDR5 16GB 5600MHz (2x8),Arc B580,Kingston NV2 1TB,Redragon RGPS 500W Bronze,DeepCool AK400,Gamemax Infinit M909,budget,5509.7
AMD Ryzen 7 5800X3D,ASUS TUF B550M-Plus,DDR4 32GB 3600MHz RGB,RTX 5070,Samsung 990 Pro 4TB,Corsair RM1000x Gold,NZXT Kraken 360,Corsair 7000D Airflow,enthusiast,13987.58
Intel i5-14600KF,ASUS TUF B760M-Plus DDR5,DDR5 64GB 5600MHz (2x32),RTX 4070,Samsung 990 Pro 4TB,Corsair RM750x Gold,Thermalright Peerless Assassin,Corsair 7000D Airflow,high,15670.12
AMD Ryzen 5 5600,ASUS TUF B550M-Plus,DDR4 8GB 3200MHz (1x8),RX 6600,WD Blue SN580 1TB,Corsair RM750x Gold,Cooler box (stock),Corsair 3000D Airflow,budget,4170.67
Intel i9-14900K,MSI MAG Z790 Tomahawk DDR5,DDR5 64GB 5600MHz (2x32),RX 7800 XT,WD Black SN850X 2TB,Corsair RM1000x Gold,DeepCool LE720 360mm,Corsair 7000D Airflow,high,19086.89
Intel i5-14400F,ASUS TUF B760M-Plus DDR5,DDR5 16GB 5600MHz (2x8),RTX 5060 Ti 16GB,WD Black SN850X 2TB,Corsair CX650 Bronze,DeepCool AK400,NZXT H5 Flow,mid,9275.11
AMD Ryzen 7 5800X3D,ASUS TUF B550M-Plus,DDR4 32GB 3200MHz (2x16),RTX 5070 Ti,Samsung 990 Pro 1TB,Corsair RM1000x Gold,DeepCool LE720 360mm,NZXT H5 Flow,high,15162.98
AMD Ryzen 7 9800X3D,MSI MAG B650 Tomahawk,DDR5 32GB 5600MHz (2x16),RTX 5070 Ti,WD Blue SN580 1TB,Corsair RM750x Gold,NZXT Kraken 360,Corsair 7000D Airflow,high,18122.63
AMD Ryzen 5 7600,MSI PRO B850M-B,DDR5 16GB 5600MHz (2x8),RTX 4070,Crucial P3 500GB,Corsair RM750x Gold,Thermalright Peerless Assassin,Corsair 3000D Airflow,budget,8851.95
Intel i7-14700KF,MSI MAG Z790 Tomahawk DDR5,DDR5 32GB 6000MHz RGB,RX 7800 XT,Crucial P3 500GB,Cooler Master MWE 650 Gold,Thermalright Peerless Assassin,NZXT H5 Flow,mid,11987.91
Intel i9-14900K,MSI MAG Z790 Tomahawk DDR5,DDR5 32GB 6000MHz RGB,RX 9070 XT,Samsung 990 Pro 1TB,Corsair RM850x Gold,NZXT Kraken 360,Corsair 7000D Airflow,enthusiast,17977.76
AMD Ryzen 5 8400F,MSI MAG B650 Tomahawk,DDR5 32GB 5600MHz (2x16),RX 6600,Kingston NV2 1TB,Cooler Master MWE 650 Gold,Cooler box (stock),Corsair 3000D Airflow,budget,6982.04
AMD Ryzen 9 9950X,MSI MAG X870E Tomahawk,DDR5 32GB 6000MHz RGB,RX 9070 XT,Samsung 990 Pro 4TB,Corsair RM750x Gold,DeepCool LE720 360mm,NZXT H5 Flow,high,19552.99
AMD Ryzen 9 9950X,MSI MAG X870E Tomahawk,DDR5 32GB 6000MHz RGB,RTX 5070 Ti,Samsung 990 Pro 4TB,Corsair RM1000x Gold,NZXT Kraken 360,NZXT H5 Flow,high,21288.61
Intel i7-14700KF,ASUS TUF B760M-Plus DDR5,DDR5 32GB 5600MHz (2x16),RTX 5060 Ti 16GB,WD Black SN850X 2TB,Corsair RM850x Gold,Thermalright Peerless Assassin,Corsair 7000D Airflow,high,13859.83
Intel i5-12400F,MSI PRO B760M-A DDR4,DDR4 16GB 3200MHz (2x8),GTX 1650,Crucial P3 500GB,Redragon RGPS 500W Bronze,Cooler box (stock),Corsair 3000D Airflow,entry,3735.25
Intel i9-14900K,MSI MAG Z790 Tomahawk DDR5,DDR5 64GB 5600MHz (2x32),RTX 5090,WD Black SN850X 2TB,Corsair RM850x Gold,DeepCool LE720 360mm,Corsair 7000D Airflow,enthusiast,34662.93
AMD Ryzen 7 7800X3D,MSI MAG B650 Tomahawk,DDR5 32GB 6000MHz RGB,RTX 4070,Samsung 990 Pro 1TB,Corsair RM850x Gold,Thermalright Peerless Assassin,Corsair 7000D Airflow,high,14432.41
AMD Ryzen 7 5700X,Gigabyte A520M K V2,DDR4 8GB 3200MHz (1x8),RX 7600,Kingston NV2 1TB,Redragon RGPS 500W Bronze,DeepCool AK400,Gamemax Infinit M909,entry,4445.41
AMD Ryzen 5 8400F,MSI PRO B850M-B,DDR5 16GB 5600MHz (2x8),RX 6600,Kingston NV2 500GB,Redragon RGPS 500W Bronze,Cooler box (stock),Gamemax Infinit M909,entry,4253.0
AMD Ryzen 7 5700X,Gigabyte A520M K V2,DDR4 8GB 3200MHz (1x8),RTX 4070,Kingston NV2 1TB,Redragon RGPS 500W Bronze,Cooler box (stock),Corsair 3000D Airflow,budget,6982.75
AMD Ryzen 5 8400F,ASUS Prime A620M-K,DDR5 16GB 5600MHz (2x8),RX 7600,Kingston NV2 1TB,Redragon RGPS 500W Bronze,DeepCool AK400,Gamemax Infinit M909,entry,5504.9
AMD Ryzen 7 7700X,MSI MAG X870E Tomahawk,DDR5 32GB 6000MHz RGB,RTX 5090,WD Blue SN580 1TB,Corsair RM1000x Gold,Thermalright Peerless Assassin,Lian Li O11 Dynamic EVO,high,27375.44
Intel i5-14400F,ASUS TUF B760M-Plus DDR5,DDR5 32GB 5600MHz (2x16),RX 6600,WD Blue SN580 1TB,Corsair RM750x Gold,Cooler box (stock),Gamemax Infinit M909,budget,7422.16
AMD Ryzen 7 5800X3D,ASUS TUF B550M-Plus,DDR4 32GB 3200MHz (2x16),RTX 5070,Samsung 990 Pro 4TB,Corsair RM1000x Gold,Thermalright Peerless Assassin,NZXT H5 Flow,high,12066.27
AMD Ryzen 7 5700X,MSI B550M-A Pro,DDR4 16GB 3200MHz (2x8),RX 7800 XT,Crucial P3 500GB,Corsair RM850x Gold,Thermalright Peerless Assassin,Corsair 3000D Airflow,mid,7740.38
AMD Ryzen 5 5500,MSI B550M-A Pro,DDR4 16GB 3200MHz (2x8),RX 7600,Kingston NV2 1TB,Cooler Master MWE 650 Gold,Cooler box (stock),Gamemax Infinit M909,budget,4664.54
AMD Ryzen 7 9800X3D,MSI MAG X870E Tomahawk,DDR5 64GB 5600MHz (2x32),RTX 5090,Samsung 990 Pro 4TB,Corsair RM850x Gold,DeepCool LE720 360mm,Lian Li O11 Dynamic EVO,enthusiast,32388.07
AMD Ryzen 9 9950X,MSI MAG X870E Tomahawk,DDR5 64GB 5600MHz (2x32),RTX 5070,Samsung 990 Pro 1TB,Corsair RM850x Gold,NZXT Kraken 360,Corsair 7000D Airflow,enthusiast,18995.58
AMD Ryzen 7 9800X3D,MSI MAG B650 Tomahawk,DDR5 32GB 6000MHz RGB,RTX 5070 Ti,WD Black SN850X 2TB,Corsair RM1000x Gold,Thermalright Peerless Assassin,Lian Li O11 Dynamic EVO,high,16913.99
AMD Ryzen 7 5700X,Gigabyte A520M K V2,DDR4 16GB 3200MHz (2x8),GTX 1650,Kingston NV2 1TB,Corsair CX650 Bronze,DeepCool AK400,Gamemax Infinit M909,entry,3886.41
AMD Ryzen 5 5600,ASUS TUF B550M-Plus,DDR4 32GB 3200MHz (2x16),RX 6600,Kingston NV2 1TB,Corsair CX650 Bronze,Cooler box (stock),Corsair 3000D Airflow,budget,4673.97
AMD Ryzen 7 9800X3D,MSI MAG X870E Tomahawk,DDR5 32GB 6000MHz RGB,RTX 5070 Ti,Samsung 990 Pro 4TB,Corsair RM1000x Gold,NZXT Kraken 360,Lian Li O11 Dynamic EVO,enthusiast,21016.01
Intel i7-14700KF,ASUS TUF B760M-Plus DDR5,DDR5 32GB 6000MHz RGB,RX 9070 XT,Samsung 990 Pro 1TB,Corsair RM850x Gold,NZXT Kraken 360,NZXT H5 Flow,high,14777.23
AMD Ryzen 7 7700X,MSI MAG B650 Tomahawk,DDR5 16GB 5600MHz (2x8),GTX 1650,Crucial P3 500GB,Corsair RM750x Gold,Cooler box (stock),Corsair 3000D Airflow,budget,5559.48
AMD Ryzen 7 7700X,MSI PRO B850M-B,DDR5 32GB 6000MHz RGB,Arc B580,WD Blue SN580 1TB,Corsair CX650 Bronze,DeepCool LE720 360mm,NZXT H5 Flow,mid,9257.93
AMD Ryzen 7 5800X3D,ASUS TUF B550M-Plus,DDR4 32GB 3200MHz (2x16),RTX 5080,Samsung 990 Pro 1TB,Corsair RM1000x Gold,DeepCool LE720 360mm,Lian Li O11 Dynamic EVO,high,17157.01
AMD Ryzen 7 9800X3D,MSI MAG X870E Tomahawk,DDR5 64GB 5600MHz (2x32),RTX 5070 Ti,WD Black SN850X 2TB,Corsair RM750x Gold,DeepCool LE720 360mm,NZXT H5 Flow,high,20190.16
Intel i7-14700KF,MSI MAG Z790 Tomahawk DDR5,DDR5 32GB 5600MHz (2x16),RTX 4060,Samsung 990 Pro 1TB,Cooler Master MWE 650 Gold,DeepCool LE720 360mm,Lian Li O11 Dynamic EVO,mid,11221.16
AMD Ryzen 7 5800X3D,ASUS TUF B550M-Plus,DDR4 32GB 3200MHz (2x16),RX 9070 XT,Samsung 990 Pro 1TB,Corsair RM1000x Gold,DeepCool LE720 360mm,Corsair 7000D Airflow,high,11773.67
AMD Ryzen 7 5700X,ASUS TUF B550M-Plus,DDR4 16GB 3200MHz (2x8),RX 6600,Crucial P3 500GB,Cooler Master MWE 650 Gold,Thermalright Peerless Assassin,NZXT H5 Flow,budget,4938.66
AMD Ryzen 5 5500,MSI B550M-A Pro,DDR4 16GB 3200MHz (2x8),GTX 1650,Kingston NV2 1TB,Redragon RGPS 500W Bronze,DeepCool AK400,Corsair 3000D Airflow,entry,3405.59
Intel i9-14900K,ASUS TUF B760M-Plus DDR5,DDR5 32GB 5600MHz (2x16),RX 7800 XT,Samsung 990 Pro 4TB,Corsair RM750x Gold,DeepCool LE720 360mm,Lian Li O11 Dynamic EVO,high,15426.52
AMD Ryzen 7 9800X3D,MSI MAG B650 Tomahawk,DDR5 64GB 5600MHz (2x32),RX 7800 XT,WD Blue SN580 1TB,Corsair RM750x Gold,Thermalright Peerless Assassin,Corsair 7000D Airflow,high,15658.16
AMD Ryzen 5 7600,MSI PRO B850M-B,DDR5 16GB 5600MHz (2x8),RTX 5060 Ti 16GB,Samsung 990 Pro 1TB,Corsair RM750x Gold,DeepCool AK400,Lian Li O11 Dynamic EVO,mid,9668.16
Intel i5-14400F,MSI PRO B760M-A DDR4,DDR4 32GB 3200MHz (2x16),RX 7800 XT,Crucial P3 500GB,Cooler Master MWE 650 Gold,DeepCool AK400,Corsair 3000D Airflow,mid,7654.01
Intel i3-12100F,MSI PRO B760M-A DDR4,DDR4 16GB 3200MHz (2x8),RX 7600,Kingston NV2 1TB,Redragon RGPS 500W Bronze,DeepCool AK400,Corsair 3000D Airflow,entry,5031.76
AMD Ryzen 5 7600,ASUS Prime A620M-K,DDR5 16GB 5600MHz (2x8),RTX 3060 12GB,WD Blue SN580 1TB,Redragon RGPS 500W Bronze,Thermalright Peerless Assassin,Gamemax Infinit M909,budget,5217.7
AMD Ryzen 5 7600,ASUS Prime A620M-K,DDR5 32GB 5600MHz (2x16),Arc B580,WD Blue SN580 1TB,Corsair RM750x Gold,DeepCool AK400,NZXT H5 Flow,budget,8858.84
AMD Ryzen 7 5800X3D,ASUS TUF B550M-Plus,DDR4 32GB 3600MHz RGB,RTX 5070,Samsung 990 Pro 1TB,Corsair RM850x Gold,NZXT Kraken 360,Corsair 7000D Airflow,high,12520.43
AMD Ryzen 7 7700X,MSI MAG B650 Tomahawk,DDR5 32GB 6000MHz RGB,RTX 5060 Ti 16GB,Kingston NV2 1TB,Corsair RM850x Gold,Thermalright Peerless Assassin,NZXT H5 Flow,mid,12208.39
AMD Ryzen 7 5700X,ASUS TUF B550M-Plus,DDR4 8GB 3200MHz (1x8),RX 6600,Kingston NV2 500GB,Redragon RGPS 500W Bronze,DeepCool AK400,Corsair 3000D Airflow,budget,4357.94
AMD Ryzen 7 7800X3D,MSI MAG X870E Tomahawk,DDR5 64GB 5600MHz (2x32),RTX 5070,Samsung 990 Pro 4TB,Corsair RM850x Gold,DeepCool LE720 360mm,Lian Li O11 Dynamic EVO,enthusiast,20353.56
AMD Ryzen 7 7800X3D,MSI MAG X870E Tomahawk,DDR5 32GB 6000MHz RGB,RTX 5070,WD Blue SN580 1TB,Corsair RM850x Gold,DeepCool AK400,Lian Li O11 Dynamic EVO,mid,13882.19
AMD Ryzen 5 7600,MSI PRO B850M-B,DDR5 16GB 5600MHz (2x8),RX 6600,Crucial P3 500GB,Redragon RGPS 500W Bronze,Cooler box (stock),Gamemax Infinit M909,entry,5151.55
AMD Ryzen 7 5700X,ASUS TUF B550M-Plus,DDR4 32GB 3600MHz RGB,RTX 5060 Ti 16GB,Samsung 990 Pro 1TB,Corsair CX650 Bronze,Thermalright Peerless Assassin,Corsair 3000D Airflow,mid,10124.54
Intel i5-14400F,MSI MAG Z790 Tomahawk DDR5,DDR5 16GB 5600MHz (2x8),RTX 4060,Kingston NV2 1TB,Corsair RM750x Gold,Thermalright Peerless Assassin,Lian Li O11 Dynamic EVO,mid,8933.88
Intel i5-14400F,MSI PRO B760M-A DDR4,DDR4 8GB 3200MHz (1x8),RTX 3060 12GB,Kingston NV2 1TB,Cooler Master MWE 650 Gold,Cooler box (stock),Corsair 3000D Airflow,entry,4690.02
AMD Ryzen 5 7600,MSI MAG X870E Tomahawk,DDR5 32GB 5600MHz (2x16),Arc B580,Kingston NV2 1TB,Cooler Master MWE 650 Gold,DeepCool AK400,NZXT H5 Flow,mid,10502.3
AMD Ryzen 7 7800X3D,MSI MAG X870E Tomahawk,DDR5 32GB 6000MHz RGB,RX 7800 XT,Kingston NV2 1TB,Corsair RM750x Gold,DeepCool AK400,Lian Li O11 Dynamic EVO,mid,13750.86
AMD Ryzen 9 9950X,MSI MAG X870E Tomahawk,DDR5 64GB 5600MHz (2x32),RTX 5060 Ti 16GB,Samsung 990 Pro 4TB,Corsair RM1000x Gold,DeepCool LE720 360mm,NZXT H5 Flow,high,19218.13
AMD Ryzen 7 7800X3D,MSI MAG B650 Tomahawk,DDR5 32GB 5600MHz (2x16),RTX 5070,WD Blue SN580 1TB,Corsair RM1000x Gold,DeepCool LE720 360mm,NZXT H5 Flow,high,12072.67
AMD Ryzen 5 5500,Gigabyte A520M K V2,DDR4 8GB 3200MHz (1x8),Arc B580,Kingston NV2 1TB,Cooler Master MWE 650 Gold,DeepCool AK400,Corsair 3000D Airflow,entry,4557.11
AMD Ryzen 7 7800X3D,MSI PRO B850M-B,DDR5 32GB 5600MHz (2x16),RTX 4070,WD Blue SN580 1TB,Corsair RM750x Gold,DeepCool LE720 360mm,Corsair 3000D Airflow,mid,12141.09
AMD Ryzen 7 5800X3D,ASUS TUF B550M-Plus,DDR4 32GB 3200MHz (2x16),RX 7800 XT,WD Black SN850X 2TB,Corsair RM1000x Gold,DeepCool LE720 360mm,Corsair 7000D Airflow,high,11049.71
AMD Ryzen 7 7700X,MSI MAG X870E Tomahawk,DDR5 64GB 5600MHz (2x32),RX 9070 XT,WD Black SN850X 2TB,Corsair RM850x Gold,DeepCool LE720 360mm,Corsair 7000D Airflow,high,18383.54
Intel i3-12100F,MSI PRO H610M-G DDR4,DDR4 8GB 3200MHz (1x8),RX 7600,Kingston NV2 1TB,Cooler Master MWE 650 Gold,DeepCool AK400,Corsair 3000D Airflow,entry,4268.93
Intel i7-14700KF,MSI MAG Z790 Tomahawk DDR5,DDR5 32GB 5600MHz (2x16),RTX 3060 12GB,Kingston NV2 1TB,Corsair CX650 Bronze,DeepCool AK400,Corsair 3000D Airflow,mid,10028.36
Intel i5-14600KF,ASUS TUF B760M-Plus DDR5,DDR5 16GB 5600MHz (2x8),RTX 5070,WD Blue SN580 1TB,Corsair RM850x Gold,DeepCool AK400,Corsair 3000D Airflow,mid,9911.86
AMD Ryzen 5 5600,MSI B550M-A Pro,DDR4 32GB 3200MHz (2x16),RTX 4070,Crucial P3 500GB,Cooler Master MWE 650 Gold,Cooler box (stock),NZXT H5 Flow,budget,7812.79
AMD Ryzen 5 5500,MSI B550M-A Pro,DDR4 8GB 3200MHz (1x8),GTX 1650,Crucial P3 500GB,Cooler Master MWE 650 Gold,Cooler box (stock),NZXT H5 Flow,budget,3311.4
AMD Ryzen 5 7600,MSI PRO B850M-B,DDR5 16GB 5600MHz (2x8),Arc B580,Crucial P3 500GB,Corsair CX650 Bronze,DeepCool AK400,Corsair 3000D Airflow,entry,5919.66
Intel i5-14400F,MSI PRO B760M-A DDR4,DDR4 16GB 3200MHz (2x8),RX 7800 XT,Samsung 990 Pro 1TB,Cooler Master MWE 650 Gold,Thermalright Peerless Assassin,Lian Li O11 Dynamic EVO,mid,7427.73
AMD Ryzen 9 9950X,MSI MAG X870E Tomahawk,DDR5 64GB 5600MHz (2x32),RTX 5090,WD Black SN850X 2TB,Corsair RM850x Gold,DeepCool LE720 360mm,Corsair 7000D Airflow,enthusiast,36618.87
AMD Ryzen 7 7700X,MSI MAG X870E Tomahawk,DDR5 32GB 5600MHz (2x16),RTX 4070,Crucial P3 500GB,Corsair RM750x Gold,DeepCool LE720 360mm,Lian Li O11 Dynamic EVO,mid,12113.35
AMD Ryzen 5 5500,MSI B550M-A Pro,DDR4 16GB 3200MHz (2x8),RX 7800 XT,WD Blue SN580 1TB,Corsair CX650 Bronze,Thermalright Peerless Assassin,Gamemax Infinit M909,budget,6062.33
AMD Ryzen 7 7700X,MSI MAG X870E Tomahawk,DDR5 32GB 6000MHz RGB,RTX 5070,WD Blue SN580 1TB,Corsair RM1000x Gold,DeepCool LE720 360mm,Corsair 7000D Airflow,high,16214.27
Intel i5-14600KF,ASUS TUF B760M-Plus DDR5,DDR5 32GB 5600MHz (2x16),RX 9070 XT,WD Black SN850X 2TB,Corsair RM1000x Gold,Thermalright Peerless Assassin,Lian Li O11 Dynamic EVO,high,13524.0
Intel i5-14400F,MSI PRO H610M-G DDR4,DDR4 16GB 3200MHz (2x8),RX 7800 XT,Crucial P3 500GB,Corsair RM750x Gold,Cooler box (stock),Corsair 3000D Airflow,budget,6811.41
AMD Ryzen 9 9950X,MSI MAG B650 Tomahawk,DDR5 32GB 6000MHz RGB,RTX 5090,WD Blue SN580 1TB,Corsair RM850x Gold,DeepCool LE720 360mm,Lian Li O11 Dynamic EVO,high,28012.65
AMD Ryzen 7 9800X3D,MSI MAG X870E Tomahawk,DDR5 32GB 6000MHz RGB,RTX 5090,Samsung 990 Pro 1TB,Corsair RM850x Gold,DeepCool LE720 360mm,Corsair 7000D Airflow,enthusiast,30648.27
Intel i5-14400F,MSI PRO B760M-A DDR4,DDR4 8GB 3200MHz (1x8),RX 6600,Crucial P3 500GB,Redragon RGPS 500W Bronze,Cooler box (stock),NZXT H5 Flow,budget,4058.67
Intel i3-12100F,MSI PRO B760M-A DDR4,DDR4 8GB 3200MHz (1x8),RTX 4070,Kingston NV2 1TB,Corsair CX650 Bronze,Thermalright Peerless Assassin,NZXT H5 Flow,budget,7243.62
AMD Ryzen 7 5700X,ASUS TUF B550M-Plus,DDR4 32GB 3200MHz (2x16),RTX 4060,Kingston NV2 1TB,Corsair RM750x Gold,Cooler box (stock),Corsair 3000D Airflow,budget,6487.36
Intel i5-12400F,MSI PRO B760M-A DDR4,DDR4 32GB 3200MHz (2x16),RX 7800 XT,Kingston NV2 1TB,Corsair RM750x Gold,DeepCool AK400,Corsair 3000D Airflow,budget,7291.11
AMD Ryzen 5 7600,MSI PRO B850M-B,DDR5 16GB 5600MHz (2x8),GTX 1650,Crucial P3 500GB,Corsair CX650 Bronze,DeepCool AK400,Gamemax Infinit M909,entry,4807.72
AMD Ryzen 7 5800X3D,MSI B550M-A Pro,DDR4 32GB 3600MHz RGB,RTX 5070,Samsung 990 Pro 4TB,Corsair RM850x Gold,DeepCool LE720 360mm,Corsair 7000D Airflow,enthusiast,13931.59
AMD Ryzen 7 7800X3D,MSI MAG X870E Tomahawk,DDR5 64GB 5600MHz (2x32),RTX 5080,Samsung 990 Pro 4TB,Corsair RM850x Gold,DeepCool LE720 360mm,Corsair 7000D Airflow,enthusiast,25596.53
AMD Ryzen 7 7700X,MSI MAG X870E Tomahawk,DDR5 32GB 6000MHz RGB,RX 9070 XT,Samsung 990 Pro 1TB,Corsair CX650 Bronze,DeepCool AK400,Lian Li O11 Dynamic EVO,mid,14922.89
AMD Ryzen 5 7600,MSI PRO B850M-B,DDR5 16GB 5600MHz (2x8),RTX 3060 12GB,Crucial P3 500GB,Cooler Master MWE 650 Gold,Cooler box (stock),Gamemax Infinit M909,entry,5366.54
AMD Ryzen 7 7700X,MSI MAG X870E Tomahawk,DDR5 32GB 5600MHz (2x16),RX 9070 XT,Samsung 990 Pro 1TB,Corsair RM1000x Gold,DeepCool LE720 360mm,Corsair 7000D Airflow,high,15384.34
Intel i5-14600KF,ASUS TUF B760M-Plus DDR5,DDR5 32GB 5600MHz (2x16),RTX 3060 12GB,WD Blue SN580 1TB,Corsair RM750x Gold,Cooler box (stock),Corsair 3000D Airflow,budget,8414.95
AMD Ryzen 7 7800X3D,MSI MAG B650 Tomahawk,DDR5 32GB 6000MHz RGB,RTX 5070 Ti,Crucial P3 500GB,Corsair CX650 Bronze,DeepCool AK400,Lian Li O11 Dynamic EVO,mid,14285.92
AMD Ryzen 9 9950X,MSI MAG X870E Tomahawk,DDR5 32GB 5600MHz (2x16),RTX 5070,WD Black SN850X 2TB,Corsair RM750x Gold,NZXT Kraken 360,Corsair 7000D Airflow,high,18294.41
Intel i5-14600KF,MSI PRO B760M-A DDR4,DDR4 8GB 3200MHz (1x8),RTX 5060 Ti 16GB,Kingston NV2 1TB,Redragon RGPS 500W Bronze,Thermalright Peerless Assassin,Corsair 3000D Airflow,budget,7212.05
Intel i5-12400F,ASUS TUF B760M-Plus DDR5,DDR5 32GB 5600MHz (2x16),RTX 3060 12GB,Crucial P3 500GB,Corsair RM750x Gold,DeepCool AK400,Corsair 3000D Airflow,budget,7988.5
AMD Ryzen 7 7700X,MSI MAG B650 Tomahawk,DDR5 32GB 5600MHz (2x16),RX 9070 XT,WD Blue SN580 1TB,Corsair RM750x Gold,Thermalright Peerless Assassin,Lian Li O11 Dynamic EVO,mid,12756.87
Intel i5-12400F,MSI PRO H610M-G DDR4,DDR4 8GB 3200MHz (1x8),RX 7800 XT,WD Blue SN580 1TB,Corsair CX650 Bronze,DeepCool AK400,Corsair 3000D Airflow,budget,6219.34
AMD Ryzen 5 7600,MSI MAG X870E Tomahawk,DDR5 16GB 5600MHz (2x8),RTX 4070,Crucial P3 500GB,Corsair RM850x Gold,Thermalright Peerless Assassin,Corsair 3000D Airflow,mid,10330.1
AMD Ryzen 5 5600,MSI B550M-A Pro,DDR4 8GB 3200MHz (1x8),RX 7600,Kingston NV2 1TB,Corsair CX650 Bronze,Cooler box (stock),Corsair 3000D Airflow,entry,4299.82
AMD Ryzen 5 8400F,MSI PRO B850M-B,DDR5 16GB 5600MHz (2x8),GTX 1650,Crucial P3 500GB,Corsair RM750x Gold,Cooler box (stock),NZXT H5 Flow,budget,5088.46
AMD Ryzen 7 9800X3D,MSI MAG X870E Tomahawk,DDR5 64GB 5600MHz (2x32),RTX 5090,WD Black SN850X 2TB,Corsair RM1000x Gold,DeepCool LE720 360mm,Lian Li O11 Dynamic EVO,enthusiast,34874.88
AMD Ryzen 7 9800X3D,MSI MAG X870E Tomahawk,DDR5 64GB 5600MHz (2x32),RTX 5080,WD Black SN850X 2TB,Corsair RM850x Gold,NZXT Kraken 360,Lian Li O11 Dynamic EVO,enthusiast,25369.22
AMD Ryzen 7 7700X,MSI PRO B850M-B,DDR5 16GB 5600MHz (2x8),RX 7600,Kingston NV2 500GB,Corsair CX650 Bronze,Cooler box (stock),NZXT H5 Flow,budget,6956.48
Intel i9-14900K,ASUS TUF B760M-Plus DDR5,DDR5 64GB 5600MHz (2x32),RTX 5070,WD Black SN850X 2TB,Corsair RM1000x Gold,DeepCool LE720 360mm,Lian Li O11 Dynamic EVO,high,17891.37
Intel i5-14600KF,ASUS TUF B760M-Plus DDR5,DDR5 64GB 5600MHz (2x32),RX 7800 XT,Samsung 990 Pro 1TB,Corsair RM1000x Gold,DeepCool LE720 360mm,Lian Li O11 Dynamic EVO,high,14394.44
Intel i5-12400F,ASUS TUF B760M-Plus DDR5,DDR5 16GB 5600MHz (2x8),RTX 4060,Kingston NV2 500GB,Cooler Master MWE 650 Gold,DeepCool AK400,Gamemax Infinit M909,budget,6912.5
Intel i9-14900K,MSI MAG Z790 Tomahawk DDR5,DDR5 64GB 5600MHz (2x32),RTX 5090,Samsung 990 Pro 1TB,Corsair RM1000x Gold,NZXT Kraken 360,Corsair 7000D Airflow,enthusiast,34153.06
Intel i9-14900K,MSI MAG Z790 Tomahawk DDR5,DDR5 64GB 5600MHz (2x32),RTX 5080,Samsung 990 Pro 1TB,Corsair RM850x Gold,NZXT Kraken 360,Lian Li O11 Dynamic EVO,enthusiast,24346.85
AMD Ryzen 5 5500,Gigabyte A520M K V2,DDR4 16GB 3200MHz (2x8),RX 7800 XT,Crucial P3 500GB,Corsair CX650 Bronze,Cooler box (stock),NZXT H5 Flow,budget,5594.76
Intel i5-14400F,MSI PRO H610M-G DDR4,DDR4 32GB 3200MHz (2x16),RX 7800 XT,Kingston NV2 500GB,Corsair RM750x Gold,Thermalright Peerless Assassin,Corsair 3000D Airflow,budget,7724.75
AMD Ryzen 5 8400F,MSI MAG B650 Tomahawk,DDR5 32GB 5600MHz (2x16),RTX 4070,Kingston NV2 500GB,Corsair RM750x Gold,DeepCool AK400,Gamemax Infinit M909,budget,10151.11
Intel i5-14400F,MSI PRO H610M-G DDR4,DDR4 8GB 3200MHz (1x8),RX 6600,Kingston NV2 1TB,Redragon RGPS 500W Bronze,Thermalright Peerless Assassin,Gamemax Infinit M909,budget,4076.08
AMD Ryzen 5 5500,ASUS TUF B550M-Plus,DDR4 16GB 3200MHz (2x8),RTX 4070,Kingston NV2 500GB,Cooler Master MWE 650 Gold,Cooler box (stock),Corsair 3000D Airflow,budget,6810.05
AMD Ryzen 5 8400F,ASUS Prime A620M-K,DDR5 16GB 5600MHz (2x8),Arc B580,Crucial P3 500GB,Corsair CX650 Bronze,DeepCool AK400,Corsair 3000D Airflow,entry,6286.83
Intel i7-14700KF,MSI MAG Z790 Tomahawk DDR5,DDR5 32GB 6000MHz RGB,RTX 5060 Ti 16GB,Samsung 990 Pro 4TB,Corsair RM1000x Gold,NZXT Kraken 360,Corsair 7000D Airflow,high,17720.72
AMD Ryzen 7 9800X3D,MSI MAG X870E Tomahawk,DDR5 64GB 5600MHz (2x32),RTX 5070 Ti,Samsung 990 Pro 1TB,Corsair RM850x Gold,NZXT Kraken 360,Lian Li O11 Dynamic EVO,enthusiast,22470.65
AMD Ryzen 5 8400F,ASUS Prime A620M-K,DDR5 16GB 5600MHz (2x8),GTX 1650,Crucial P3 500GB,Corsair CX650 Bronze,DeepCool AK400,Gamemax Infinit M909,entry,4591.26
Intel i5-14600KF,MSI PRO B760M-A DDR4,DDR4 16GB 3200MHz (2x8),RTX 4060,Samsung 990 Pro 1TB,Corsair RM750x Gold,DeepCool AK400,Corsair 3000D Airflow,mid,7139.9
AMD Ryzen 7 7800X3D,MSI MAG B650 Tomahawk,DDR5 32GB 5600MHz (2x16),RX 7800 XT,Samsung 990 Pro 1TB,Corsair CX650 Bronze,DeepCool LE720 360mm,Lian Li O11 Dynamic EVO,mid,12120.17
AMD Ryzen 5 7600,MSI PRO B850M-B,DDR5 32GB 5600MHz (2x16),RX 7800 XT,Crucial P3 500GB,Redragon RGPS 500W Bronze,DeepCool AK400,Corsair 3000D Airflow,budget,8572.92
Intel i5-14600KF,MSI PRO B760M-A DDR4,DDR4 16GB 3200MHz (2x8),RX 7800 XT,Kingston NV2 1TB,Corsair RM750x Gold,DeepCool AK400,Lian Li O11 Dynamic EVO,mid,8612.11
AMD Ryzen 7 7800X3D,MSI MAG X870E Tomahawk,DDR5 32GB 6000MHz RGB,RTX 5080,Samsung 990 Pro 1TB,Corsair RM1000x Gold,DeepCool LE720 360mm,Corsair 7000D Airflow,enthusiast,21812.4
AMD Ryzen 7 7800X3D,MSI PRO B850M-B,DDR5 16GB 5600MHz (2x8),RTX 5070,WD Black SN850X 2TB,Corsair RM850x Gold,Thermalright Peerless Assassin,Corsair 3000D Airflow,mid,10724.94
Intel i5-14600KF,ASUS TUF B760M-Plus DDR5,DDR5 16GB 5600MHz (2x8),RTX 5070,Samsung 990 Pro 1TB,Cooler Master MWE 650 Gold,Thermalright Peerless Assassin,Lian Li O11 Dynamic EVO,mid,10728.18
AMD Ryzen 5 7600,MSI PRO B850M-B,DDR5 16GB 5600MHz (2x8),RTX 4060,Kingston NV2 1TB,Cooler Master MWE 650 Gold,DeepCool AK400,Gamemax Infinit M909,entry,6859.48
AMD Ryzen 7 7700X,MSI MAG B650 Tomahawk,DDR5 16GB 5600MHz (2x8),RTX 3060 12GB,Kingston NV2 1TB,Corsair CX650 Bronze,DeepCool AK400,Lian Li O11 Dynamic EVO,mid,7038.76
Intel i5-14400F,ASUS TUF B760M-Plus DDR5,DDR5 32GB 5600MHz (2x16),RTX 5060 Ti 16GB,WD Black SN850X 2TB,Corsair RM750x Gold,Thermalright Peerless Assassin,Lian Li O11 Dynamic EVO,mid,12433.72
Intel i5-14600KF,ASUS TUF B760M-Plus DDR5,DDR5 32GB 5600MHz (2x16),RX 7600,Kingston NV2 500GB,Corsair RM750x Gold,Thermalright Peerless Assassin,Gamemax Infinit M909,budget,8394.07
Intel i3-12100F,MSI PRO B760M-A DDR4,DDR4 16GB 3200MHz (2x8),RTX 4060,WD Blue SN580 1TB,Redragon RGPS 500W Bronze,Thermalright Peerless Assassin,Gamemax Infinit M909,budget,4938.67
AMD Ryzen 7 5700X,ASUS TUF B550M-Plus,DDR4 32GB 3200MHz (2x16),RTX 5070,Crucial P3 500GB,Corsair CX650 Bronze,Thermalright Peerless Assassin,Lian Li O11 Dynamic EVO,mid,9385.65
Intel i9-14900K,ASUS TUF B760M-Plus DDR5,DDR5 32GB 6000MHz RGB,RTX 5080,Samsung 990 Pro 1TB,Corsair RM1000x Gold,DeepCool LE720 360mm,Lian Li O11 Dynamic EVO,high,19097.61
AMD Ryzen 7 7800X3D,MSI MAG X870E Tomahawk,DDR5 64GB 5600MHz (2x32),RTX 5090,Samsung 990 Pro 4TB,Corsair RM1000x Gold,DeepCool LE720 360mm,Lian Li O11 Dynamic EVO,enthusiast,30385.49
AMD Ryzen 5 5500,ASUS TUF B550M-Plus,DDR4 8GB 3200MHz (1x8),RTX 5060 Ti 16GB,WD Blue SN580 1TB,Cooler Master MWE 650 Gold,Thermalright Peerless Assassin,NZXT H5 Flow,budget,6473.03
Intel i5-14600KF,MSI PRO B760M-A DDR4,DDR4 16GB 3200MHz (2x8),RTX 4060,Kingston NV2 1TB,Corsair RM850x Gold,Thermalright Peerless Assassin,Lian Li O11 Dynamic EVO,mid,6862.99
AMD Ryzen 5 5500,MSI B550M-A Pro,DDR4 8GB 3200MHz (1x8),GTX 1650,Crucial P3 500GB,Cooler Master MWE 650 Gold,DeepCool AK400,Corsair 3000D Airflow,budget,3275.65
AMD Ryzen 7 7700X,ASUS Prime A620M-K,DDR5 32GB 5600MHz (2x16),RTX 4070,Kingston NV2 1TB,Corsair CX650 Bronze,DeepCool AK400,Corsair 3000D Airflow,budget,10069.82
Intel i5-14600KF,ASUS TUF B760M-Plus DDR5,DDR5 32GB 6000MHz RGB,RX 7800 XT,WD Black SN850X 2TB,Corsair RM1000x Gold,Thermalright Peerless Assassin,Corsair 7000D Airflow,high,12636.31
Intel i7-14700KF,MSI MAG Z790 Tomahawk DDR5,DDR5 32GB 6000MHz RGB,RX 7600,Crucial P3 500GB,Corsair CX650 Bronze,Thermalright Peerless Assassin,NZXT H5 Flow,mid,10191.83
AMD Ryzen 7 7800X3D,MSI MAG X870E Tomahawk,DDR5 16GB 5600MHz (2x8),RTX 5060 Ti 16GB,WD Black SN850X 2TB,Corsair RM750x Gold,DeepCool LE720 360mm,NZXT H5 Flow,mid,12383.28
AMD Ryzen 5 5600,Gigabyte A520M K V2,DDR4 8GB 3200MHz (1x8),Arc B580,Crucial P3 500GB,Redragon RGPS 500W Bronze,Cooler box (stock),Gamemax Infinit M909,entry,3954.44
Intel i7-14700KF,ASUS TUF B760M-Plus DDR5,DDR5 64GB 5600MHz (2x32),RTX 5070 Ti,Samsung 990 Pro 1TB,Corsair RM1000x Gold,DeepCool LE720 360mm,Lian Li O11 Dynamic EVO,high,18710.64
AMD Ryzen 7 5800X3D,ASUS TUF B550M-Plus,DDR4 32GB 3200MHz (2x16),RX 9070 XT,Samsung 990 Pro 4TB,Corsair RM1000x Gold,NZXT Kraken 360,Lian Li O11 Dynamic EVO,high,14838.06
AMD Ryzen 7 5700X,MSI B550M-A Pro,DDR4 32GB 3200MHz (2x16),Arc B580,WD Blue SN580 1TB,Corsair CX650 Bronze,Thermalright Peerless Assassin,Corsair 3000D Airflow,mid,7251.03
Intel i5-12400F,MSI PRO H610M-G DDR4,DDR4 16GB 3200MHz (2x8),GTX 1650,Kingston NV2 1TB,Corsair RM750x Gold,Thermalright Peerless Assassin,Gamemax Infinit M909,budget,3949.91
AMD Ryzen 7 9800X3D,MSI MAG X870E Tomahawk,DDR5 32GB 5600MHz (2x16),RTX 4070,WD Blue SN580 1TB,Corsair RM850x Gold,DeepCool LE720 360mm,Corsair 7000D Airflow,high,13889.01
AMD Ryzen 7 5700X,Gigabyte A520M K V2,DDR4 16GB 3200MHz (2x8),Arc B580,Kingston NV2 1TB,Corsair CX650 Bronze,Cooler box (stock),Corsair 3000D Airflow,entry,5698.99
AMD Ryzen 5 5600,MSI B550M-A Pro,DDR4 32GB 3200MHz (2x16),RTX 3060 12GB,Kingston NV2 1TB,Redragon RGPS 500W Bronze,Cooler box (stock),NZXT H5 Flow,budget,5083.48
AMD Ryzen 7 9800X3D,MSI MAG X870E Tomahawk,DDR5 32GB 5600MHz (2x16),RTX 5060 Ti 16GB,Samsung 990 Pro 4TB,Corsair RM1000x Gold,NZXT Kraken 360,Corsair 7000D Airflow,high,18237.05
Intel i5-14400F,MSI PRO H610M-G DDR4,DDR4 16GB 3200MHz (2x8),RX 7800 XT,WD Blue SN580 1TB,Redragon RGPS 500W Bronze,DeepCool AK400,NZXT H5 Flow,budget,6352.9
AMD Ryzen 5 5500,ASUS TUF B550M-Plus,DDR4 32GB 3200MHz (2x16),GTX 1650,Crucial P3 500GB,Redragon RGPS 500W Bronze,Thermalright Peerless Assassin,NZXT H5 Flow,budget,4566.41
Intel i9-14900K,ASUS TUF B760M-Plus DDR5,DDR5 32GB 5600MHz (2x16),RTX 5090,WD Blue SN580 1TB,Corsair RM1000x Gold,Thermalright Peerless Assassin,Lian Li O11 Dynamic EVO,high,27376.36
AMD Ryzen 5 7600,MSI MAG X870E Tomahawk,DDR5 16GB 5600MHz (2x8),Arc B580,Crucial P3 500GB,Corsair RM750x Gold,DeepCool LE720 360mm,NZXT H5 Flow,mid,9088.8
AMD Ryzen 7 5800X3D,Gigabyte A520M K V2,DDR4 32GB 3600MHz RGB,RTX 5080,WD Black SN850X 2TB,Corsair RM1000x Gold,DeepCool LE720 360mm,Corsair 7000D Airflow,enthusiast,18080.9
AMD Ryzen 7 5800X3D,ASUS TUF B550M-Plus,DDR4 32GB 3600MHz RGB,RTX 5090,WD Black SN850X 2TB,Corsair RM1000x Gold,NZXT Kraken 360,Corsair 7000D Airflow,enthusiast,25138.94
Intel i5-14600KF,MSI MAG Z790 Tomahawk DDR5,DDR5 32GB 5600MHz (2x16),RX 7600,Samsung 990 Pro 1TB,Cooler Master MWE 650 Gold,Thermalright Peerless Assassin,Lian Li O11 Dynamic EVO,mid,9709.73
AMD Ryzen 5 7600,MSI MAG B650 Tomahawk,DDR5 32GB 6000MHz RGB,Arc B580,WD Black SN850X 2TB,Corsair RM850x Gold,Thermalright Peerless Assassin,Corsair 3000D Airflow,mid,11068.87
AMD Ryzen 7 7800X3D,MSI MAG B650 Tomahawk,DDR5 32GB 6000MHz RGB,RTX 5080,Samsung 990 Pro 1TB,Corsair RM1000x Gold,Thermalright Peerless Assassin,Corsair 7000D Airflow,high,19470.18
Intel i5-14600KF,MSI PRO B760M-A DDR4,DDR4 32GB 3600MHz RGB,RX 7600,Samsung 990 Pro 1TB,Cooler Master MWE 650 Gold,DeepCool LE720 360mm,Lian Li O11 Dynamic EVO,mid,8458.14
AMD Ryzen 7 9800X3D,MSI MAG X870E Tomahawk,DDR5 32GB 6000MHz RGB,RTX 5090,WD Black SN850X 2TB,Corsair RM1000x Gold,NZXT Kraken 360,Corsair 7000D Airflow,enthusiast,30734.02
AMD Ryzen 5 5500,MSI B550M-A Pro,DDR4 32GB 3200MHz (2x16),RTX 4070,Kingston NV2 1TB,Corsair CX650 Bronze,DeepCool AK400,NZXT H5 Flow,budget,8252.1
AMD Ryzen 7 5800X3D,ASUS TUF B550M-Plus,DDR4 32GB 3600MHz RGB,RTX 5080,WD Black SN850X 2TB,Corsair RM850x Gold,DeepCool LE720 360mm,Lian Li O11 Dynamic EVO,enthusiast,16611.59
Intel i5-14600KF,ASUS TUF B760M-Plus DDR5,DDR5 32GB 5600MHz (2x16),RTX 3060 12GB,Kingston NV2 1TB,Corsair RM750x Gold,DeepCool AK400,NZXT H5 Flow,budget,8838.68
AMD Ryzen 7 5800X3D,ASUS TUF B550M-Plus,DDR4 32GB 3600MHz RGB,RTX 5080,WD Black SN850X 2TB,Corsair RM850x Gold,DeepCool LE720 360mm,Corsair 7000D Airflow,enthusiast,18842.4
Intel i9-14900K,MSI MAG Z790 Tomahawk DDR5,DDR5 32GB 6000MHz RGB,RTX 5070 Ti,WD Black SN850X 2TB,Corsair RM850x Gold,DeepCool LE720 360mm,Corsair 7000D Airflow,enthusiast,18021.4
AMD Ryzen 7 7700X,MSI MAG X870E Tomahawk,DDR5 32GB 5600MHz (2x16),RTX 3060 12GB,Kingston NV2 1TB,Corsair RM850x Gold,DeepCool AK400,NZXT H5 Flow,mid,9922.7
AMD Ryzen 7 7700X,MSI MAG X870E Tomahawk,DDR5 32GB 5600MHz (2x16),RTX 4070,WD Blue SN580 1TB,Corsair RM850x Gold,NZXT Kraken 360,NZXT H5 Flow,high,14440.53
AMD Ryzen 5 7600,MSI MAG X870E Tomahawk,DDR5 32GB 6000MHz RGB,RTX 5060 Ti 16GB,WD Blue SN580 1TB,Corsair RM750x Gold,DeepCool AK400,NZXT H5 Flow,mid,13032.81
Intel i5-14400F,MSI PRO H610M-G DDR4,DDR4 32GB 3200MHz (2x16),GTX 1650,Kingston NV2 1TB,Redragon RGPS 500W Bronze,Thermalright Peerless Assassin,Gamemax Infinit M909,budget,4393.74
Intel i7-14700KF,MSI MAG Z790 Tomahawk DDR5,DDR5 32GB 6000MHz RGB,RTX 5090,Samsung 990 Pro 4TB,Corsair RM1000x Gold,DeepCool LE720 360mm,Lian Li O11 Dynamic EVO,enthusiast,31339.01
Intel i5-14600KF,ASUS TUF B760M-Plus DDR5,DDR5 16GB 5600MHz (2x8),RX 9070 XT,Samsung 990 Pro 1TB,Corsair RM750x Gold,Thermalright Peerless Assassin,Lian Li O11 Dynamic EVO,mid,11350.76
Intel i5-12400F,ASUS TUF B760M-Plus DDR5,DDR5 16GB 5600MHz (2x8),RTX 4060,Kingston NV2 1TB,Cooler Master MWE 650 Gold,Thermalright Peerless Assassin,Corsair 3000D Airflow,budget,6479.69
AMD Ryzen 9 9950X,MSI MAG B650 Tomahawk,DDR5 32GB 6000MHz RGB,RTX 5090,WD Black SN850X 2TB,Corsair RM1000x Gold,NZXT Kraken 360,Corsair 7000D Airflow,high,29722.77
AMD Ryzen 9 9950X,MSI MAG B650 Tomahawk,DDR5 64GB 5600MHz (2x32),RTX 5080,Samsung 990 Pro 1TB,Corsair RM850x Gold,Thermalright Peerless Assassin,Corsair 7000D Airflow,high,22840.37
Intel i3-12100F,ASUS TUF B760M-Plus DDR5,DDR5 32GB 5600MHz (2x16),Arc B580,Kingston NV2 500GB,Corsair RM750x Gold,Cooler box (stock),NZXT H5 Flow,budget,8334.56
AMD Ryzen 7 5800X3D,ASUS TUF B550M-Plus,DDR4 32GB 3200MHz (2x16),RX 9070 XT,WD Blue SN580 1TB,Corsair RM850x Gold,DeepCool AK400,Corsair 3000D Airflow,mid,11513.43
Intel i5-14600KF,MSI PRO B760M-A DDR4,DDR4 16GB 3200MHz (2x8),RTX 5060 Ti 16GB,WD Blue SN580 1TB,Corsair RM750x Gold,DeepCool AK400,Corsair 3000D Airflow,budget,7708.93
Intel i3-12100F,MSI PRO H610M-G DDR4,DDR4 8GB 3200MHz (1x8),RX 7600,Kingston NV2 500GB,Corsair RM750x Gold,DeepCool AK400,Corsair 3000D Airflow,budget,4397.57
AMD Ryzen 7 7700X,MSI MAG B650 Tomahawk,DDR5 32GB 5600MHz (2x16),RTX 4070,WD Black SN850X 2TB,Corsair RM1000x Gold,DeepCool LE720 360mm,NZXT H5 Flow,high,12615.3
AMD Ryzen 7 5700X,MSI B550M-A Pro,DDR4 32GB 3200MHz (2x16),Arc B580,Kingston NV2 1TB,Corsair CX650 Bronze,DeepCool AK400,NZXT H5 Flow,mid,7232.51
AMD Ryzen 5 7600,MSI MAG B650 Tomahawk,DDR5 32GB 5600MHz (2x16),RTX 4060,Samsung 990 Pro 1TB,Corsair RM850x Gold,Thermalright Peerless Assassin,Corsair 3000D Airflow,mid,10436.08
Intel i3-12100F,ASUS TUF B760M-Plus DDR5,DDR5 16GB 5600MHz (2x8),RTX 3060 12GB,WD Blue SN580 1TB,Redragon RGPS 500W Bronze,Thermalright Peerless Assassin,Corsair 3000D Airflow,budget,5537.89
AMD Ryzen 7 7700X,MSI MAG X870E Tomahawk,DDR5 64GB 5600MHz (2x32),RTX 5070 Ti,WD Black SN850X 2TB,Corsair RM750x Gold,DeepCool LE720 360mm,Corsair 7000D Airflow,high,19705.63
AMD Ryzen 7 7800X3D,MSI MAG X870E Tomahawk,DDR5 64GB 5600MHz (2x32),RTX 5070 Ti,WD Black SN850X 2TB,Corsair RM1000x Gold,NZXT Kraken 360,Lian Li O11 Dynamic EVO,enthusiast,21524.14
AMD Ryzen 7 7700X,MSI MAG B650 Tomahawk,DDR5 32GB 5600MHz (2x16),RTX 4070,Crucial P3 500GB,Corsair CX650 Bronze,Cooler box (stock),NZXT H5 Flow,budget,9979.22
Intel i7-14700KF,MSI MAG Z790 Tomahawk DDR5,DDR5 32GB 5600MHz (2x16),RTX 5090,Samsung 990 Pro 1TB,Corsair RM1000x Gold,NZXT Kraken 360,Lian Li O11 Dynamic EVO,high,29293.01
AMD Ryzen 7 5700X,ASUS TUF B550M-Plus,DDR4 32GB 3600MHz RGB,Arc B580,Crucial P3 500GB,Corsair CX650 Bronze,DeepCool LE720 360mm,Corsair 3000D Airflow,mid,7679.31
AMD Ryzen 7 7700X,MSI PRO B850M-B,DDR5 32GB 5600MHz (2x16),RTX 5070,WD Blue SN580 1TB,Corsair RM750x Gold,DeepCool AK400,Lian Li O11 Dynamic EVO,mid,12059.28
AMD Ryzen 7 7700X,MSI MAG B650 Tomahawk,DDR5 16GB 5600MHz (2x8),RTX 5070 Ti,Kingston NV2 1TB,Corsair CX650 Bronze,Thermalright Peerless Assassin,Lian Li O11 Dynamic EVO,mid,13747.4
Intel i5-14400F,MSI PRO B760M-A DDR4,DDR4 32GB 3600MHz RGB,RX 9070 XT,Crucial P3 500GB,Corsair CX650 Bronze,DeepCool LE720 360mm,NZXT H5 Flow,mid,10052.06
AMD Ryzen 5 8400F,ASUS Prime A620M-K,DDR5 16GB 5600MHz (2x8),RTX 4070,WD Blue SN580 1TB,Corsair RM750x Gold,Cooler box (stock),Gamemax Infinit M909,budget,7160.86
AMD Ryzen 7 7800X3D,MSI MAG X870E Tomahawk,DDR5 32GB 6000MHz RGB,RTX 5080,Samsung 990 Pro 1TB,Corsair RM1000x Gold,NZXT Kraken 360,Corsair 7000D Airflow,enthusiast,22312.97
AMD Ryzen 7 5700X,MSI B550M-A Pro,DDR4 32GB 3600MHz RGB,RTX 4060,Crucial P3 500GB,Cooler Master MWE 650 Gold,Thermalright Peerless Assassin,Lian Li O11 Dynamic EVO,mid,7391.94
AMD Ryzen 5 7600,MSI MAG B650 Tomahawk,DDR5 32GB 5600MHz (2x16),RX 6600,Kingston NV2 1TB,Redragon RGPS 500W Bronze,Cooler box (stock),Gamemax Infinit M909,budget,7471.18
AMD Ryzen 5 8400F,ASUS Prime A620M-K,DDR5 16GB 5600MHz (2x8),RTX 3060 12GB,Kingston NV2 1TB,Corsair RM750x Gold,Thermalright Peerless Assassin,Gamemax Infinit M909,budget,5179.07
AMD Ryzen 7 7800X3D,MSI MAG X870E Tomahawk,DDR5 64GB 5600MHz (2x32),RTX 5070 Ti,Samsung 990 Pro 1TB,Corsair RM850x Gold,DeepCool LE720 360mm,Corsair 7000D Airflow,enthusiast,21451.94
AMD Ryzen 5 5600,ASUS TUF B550M-Plus,DDR4 32GB 3200MHz (2x16),Arc B580,WD Blue SN580 1TB,Corsair RM750x Gold,DeepCool AK400,NZXT H5 Flow,budget,7015.77
AMD Ryzen 7 5800X3D,ASUS TUF B550M-Plus,DDR4 32GB 3200MHz (2x16),RTX 5080,WD Black SN850X 2TB,Corsair RM750x Gold,DeepCool LE720 360mm,Corsair 7000D Airflow,high,17562.1
Intel i9-14900K,MSI MAG Z790 Tomahawk DDR5,DDR5 64GB 5600MHz (2x32),RX 9070 XT,WD Black SN850X 2TB,Corsair RM1000x Gold,DeepCool LE720 360mm,Corsair 7000D Airflow,enthusiast,20757.46
Intel i5-14400F,MSI PRO B760M-A DDR4,DDR4 16GB 3200MHz (2x8),RX 9070 XT,Crucial P3 500GB,Cooler Master MWE 650 Gold,Thermalright Peerless Assassin,Corsair 3000D Airflow,mid,7753.39
Intel i5-14600KF,MSI PRO B760M-A DDR4,DDR4 32GB 3600MHz RGB,RTX 4060,WD Blue SN580 1TB,Corsair RM750x Gold,DeepCool AK400,NZXT H5 Flow,mid,8000.65
AMD Ryzen 7 5700X,MSI B550M-A Pro,DDR4 16GB 3200MHz (2x8),RX 6600,Crucial P3 500GB,Redragon RGPS 500W Bronze,DeepCool AK400,Gamemax Infinit M909,entry,3874.28
Intel i3-12100F,MSI PRO B760M-A DDR4,DDR4 8GB 3200MHz (1x8),RTX 3060 12GB,Kingston NV2 500GB,Corsair RM750x Gold,Thermalright Peerless Assassin,Gamemax Infinit M909,budget,4508.14
AMD Ryzen 5 5600,MSI B550M-A Pro,DDR4 8GB 3200MHz (1x8),RX 7600,Kingston NV2 500GB,Redragon RGPS 500W Bronze,DeepCool AK400,NZXT H5 Flow,budget,4484.16
Intel i3-12100F,MSI PRO H610M-G DDR4,DDR4 16GB 3200MHz (2x8),RTX 5060 Ti 16GB,WD Blue SN580 1TB,Cooler Master MWE 650 Gold,Cooler box (stock),Corsair 3000D Airflow,budget,6211.17
AMD Ryzen 5 5500,Gigabyte A520M K V2,DDR4 16GB 3200MHz (2x8),RTX 4060,Crucial P3 500GB,Corsair CX650 Bronze,DeepCool AK400,Corsair 3000D Airflow,entry,4802.19
Intel i5-14600KF,MSI MAG Z790 Tomahawk DDR5,DDR5 16GB 5600MHz (2x8),RTX 5070,WD Blue SN580 1TB,Corsair CX650 Bronze,DeepCool AK400,NZXT H5 Flow,mid,9672.25
AMD Ryzen 7 7700X,MSI MAG B650 Tomahawk,DDR5 64GB 5600MHz (2x32),RTX 5070,WD Black SN850X 2TB,Corsair RM750x Gold,Thermalright Peerless Assassin,NZXT H5 Flow,high,14314.16
Intel i9-14900K,MSI MAG Z790 Tomahawk DDR5,DDR5 64GB 5600MHz (2x32),RTX 5060 Ti 16GB,WD Black SN850X 2TB,Corsair RM1000x Gold,DeepCool LE720 360mm,NZXT H5 Flow,high,18234.94
Intel i5-12400F,MSI PRO H610M-G DDR4,DDR4 32GB 3200MHz (2x16),RTX 5060 Ti 16GB,Kingston NV2 500GB,Cooler Master MWE 650 Gold,DeepCool AK400,Corsair 3000D Airflow,budget,8099.48
Intel i5-14400F,MSI MAG Z790 Tomahawk DDR5,DDR5 16GB 5600MHz (2x8),RX 9070 XT,WD Blue SN580 1TB,Corsair RM750x Gold,DeepCool AK400,Lian Li O11 Dynamic EVO,mid,10767.02
AMD Ryzen 9 9950X,MSI MAG B650 Tomahawk,DDR5 32GB 5600MHz (2x16),RTX 5080,WD Blue SN580 1TB,Corsair RM1000x Gold,DeepCool LE720 360mm,Corsair 7000D Airflow,high,19665.81
AMD Ryzen 7 5700X,MSI B550M-A Pro,DDR4 32GB 3200MHz (2x16),RTX 3060 12GB,Kingston NV2 1TB,Corsair RM750x Gold,Thermalright Peerless Assassin,Lian Li O11 Dynamic EVO,mid,6977.48
Intel i5-14400F,ASUS TUF B760M-Plus DDR5,DDR5 16GB 5600MHz (2x8),RX 7600,Kingston NV2 500GB,Corsair RM750x Gold,DeepCool AK400,Corsair 3000D Airflow,budget,6014.95
Intel i3-12100F,MSI PRO H610M-G DDR4,DDR4 8GB 3200MHz (1x8),RTX 5060 Ti 16GB,Crucial P3 500GB,Redragon RGPS 500W Bronze,Thermalright Peerless Assassin,Gamemax Infinit M909,budget,5582.81
AMD Ryzen 7 5800X3D,ASUS TUF B550M-Plus,DDR4 16GB 3200MHz (2x8),RTX 5060 Ti 16GB,Crucial P3 500GB,Corsair CX650 Bronze,Thermalright Peerless Assassin,Lian Li O11 Dynamic EVO,mid,8349.46
AMD Ryzen 5 7600,MSI MAG B650 Tomahawk,DDR5 32GB 5600MHz (2x16),RTX 4070,Crucial P3 500GB,Corsair RM750x Gold,DeepCool LE720 360mm,Lian Li O11 Dynamic EVO,mid,12263.03
AMD Ryzen 7 7800X3D,MSI MAG X870E Tomahawk,DDR5 64GB 5600MHz (2x32),RTX 5070 Ti,Samsung 990 Pro 1TB,Corsair RM850x Gold,DeepCool LE720 360mm,Corsair 7000D Airflow,enthusiast,20264.05
Intel i3-12100F,MSI PRO B760M-A DDR4,DDR4 32GB 3200MHz (2x16),Arc B580,Kingston NV2 1TB,Corsair RM750x Gold,Thermalright Peerless Assassin,NZXT H5 Flow,budget,7050.21
AMD Ryzen 7 7800X3D,MSI MAG X870E Tomahawk,DDR5 32GB 5600MHz (2x16),RX 9070 XT,Samsung 990 Pro 1TB,Corsair RM1000x Gold,DeepCool LE720 360mm,Corsair 7000D Airflow,high,16729.41
AMD Ryzen 7 7800X3D,MSI MAG X870E Tomahawk,DDR5 32GB 6000MHz RGB,RTX 4070,Samsung 990 Pro 4TB,Corsair RM1000x Gold,DeepCool LE720 360mm,NZXT H5 Flow,high,15067.93
AMD Ryzen 7 5700X,ASUS TUF B550M-Plus,DDR4 32GB 3600MHz RGB,RTX 5060 Ti 16GB,WD Blue SN580 1TB,Corsair CX650 Bronze,DeepCool LE720 360mm,Corsair 3000D Airflow,mid,9088.45
AMD Ryzen 5 5500,Gigabyte A520M K V2,DDR4 8GB 3200MHz (1x8),RX 7800 XT,WD Blue SN580 1TB,Redragon RGPS 500W Bronze,DeepCool AK400,Corsair 3000D Airflow,budget,5571.82
AMD Ryzen 7 7800X3D,MSI MAG X870E Tomahawk,DDR5 32GB 5600MHz (2x16),RX 7600,Crucial P3 500GB,Cooler Master MWE 650 Gold,DeepCool AK400,Lian Li O11 Dynamic EVO,mid,10137.59
Intel i9-14900K,MSI MAG Z790 Tomahawk DDR5,DDR5 64GB 5600MHz (2x32),RX 9070 XT,Samsung 990 Pro 4TB,Corsair RM1000x Gold,DeepCool LE720 360mm,Lian Li O11 Dynamic EVO,high,19775.45
AMD Ryzen 5 7600,ASUS Prime A620M-K,DDR5 16GB 5600MHz (2x8),GTX 1650,Kingston NV2 500GB,Corsair CX650 Bronze,Cooler box (stock),Corsair 3000D Airflow,entry,4525.81
AMD Ryzen 7 7800X3D,MSI PRO B850M-B,DDR5 16GB 5600MHz (2x8),RTX 3060 12GB,Kingston NV2 1TB,Cooler Master MWE 650 Gold,DeepCool AK400,Corsair 3000D Airflow,mid,6943.36
Intel i5-14600KF,ASUS TUF B760M-Plus DDR5,DDR5 32GB 5600MHz (2x16),RX 9070 XT,Samsung 990 Pro 1TB,Corsair RM750x Gold,NZXT Kraken 360,NZXT H5 Flow,high,13037.49
AMD Ryzen 5 5500,Gigabyte A520M K V2,DDR4 8GB 3200MHz (1x8),GTX 1650,Crucial P3 500GB,Cooler Master MWE 650 Gold,Cooler box (stock),Corsair 3000D Airflow,entry,3291.53
AMD Ryzen 7 7700X,MSI MAG B650 Tomahawk,DDR5 16GB 5600MHz (2x8),RTX 5060 Ti 16GB,WD Blue SN580 1TB,Corsair RM750x Gold,DeepCool AK400,Corsair 3000D Airflow,budget,9024.11
Intel i7-14700KF,MSI MAG Z790 Tomahawk DDR5,DDR5 32GB 6000MHz RGB,RX 7800 XT,Crucial P3 500GB,Corsair CX650 Bronze,DeepCool LE720 360mm,NZXT H5 Flow,mid,13041.89
Intel i3-12100F,ASUS TUF B760M-Plus DDR5,DDR5 16GB 5600MHz (2x8),RTX 5060 Ti 16GB,Kingston NV2 500GB,Corsair CX650 Bronze,Thermalright Peerless Assassin,NZXT H5 Flow,budget,7539.66
AMD Ryzen 7 5800X3D,Gigabyte A520M K V2,DDR4 32GB 3600MHz RGB,RX 9070 XT,Samsung 990 Pro 1TB,Corsair RM1000x Gold,DeepCool LE720 360mm,Lian Li O11 Dynamic EVO,enthusiast,13109.78
AMD Ryzen 5 7600,MSI PRO B850M-B,DDR5 16GB 5600MHz (2x8),Arc B580,Crucial P3 500GB,Corsair CX650 Bronze,Thermalright Peerless Assassin,Gamemax Infinit M909,budget,5965.6
Intel i5-14600KF,ASUS TUF B760M-Plus DDR5,DDR5 32GB 6000MHz RGB,RTX 4070,Samsung 990 Pro 4TB,Corsair RM850x Gold,DeepCool LE720 360mm,Lian Li O11 Dynamic EVO,high,14670.56
Intel i5-14600KF,MSI MAG Z790 Tomahawk DDR5,DDR5 32GB 5600MHz (2x16),RTX 4070,WD Black SN850X 2TB,Corsair RM850x Gold,DeepCool AK400,Lian Li O11 Dynamic EVO,mid,12212.53
Intel i9-14900K,MSI MAG Z790 Tomahawk DDR5,DDR5 64GB 5600MHz (2x32),RTX 5090,WD Black SN850X 2TB,Corsair RM1000x Gold,DeepCool LE720 360mm,Lian Li O11 Dynamic EVO,enthusiast,32787.0
AMD Ryzen 7 5800X3D,MSI B550M-A Pro,DDR4 32GB 3600MHz RGB,RTX 5060 Ti 16GB,Kingston NV2 1TB,Cooler Master MWE 650 Gold,Thermalright Peerless Assassin,Corsair 3000D Airflow,mid,9480.45
AMD Ryzen 5 5600,Gigabyte A520M K V2,DDR4 16GB 3200MHz (2x8),RX 6600,Crucial P3 500GB,Redragon RGPS 500W Bronze,DeepCool AK400,Gamemax Infinit M909,entry,3624.43
Intel i5-14400F,MSI MAG Z790 Tomahawk DDR5,DDR5 32GB 6000MHz RGB,RTX 4060,WD Black SN850X 2TB,Corsair RM850x Gold,DeepCool LE720 360mm,Lian Li O11 Dynamic EVO,mid,12169.11
AMD Ryzen 5 5600,ASUS TUF B550M-Plus,DDR4 8GB 3200MHz (1x8),RX 7600,Kingston NV2 1TB,Corsair CX650 Bronze,Thermalright Peerless Assassin,NZXT H5 Flow,budget,4556.81
AMD Ryzen 7 5800X3D,MSI B550M-A Pro,DDR4 32GB 3600MHz RGB,RTX 5070,Samsung 990 Pro 1TB,Corsair RM850x Gold,DeepCool LE720 360mm,Corsair 7000D Airflow,enthusiast,13136.32
Intel i5-14400F,ASUS TUF B760M-Plus DDR5,DDR5 32GB 5600MHz (2x16),RTX 4060,WD Blue SN580 1TB,Corsair CX650 Bronze,DeepCool AK400,Lian Li O11 Dynamic EVO,mid,9842.96
AMD Ryzen 5 5500,Gigabyte A520M K V2,DDR4 16GB 3200MHz (2x8),RTX 3060 12GB,Kingston NV2 1TB,Redragon RGPS 500W Bronze,DeepCool AK400,Gamemax Infinit M909,budget,3634.5
Intel i7-14700KF,ASUS TUF B760M-Plus DDR5,DDR5 32GB 6000MHz RGB,RTX 5070 Ti,Samsung 990 Pro 1TB,Corsair RM850x Gold,DeepCool LE720 360mm,Corsair 7000D Airflow,high,18444.42
AMD Ryzen 5 7600,MSI PRO B850M-B,DDR5 32GB 5600MHz (2x16),RTX 5070,Kingston NV2 1TB,Corsair CX650 Bronze,DeepCool LE720 360mm,Corsair 3000D Airflow,mid,10086.51
Intel i7-14700KF,MSI MAG Z790 Tomahawk DDR5,DDR5 32GB 6000MHz RGB,RTX 5070,WD Black SN850X 2TB,Corsair RM1000x Gold,DeepCool LE720 360mm,Corsair 7000D Airflow,enthusiast,15010.46
AMD Ryzen 9 9950X,MSI MAG X870E Tomahawk,DDR5 32GB 6000MHz RGB,RTX 5080,Samsung 990 Pro 4TB,Corsair RM850x Gold,NZXT Kraken 360,Lian Li O11 Dynamic EVO,enthusiast,24778.09
AMD Ryzen 7 7800X3D,MSI MAG B650 Tomahawk,DDR5 64GB 5600MHz (2x32),RTX 4070,Samsung 990 Pro 4TB,Corsair RM750x Gold,Thermalright Peerless Assassin,NZXT H5 Flow,high,15131.98
Intel i5-12400F,MSI PRO H610M-G DDR4,DDR4 16GB 3200MHz (2x8),RTX 4060,Kingston NV2 1TB,Cooler Master MWE 650 Gold,DeepCool AK400,Corsair 3000D Airflow,entry,5517.16
AMD Ryzen 7 7700X,MSI PRO B850M-B,DDR5 32GB 6000MHz RGB,RTX 4070,Samsung 990 Pro 1TB,Cooler Master MWE 650 Gold,DeepCool LE720 360mm,NZXT H5 Flow,mid,12712.15
AMD Ryzen 7 9800X3D,MSI MAG X870E Tomahawk,DDR5 32GB 6000MHz RGB,RTX 5070,Samsung 990 Pro 4TB,Corsair RM1000x Gold,DeepCool LE720 360mm,Corsair 7000D Airflow,enthusiast,16357.32
AMD Ryzen 5 5500,MSI B550M-A Pro,DDR4 32GB 3200MHz (2x16),RTX 5060 Ti 16GB,Crucial P3 500GB,Corsair RM750x Gold,Cooler box (stock),Corsair 3000D Airflow,budget,7542.06
Intel i7-14700KF,MSI MAG Z790 Tomahawk DDR5,DDR5 32GB 5600MHz (2x16),RTX 5070,WD Blue SN580 1TB,Corsair RM850x Gold,Thermalright Peerless Assassin,Lian Li O11 Dynamic EVO,mid,14474.16
Intel i3-12100F,MSI PRO H610M-G DDR4,DDR4 16GB 3200MHz (2x8),Arc B580,Kingston NV2 500GB,Corsair RM750x Gold,Thermalright Peerless Assassin,Corsair 3000D Airflow,budget,5057.89
AMD Ryzen 7 7800X3D,MSI MAG X870E Tomahawk,DDR5 64GB 5600MHz (2x32),RTX 5070 Ti,Samsung 990 Pro 1TB,Corsair RM850x Gold,NZXT Kraken 360,Lian Li O11 Dynamic EVO,enthusiast,20325.21
AMD Ryzen 9 9950X,MSI MAG X870E Tomahawk,DDR5 32GB 6000MHz RGB,RTX 5070 Ti,Samsung 990 Pro 1TB,Corsair RM1000x Gold,NZXT Kraken 360,Lian Li O11 Dynamic EVO,enthusiast,18983.61
AMD Ryzen 7 9800X3D,MSI MAG X870E Tomahawk,DDR5 32GB 5600MHz (2x16),RX 9070 XT,Samsung 990 Pro 4TB,Corsair RM750x Gold,NZXT Kraken 360,Corsair 7000D Airflow,high,18364.34
AMD Ryzen 7 5800X3D,ASUS TUF B550M-Plus,DDR4 32GB 3600MHz RGB,RX 9070 XT,WD Black SN850X 2TB,Corsair RM850x Gold,NZXT Kraken 360,NZXT H5 Flow,high,12316.13
AMD Ryzen 7 5800X3D,ASUS TUF B550M-Plus,DDR4 32GB 3200MHz (2x16),RTX 4070,WD Blue SN580 1TB,Corsair RM850x Gold,DeepCool LE720 360mm,Lian Li O11 Dynamic EVO,high,11405.48
AMD Ryzen 7 7700X,MSI MAG X870E Tomahawk,DDR5 64GB 5600MHz (2x32),RTX 5070 Ti,WD Blue SN580 1TB,Corsair RM850x Gold,DeepCool LE720 360mm,Corsair 7000D Airflow,high,19649.35
Intel i7-14700KF,MSI MAG Z790 Tomahawk DDR5,DDR5 32GB 6000MHz RGB,RTX 5070 Ti,Samsung 990 Pro 1TB,Corsair RM850x Gold,Thermalright Peerless Assassin,NZXT H5 Flow,high,15710.69
Intel i5-14600KF,ASUS TUF B760M-Plus DDR5,DDR5 32GB 6000MHz RGB,RTX 5090,WD Blue SN580 1TB,Corsair RM1000x Gold,NZXT Kraken 360,Lian Li O11 Dynamic EVO,high,26226.54
AMD Ryzen 7 9800X3D,MSI MAG X870E Tomahawk,DDR5 32GB 6000MHz RGB,RTX 5080,Samsung 990 Pro 4TB,Corsair RM1000x Gold,DeepCool LE720 360mm,Corsair 7000D Airflow,enthusiast,22653.9
AMD Ryzen 7 7700X,MSI PRO B850M-B,DDR5 32GB 5600MHz (2x16),RX 7600,Samsung 990 Pro 1TB,Cooler Master MWE 650 Gold,DeepCool LE720 360mm,NZXT H5 Flow,mid,9719.78
Intel i5-14400F,ASUS TUF B760M-Plus DDR5,DDR5 16GB 5600MHz (2x8),RX 9070 XT,Crucial P3 500GB,Corsair RM850x Gold,DeepCool LE720 360mm,Corsair 3000D Airflow,mid,10964.55
Intel i7-14700KF,ASUS TUF B760M-Plus DDR5,DDR5 64GB 5600MHz (2x32),RTX 4070,Samsung 990 Pro 4TB,Corsair RM750x Gold,Thermalright Peerless Assassin,Lian Li O11 Dynamic EVO,high,16918.38
Intel i7-14700KF,MSI MAG Z790 Tomahawk DDR5,DDR5 32GB 6000MHz RGB,RTX 4060,WD Black SN850X 2TB,Cooler Master MWE 650 Gold,DeepCool LE720 360mm,Lian Li O11 Dynamic EVO,mid,13465.93
AMD Ryzen 9 9950X,MSI MAG B650 Tomahawk,DDR5 64GB 5600MHz (2x32),RX 7800 XT,Samsung 990 Pro 4TB,Corsair RM750x Gold,NZXT Kraken 360,Lian Li O11 Dynamic EVO,high,18142.09
Intel i7-14700KF,MSI MAG Z790 Tomahawk DDR5,DDR5 64GB 5600MHz (2x32),RTX 5080,WD Black SN850X 2TB,Corsair RM1000x Gold,DeepCool LE720 360mm,Corsair 7000D Airflow,enthusiast,22728.57
AMD Ryzen 7 9800X3D,MSI MAG X870E Tomahawk,DDR5 32GB 5600MHz (2x16),RTX 5060 Ti 16GB,Samsung 990 Pro 4TB,Corsair RM1000x Gold,Thermalright Peerless Assassin,Corsair 7000D Airflow,high,17730.79
AMD Ryzen 7 5700X,ASUS TUF B550M-Plus,DDR4 8GB 3200MHz (1x8),RX 7600,Kingston NV2 1TB,Redragon RGPS 500W Bronze,DeepCool AK400,NZXT H5 Flow,budget,4776.07
AMD Ryzen 5 5500,Gigabyte A520M K V2,DDR4 16GB 3200MHz (2x8),RX 6600,Kingston NV2 500GB,Cooler Master MWE 650 Gold,DeepCool AK400,Gamemax Infinit M909,entry,3426.55
Intel i5-14400F,MSI PRO H610M-G DDR4,DDR4 8GB 3200MHz (1x8),RTX 5060 Ti 16GB,Crucial P3 500GB,Cooler Master MWE 650 Gold,Cooler box (stock),NZXT H5 Flow,budget,6461.21
Intel i5-14600KF,MSI MAG Z790 Tomahawk DDR5,DDR5 32GB 6000MHz RGB,RTX 3060 12GB,WD Black SN850X 2TB,Corsair CX650 Bronze,DeepCool AK400,NZXT H5 Flow,mid,11056.19
AMD Ryzen 7 5700X,MSI B550M-A Pro,DDR4 32GB 3200MHz (2x16),RTX 4060,Kingston NV2 1TB,Redragon RGPS 500W Bronze,DeepCool AK400,Gamemax Infinit M909,budget,6022.48
AMD Ryzen 7 5800X3D,ASUS TUF B550M-Plus,DDR4 32GB 3200MHz (2x16),RX 7600,Samsung 990 Pro 1TB,Cooler Master MWE 650 Gold,DeepCool LE720 360mm,Corsair 3000D Airflow,mid,8742.5
Intel i9-14900K,MSI MAG Z790 Tomahawk DDR5,DDR5 32GB 5600MHz (2x16),RX 7800 XT,Samsung 990 Pro 1TB,Corsair RM750x Gold,DeepCool LE720 360mm,NZXT H5 Flow,high,12648.69
AMD Ryzen 7 7800X3D,MSI MAG B650 Tomahawk,DDR5 32GB 5600MHz (2x16),RTX 4060,Kingston NV2 1TB,Cooler Master MWE 650 Gold,DeepCool LE720 360mm,NZXT H5 Flow,mid,10430.52
AMD Ryzen 7 7700X,MSI PRO B850M-B,DDR5 32GB 5600MHz (2x16),RTX 5070,Kingston NV2 1TB,Corsair CX650 Bronze,Thermalright Peerless Assassin,Lian Li O11 Dynamic EVO,mid,11921.54
AMD Ryzen 5 8400F,MSI PRO B850M-B,DDR5 32GB 5600MHz (2x16),RTX 5060 Ti 16GB,WD Blue SN580 1TB,Redragon RGPS 500W Bronze,DeepCool AK400,Gamemax Infinit M909,budget,9131.09
AMD Ryzen 7 7800X3D,MSI MAG X870E Tomahawk,DDR5 32GB 6000MHz RGB,RTX 5080,WD Black SN850X 2TB,Corsair RM850x Gold,NZXT Kraken 360,NZXT H5 Flow,high,20861.9
AMD Ryzen 7 7700X,MSI PRO B850M-B,DDR5 32GB 5600MHz (2x16),RX 7600,WD Blue SN580 1TB,Cooler Master MWE 650 Gold,DeepCool LE720 360mm,NZXT H5 Flow,mid,8714.71
AMD Ryzen 5 5500,Gigabyte A520M K V2,DDR4 32GB 3200MHz (2x16),RTX 3060 12GB,Kingston NV2 1TB,Corsair RM750x Gold,DeepCool AK400,NZXT H5 Flow,budget,5569.73
AMD Ryzen 7 9800X3D,MSI MAG X870E Tomahawk,DDR5 64GB 5600MHz (2x32),RX 7800 XT,Samsung 990 Pro 4TB,Corsair RM850x Gold,NZXT Kraken 360,Corsair 7000D Airflow,high,18826.43
AMD Ryzen 7 5800X3D,MSI B550M-A Pro,DDR4 32GB 3200MHz (2x16),RTX 4070,Kingston NV2 1TB,Corsair CX650 Bronze,DeepCool LE720 360mm,Corsair 3000D Airflow,mid,9256.19
AMD Ryzen 5 5600,MSI B550M-A Pro,DDR4 32GB 3200MHz (2x16),RTX 4070,Kingston NV2 1TB,Corsair RM750x Gold,DeepCool AK400,Corsair 3000D Airflow,budget,8296.59
Intel i5-14600KF,ASUS TUF B760M-Plus DDR5,DDR5 32GB 6000MHz RGB,RTX 5070,Kingston NV2 1TB,Corsair RM850x Gold,Thermalright Peerless Assassin,Corsair 3000D Airflow,mid,12168.78
AMD Ryzen 7 5700X,ASUS TUF B550M-Plus,DDR4 16GB 3200MHz (2x8),RTX 4060,WD Blue SN580 1TB,Corsair RM850x Gold,Thermalright Peerless Assassin,Corsair 3000D Airflow,mid,6201.84
AMD Ryzen 5 7600,MSI PRO B850M-B,DDR5 16GB 5600MHz (2x8),RTX 3060 12GB,Kingston NV2 1TB,Cooler Master MWE 650 Gold,DeepCool AK400,Corsair 3000D Airflow,entry,5826.92
AMD Ryzen 7 7700X,MSI MAG X870E Tomahawk,DDR5 32GB 6000MHz RGB,RTX 5090,WD Blue SN580 1TB,Corsair RM750x Gold,Thermalright Peerless Assassin,Lian Li O11 Dynamic EVO,high,28049.24
AMD Ryzen 5 7600,ASUS Prime A620M-K,DDR5 32GB 5600MHz (2x16),GTX 1650,Kingston NV2 1TB,Corsair CX650 Bronze,Thermalright Peerless Assassin,NZXT H5 Flow,budget,7368.68
AMD Ryzen 5 7600,MSI MAG B650 Tomahawk,DDR5 32GB 5600MHz (2x16),RX 7600,Crucial P3 500GB,Corsair RM750x Gold,DeepCool AK400,Gamemax Infinit M909,budget,8778.43
AMD Ryzen 7 5800X3D,ASUS TUF B550M-Plus,DDR4 32GB 3600MHz RGB,RTX 5070,Samsung 990 Pro 4TB,Corsair RM1000x Gold,DeepCool LE720 360mm,Lian Li O11 Dynamic EVO,enthusiast,13917.47
Intel i5-14400F,MSI MAG Z790 Tomahawk DDR5,DDR5 32GB 6000MHz RGB,RX 7800 XT,Kingston NV2 1TB,Corsair RM850x Gold,Thermalright Peerless Assassin,Corsair 3000D Airflow,mid,11181.34
Intel i5-14600KF,MSI PRO B760M-A DDR4,DDR4 8GB 3200MHz (1x8),RTX 4060,WD Blue SN580 1TB,Redragon RGPS 500W Bronze,Thermalright Peerless Assassin,Gamemax Infinit M909,budget,5749.83
AMD Ryzen 7 5700X,MSI B550M-A Pro,DDR4 32GB 3600MHz RGB,RTX 5070,Samsung 990 Pro 1TB,Cooler Master MWE 650 Gold,DeepCool LE720 360mm,Corsair 3000D Airflow,mid,9788.04
AMD Ryzen 5 7600,MSI MAG X870E Tomahawk,DDR5 32GB 5600MHz (2x16),RTX 5070 Ti,WD Blue SN580 1TB,Cooler Master MWE 650 Gold,DeepCool AK400,Lian Li O11 Dynamic EVO,mid,16428.91
AMD Ryzen 5 5600,Gigabyte A520M K V2,DDR4 16GB 3200MHz (2x8),GTX 1650,Kingston NV2 1TB,Cooler Master MWE 650 Gold,Cooler box (stock),Corsair 3000D Airflow,entry,3455.67
AMD Ryzen 7 5800X3D,MSI B550M-A Pro,DDR4 32GB 3200MHz (2x16),RX 9070 XT,Samsung 990 Pro 1TB,Cooler Master MWE 650 Gold,DeepCool AK400,NZXT H5 Flow,mid,9912.03
AMD Ryzen 5 5500,ASUS TUF B550M-Plus,DDR4 16GB 3200MHz (2x8),GTX 1650,WD Blue SN580 1TB,Corsair RM750x Gold,Cooler box (stock),Gamemax Infinit M909,budget,3784.54
AMD Ryzen 9 9950X,MSI MAG B650 Tomahawk,DDR5 32GB 6000MHz RGB,RTX 4070,WD Blue SN580 1TB,Corsair RM750x Gold,DeepCool LE720 360mm,Lian Li O11 Dynamic EVO,high,15550.52
AMD Ryzen 5 8400F,MSI PRO B850M-B,DDR5 32GB 5600MHz (2x16),RTX 4070,Kingston NV2 1TB,Corsair RM750x Gold,DeepCool AK400,NZXT H5 Flow,budget,10275.81
AMD Ryzen 7 7700X,MSI MAG B650 Tomahawk,DDR5 32GB 6000MHz RGB,RX 7800 XT,Samsung 990 Pro 1TB,Corsair RM1000x Gold,Thermalright Peerless Assassin,Lian Li O11 Dynamic EVO,high,13236.1
AMD Ryzen 5 7600,MSI MAG X870E Tomahawk,DDR5 32GB 6000MHz RGB,RTX 5070 Ti,Samsung 990 Pro 1TB,Corsair RM750x Gold,DeepCool LE720 360mm,Corsair 3000D Airflow,mid,16394.6
Intel i5-14400F,MSI MAG Z790 Tomahawk DDR5,DDR5 16GB 5600MHz (2x8),RTX 5070,WD Black SN850X 2TB,Corsair RM750x Gold,DeepCool LE720 360mm,Lian Li O11 Dynamic EVO,mid,11917.55
AMD Ryzen 7 9800X3D,MSI MAG X870E Tomahawk,DDR5 32GB 6000MHz RGB,RTX 5070 Ti,Samsung 990 Pro 4TB,Corsair RM1000x Gold,DeepCool LE720 360mm,Corsair 7000D Airflow,enthusiast,19570.21
Intel i5-14400F,MSI PRO H610M-G DDR4,DDR4 8GB 3200MHz (1x8),Arc B580,Kingston NV2 500GB,Redragon RGPS 500W Bronze,Cooler box (stock),Corsair 3000D Airflow,entry,4777.47
Intel i5-14600KF,ASUS TUF B760M-Plus DDR5,DDR5 64GB 5600MHz (2x32),RTX 5070,WD Black SN850X 2TB,Corsair RM750x Gold,NZXT Kraken 360,NZXT H5 Flow,high,14840.69
Intel i5-14600KF,MSI PRO H610M-G DDR4,DDR4 32GB 3200MHz (2x16),RTX 4060,Kingston NV2 500GB,Corsair CX650 Bronze,DeepCool AK400,Gamemax Infinit M909,budget,6960.18
Intel i7-14700KF,MSI MAG Z790 Tomahawk DDR5,DDR5 16GB 5600MHz (2x8),RTX 4070,Samsung 990 Pro 1TB,Corsair CX650 Bronze,Thermalright Peerless Assassin,Lian Li O11 Dynamic EVO,mid,11629.14
Intel i5-14400F,ASUS TUF B760M-Plus DDR5,DDR5 32GB 5600MHz (2x16),RX 7800 XT,WD Blue SN580 1TB,Cooler Master MWE 650 Gold,DeepCool LE720 360mm,Lian Li O11 Dynamic EVO,mid,10874.82
AMD Ryzen 5 8400F,ASUS Prime A620M-K,DDR5 32GB 5600MHz (2x16),RX 6600,Crucial P3 500GB,Corsair CX650 Bronze,Cooler box (stock),Corsair 3000D Airflow,budget,7051.59
AMD Ryzen 5 7600,ASUS Prime A620M-K,DDR5 32GB 5600MHz (2x16),RTX 3060 12GB,Crucial P3 500GB,Cooler Master MWE 650 Gold,DeepCool AK400,Corsair 3000D Airflow,budget,7639.07
Intel i9-14900K,MSI MAG Z790 Tomahawk DDR5,DDR5 64GB 5600MHz (2x32),RTX 5070,Samsung 990 Pro 4TB,Corsair RM1000x Gold,NZXT Kraken 360,Corsair 7000D Airflow,enthusiast,20458.87
AMD Ryzen 5 7600,MSI MAG X870E Tomahawk,DDR5 32GB 6000MHz RGB,RX 9070 XT,Crucial P3 500GB,Corsair RM850x Gold,DeepCool AK400,Lian Li O11 Dynamic EVO,mid,14345.77
AMD Ryzen 7 5800X3D,ASUS TUF B550M-Plus,DDR4 32GB 3200MHz (2x16),RX 7800 XT,WD Black SN850X 2TB,Corsair RM850x Gold,DeepCool LE720 360mm,Lian Li O11 Dynamic EVO,high,11587.86
AMD Ryzen 5 5600,Gigabyte A520M K V2,DDR4 16GB 3200MHz (2x8),RX 7600,Crucial P3 500GB,Corsair CX650 Bronze,DeepCool AK400,Corsair 3000D Airflow,entry,4561.36
Intel i7-14700KF,MSI MAG Z790 Tomahawk DDR5,DDR5 32GB 6000MHz RGB,RTX 5090,WD Black SN850X 2TB,Corsair RM1000x Gold,NZXT Kraken 360,Corsair 7000D Airflow,enthusiast,31116.61
AMD Ryzen 5 5500,Gigabyte A520M K V2,DDR4 8GB 3200MHz (1x8),GTX 1650,Kingston NV2 500GB,Corsair CX650 Bronze,DeepCool AK400,Corsair 3000D Airflow,entry,2954.44
Intel i5-12400F,MSI PRO B760M-A DDR4,DDR4 16GB 3200MHz (2x8),RX 7800 XT,Crucial P3 500GB,Corsair RM750x Gold,DeepCool AK400,NZXT H5 Flow,budget,6394.2
Intel i7-14700KF,ASUS TUF B760M-Plus DDR5,DDR5 32GB 5600MHz (2x16),Arc B580,Kingston NV2 1TB,Corsair RM850x Gold,DeepCool AK400,NZXT H5 Flow,mid,10657.22
Intel i5-14600KF,ASUS TUF B760M-Plus DDR5,DDR5 32GB 6000MHz RGB,RX 7800 XT,WD Black SN850X 2TB,Corsair RM750x Gold,NZXT Kraken 360,NZXT H5 Flow,high,13382.73
Intel i5-14400F,MSI PRO B760M-A DDR4,DDR4 32GB 3200MHz (2x16),RX 7800 XT,WD Blue SN580 1TB,Cooler Master MWE 650 Gold,Thermalright Peerless Assassin,Corsair 3000D Airflow,budget,8566.87
Intel i5-14400F,ASUS TUF B760M-Plus DDR5,DDR5 32GB 6000MHz RGB,RTX 5070 Ti,Samsung 990 Pro 1TB,Corsair RM850x Gold,DeepCool LE720 360mm,Lian Li O11 Dynamic EVO,mid,14914.62
Intel i5-12400F,ASUS TUF B760M-Plus DDR5,DDR5 16GB 5600MHz (2x8),Arc B580,Kingston NV2 1TB,Cooler Master MWE 650 Gold,Thermalright Peerless Assassin,Gamemax Infinit M909,budget,6883.75
Intel i5-14600KF,ASUS TUF B760M-Plus DDR5,DDR5 16GB 5600MHz (2x8),RX 7800 XT,Samsung 990 Pro 1TB,Corsair RM850x Gold,DeepCool LE720 360mm,NZXT H5 Flow,mid,10367.18
AMD Ryzen 9 9950X,MSI MAG X870E Tomahawk,DDR5 32GB 6000MHz RGB,RX 9070 XT,Samsung 990 Pro 4TB,Corsair RM1000x Gold,DeepCool LE720 360mm,Corsair 7000D Airflow,enthusiast,19389.3
AMD Ryzen 5 7600,ASUS Prime A620M-K,DDR5 16GB 5600MHz (2x8),RX 6600,Crucial P3 500GB,Cooler Master MWE 650 Gold,DeepCool AK400,Gamemax Infinit M909,budget,5083.57
AMD Ryzen 7 7800X3D,MSI MAG B650 Tomahawk,DDR5 32GB 6000MHz RGB,RX 9070 XT,WD Black SN850X 2TB,Cooler Master MWE 650 Gold,Thermalright Peerless Assassin,Corsair 3000D Airflow,mid,14773.51
Intel i7-14700KF,MSI MAG Z790 Tomahawk DDR5,DDR5 32GB 6000MHz RGB,RTX 5080,WD Blue SN580 1TB,Corsair RM750x Gold,Thermalright Peerless Assassin,Corsair 7000D Airflow,high,18060.08
AMD Ryzen 7 7700X,MSI PRO B850M-B,DDR5 16GB 5600MHz (2x8),RTX 5070,Samsung 990 Pro 1TB,Corsair CX650 Bronze,Thermalright Peerless Assassin,Corsair 3000D Airflow,mid,8918.21
Intel i9-14900K,ASUS TUF B760M-Plus DDR5,DDR5 64GB 5600MHz (2x32),RX 9070 XT,WD Blue SN580 1TB,Corsair RM750x Gold,NZXT Kraken 360,Corsair 7000D Airflow,high,17420.73
AMD Ryzen 7 5800X3D,Gigabyte A520M K V2,DDR4 32GB 3600MHz RGB,RTX 5070,Samsung 990 Pro 1TB,Corsair RM1000x Gold,DeepCool LE720 360mm,Lian Li O11 Dynamic EVO,enthusiast,12107.14
AMD Ryzen 5 5500,MSI B550M-A Pro,DDR4 32GB 3200MHz (2x16),RX 7800 XT,Kingston NV2 1TB,Redragon RGPS 500W Bronze,Cooler box (stock),Corsair 3000D Airflow,budget,6506.34
AMD Ryzen 5 7600,MSI PRO B850M-B,DDR5 16GB 5600MHz (2x8),RTX 3060 12GB,Kingston NV2 500GB,Cooler Master MWE 650 Gold,Cooler box (stock),Corsair 3000D Airflow,budget,5831.59
Intel i9-14900K,MSI MAG Z790 Tomahawk DDR5,DDR5 64GB 5600MHz (2x32),RX 9070 XT,WD Black SN850X 2TB,Corsair RM1000x Gold,NZXT Kraken 360,Lian Li O11 Dynamic EVO,enthusiast,18425.73
AMD Ryzen 9 9950X,MSI MAG B650 Tomahawk,DDR5 64GB 5600MHz (2x32),RTX 5070,Samsung 990 Pro 1TB,Corsair RM1000x Gold,DeepCool LE720 360mm,Lian Li O11 Dynamic EVO,high,18676.83
Intel i7-14700KF,MSI PRO B760M-A DDR4,DDR4 16GB 3200MHz (2x8),RTX 5070 Ti,WD Blue SN580 1TB,Corsair CX650 Bronze,Thermalright Peerless Assassin,Corsair 3000D Airflow,mid,11185.52
AMD Ryzen 7 5800X3D,ASUS TUF B550M-Plus,DDR4 32GB 3600MHz RGB,RTX 5070,WD Black SN850X 2TB,Corsair RM1000x Gold,NZXT Kraken 360,Lian Li O11 Dynamic EVO,enthusiast,14066.51
AMD Ryzen 5 5500,MSI B550M-A Pro,DDR4 8GB 3200MHz (1x8),RTX 3060 12GB,Kingston NV2 500GB,Redragon RGPS 500W Bronze,DeepCool AK400,Gamemax Infinit M909,entry,3718.78
Intel i5-14600KF,ASUS TUF B760M-Plus DDR5,DDR5 16GB 5600MHz (2x8),RX 7600,Crucial P3 500GB,Cooler Master MWE 650 Gold,Cooler box (stock),NZXT H5 Flow,budget,6877.76
AMD Ryzen 7 5700X,ASUS TUF B550M-Plus,DDR4 32GB 3600MHz RGB,Arc B580,WD Blue SN580 1TB,Corsair RM750x Gold,Thermalright Peerless Assassin,Lian Li O11 Dynamic EVO,mid,7978.26
AMD Ryzen 7 7800X3D,MSI MAG B650 Tomahawk,DDR5 32GB 6000MHz RGB,RX 7600,Crucial P3 500GB,Cooler Master MWE 650 Gold,DeepCool AK400,Lian Li O11 Dynamic EVO,mid,10324.13
Intel i5-14600KF,MSI MAG Z790 Tomahawk DDR5,DDR5 32GB 6000MHz RGB,RTX 5070 Ti,WD Blue SN580 1TB,Cooler Master MWE 650 Gold,DeepCool AK400,Lian Li O11 Dynamic EVO,mid,16622.3
Intel i5-12400F,MSI PRO B760M-A DDR4,DDR4 8GB 3200MHz (1x8),GTX 1650,Kingston NV2 1TB,Corsair CX650 Bronze,DeepCool AK400,Corsair 3000D Airflow,entry,3874.18
AMD Ryzen 7 9800X3D,MSI MAG B650 Tomahawk,DDR5 32GB 6000MHz RGB,RX 9070 XT,WD Blue SN580 1TB,Corsair RM750x Gold,Thermalright Peerless Assassin,NZXT H5 Flow,high,15054.03
AMD Ryzen 7 7700X,MSI PRO B850M-B,DDR5 32GB 5600MHz (2x16),RTX 5070,WD Black SN850X 2TB,Corsair RM850x Gold,Thermalright Peerless Assassin,NZXT H5 Flow,mid,11604.4
AMD Ryzen 9 9950X,MSI MAG B650 Tomahawk,DDR5 64GB 5600MHz (2x32),RTX 5070,Samsung 990 Pro 4TB,Corsair RM750x Gold,Thermalright Peerless Assassin,NZXT H5 Flow,high,17672.64
AMD Ryzen 7 9800X3D,MSI MAG X870E Tomahawk,DDR5 32GB 6000MHz RGB,RTX 5070,Samsung 990 Pro 4TB,Corsair RM1000x Gold,NZXT Kraken 360,Corsair 7000D Airflow,enthusiast,17140.0
Intel i5-14600KF,MSI PRO B760M-A DDR4,DDR4 16GB 3200MHz (2x8),RTX 5060 Ti 16GB,WD Black SN850X 2TB,Corsair RM850x Gold,Thermalright Peerless Assassin,NZXT H5 Flow,mid,9698.06
AMD Ryzen 7 7700X,MSI PRO B850M-B,DDR5 16GB 5600MHz (2x8),RTX 4070,Crucial P3 500GB,Corsair RM750x Gold,Cooler box (stock),Gamemax Infinit M909,budget,8619.48
AMD Ryzen 7 7800X3D,MSI MAG X870E Tomahawk,DDR5 64GB 5600MHz (2x32),RTX 5070,WD Black SN850X 2TB,Corsair RM1000x Gold,DeepCool LE720 360mm,Lian Li O11 Dynamic EVO,enthusiast,18501.19
AMD Ryzen 7 5700X,ASUS TUF B550M-Plus,DDR4 16GB 3200MHz (2x8),RTX 4070,Kingston NV2 1TB,Cooler Master MWE 650 Gold,Thermalright Peerless Assassin,NZXT H5 Flow,mid,7621.78
AMD Ryzen 7 7700X,MSI MAG B650 Tomahawk,DDR5 16GB 5600MHz (2x8),RX 7600,WD Black SN850X 2TB,Cooler Master MWE 650 Gold,Thermalright Peerless Assassin,Lian Li O11 Dynamic EVO,mid,8287.81
AMD Ryzen 7 5800X3D,MSI B550M-A Pro,DDR4 32GB 3200MHz (2x16),RX 7600,Samsung 990 Pro 1TB,Corsair RM850x Gold,Thermalright Peerless Assassin,Corsair 3000D Airflow,mid,7661.81
Intel i3-12100F,MSI PRO H610M-G DDR4,DDR4 8GB 3200MHz (1x8),RTX 5060 Ti 16GB,Crucial P3 500GB,Redragon RGPS 500W Bronze,DeepCool AK400,NZXT H5 Flow,budget,5882.09
Intel i5-14400F,MSI MAG Z790 Tomahawk DDR5,DDR5 16GB 5600MHz (2x8),RX 7600,Kingston NV2 1TB,Cooler Master MWE 650 Gold,DeepCool LE720 360mm,Lian Li O11 Dynamic EVO,mid,7742.22
AMD Ryzen 7 5700X,ASUS TUF B550M-Plus,DDR4 32GB 3600MHz RGB,Arc B580,Crucial P3 500GB,Corsair RM750x Gold,DeepCool LE720 360mm,NZXT H5 Flow,mid,8500.7
Intel i5-14600KF,MSI PRO H610M-G DDR4,DDR4 16GB 3200MHz (2x8),RTX 5060 Ti 16GB,Kingston NV2 500GB,Cooler Master MWE 650 Gold,Thermalright Peerless Assassin,Gamemax Infinit M909,budget,6877.51
AMD Ryzen 7 7700X,ASUS Prime A620M-K,DDR5 32GB 5600MHz (2x16),RX 6600,WD Blue SN580 1TB,Redragon RGPS 500W Bronze,DeepCool AK400,NZXT H5 Flow,budget,8050.51
AMD Ryzen 7 9800X3D,MSI MAG X870E Tomahawk,DDR5 64GB 5600MHz (2x32),RTX 5070,Samsung 990 Pro 1TB,Corsair RM850x Gold,DeepCool LE720 360mm,Corsair 7000D Airflow,high,17651.46
Intel i5-14600KF,ASUS TUF B760M-Plus DDR5,DDR5 16GB 5600MHz (2x8),RX 7600,WD Blue SN580 1TB,Corsair RM750x Gold,DeepCool LE720 360mm,Lian Li O11 Dynamic EVO,mid,8063.68
AMD Ryzen 5 5600,Gigabyte A520M K V2,DDR4 16GB 3200MHz (2x8),GTX 1650,Kingston NV2 1TB,Corsair CX650 Bronze,DeepCool AK400,Corsair 3000D Airflow,entry,3423.37
Intel i5-14600KF,ASUS TUF B760M-Plus DDR5,DDR5 64GB 5600MHz (2x32),RX 9070 XT,WD Blue SN580 1TB,Corsair RM750x Gold,NZXT Kraken 360,NZXT H5 Flow,high,16277.96
AMD Ryzen 5 5500,ASUS TUF B550M-Plus,DDR4 32GB 3200MHz (2x16),RTX 3060 12GB,Kingston NV2 500GB,Corsair CX650 Bronze,Cooler box (stock),Gamemax Infinit M909,budget,5457.79
AMD Ryzen 5 7600,ASUS Prime A620M-K,DDR5 32GB 5600MHz (2x16),RX 6600,Kingston NV2 1TB,Corsair RM750x Gold,Thermalright Peerless Assassin,Gamemax Infinit M909,budget,7454.97
AMD Ryzen 7 7800X3D,MSI MAG X870E Tomahawk,DDR5 64GB 5600MHz (2x32),RX 9070 XT,WD Black SN850X 2TB,Corsair RM850x Gold,DeepCool LE720 360mm,Corsair 7000D Airflow,enthusiast,18447.0
AMD Ryzen 7 5800X3D,MSI B550M-A Pro,DDR4 16GB 3200MHz (2x8),RX 9070 XT,Samsung 990 Pro 1TB,Corsair RM850x Gold,DeepCool AK400,NZXT H5 Flow,mid,10514.96
AMD Ryzen 7 5800X3D,MSI B550M-A Pro,DDR4 32GB 3200MHz (2x16),RX 7600,Crucial P3 500GB,Corsair CX650 Bronze,DeepCool AK400,Corsair 3000D Airflow,mid,7306.76
AMD Ryzen 7 7700X,ASUS Prime A620M-K,DDR5 32GB 5600MHz (2x16),RX 7600,Crucial P3 500GB,Redragon RGPS 500W Bronze,Cooler box (stock),Gamemax Infinit M909,budget,7273.46
AMD Ryzen 7 7700X,MSI PRO B850M-B,DDR5 32GB 5600MHz (2x16),RX 7800 XT,Kingston NV2 1TB,Corsair RM750x Gold,Cooler box (stock),NZXT H5 Flow,budget,10490.89
AMD Ryzen 7 7800X3D,MSI MAG X870E Tomahawk,DDR5 64GB 5600MHz (2x32),RTX 5070,WD Black SN850X 2TB,Corsair RM850x Gold,DeepCool LE720 360mm,Lian Li O11 Dynamic EVO,enthusiast,17484.19
AMD Ryzen 5 8400F,MSI MAG B650 Tomahawk,DDR5 32GB 5600MHz (2x16),Arc B580,Kingston NV2 500GB,Redragon RGPS 500W Bronze,Thermalright Peerless Assassin,NZXT H5 Flow,budget,8351.56
Intel i5-12400F,MSI PRO B760M-A DDR4,DDR4 8GB 3200MHz (1x8),RTX 3060 12GB,Crucial P3 500GB,Redragon RGPS 500W Bronze,DeepCool AK400,Corsair 3000D Airflow,entry,4421.23
Intel i5-14400F,MSI PRO B760M-A DDR4,DDR4 32GB 3600MHz RGB,RTX 3060 12GB,Samsung 990 Pro 1TB,Corsair RM750x Gold,DeepCool AK400,NZXT H5 Flow,mid,6659.22
AMD Ryzen 7 5800X3D,MSI B550M-A Pro,DDR4 32GB 3600MHz RGB,RTX 4070,Samsung 990 Pro 1TB,Corsair CX650 Bronze,Thermalright Peerless Assassin,Lian Li O11 Dynamic EVO,mid,10234.54
Intel i5-14400F,MSI PRO H610M-G DDR4,DDR4 16GB 3200MHz (2x8),Arc B580,Kingston NV2 1TB,Corsair CX650 Bronze,DeepCool AK400,Corsair 3000D Airflow,entry,5840.28
AMD Ryzen 7 7700X,MSI MAG B650 Tomahawk,DDR5 64GB 5600MHz (2x32),RX 9070 XT,WD Blue SN580 1TB,Corsair RM750x Gold,DeepCool LE720 360mm,Corsair 7000D Airflow,high,17482.82
Intel i5-14600KF,MSI PRO B760M-A DDR4,DDR4 32GB 3200MHz (2x16),RTX 5060 Ti 16GB,Samsung 990 Pro 1TB,Cooler Master MWE 650 Gold,Thermalright Peerless Assassin,NZXT H5 Flow,mid,8517.84
AMD Ryzen 5 7600,MSI MAG B650 Tomahawk,DDR5 32GB 5600MHz (2x16),RTX 4070,Kingston NV2 500GB,Redragon RGPS 500W Bronze,Cooler box (stock),Corsair 3000D Airflow,budget,10223.13
Intel i5-14400F,MSI PRO B760M-A DDR4,DDR4 8GB 3200MHz (1x8),Arc B580,Kingston NV2 1TB,Cooler Master MWE 650 Gold,Cooler box (stock),Corsair 3000D Airflow,entry,5207.44
AMD Ryzen 5 7600,MSI PRO B850M-B,DDR5 32GB 5600MHz (2x16),RTX 5060 Ti 16GB,Kingston NV2 500GB,Redragon RGPS 500W Bronze,DeepCool AK400,NZXT H5 Flow,budget,9054.65
AMD Ryzen 5 5600,ASUS TUF B550M-Plus,DDR4 32GB 3200MHz (2x16),Arc B580,Kingston NV2 500GB,Corsair RM750x Gold,Cooler box (stock),Gamemax Infinit M909,budget,6163.86
AMD Ryzen 7 5800X3D,MSI B550M-A Pro,DDR4 32GB 3600MHz RGB,RTX 4070,Samsung 990 Pro 1TB,Cooler Master MWE 650 Gold,Thermalright Peerless Assassin,Lian Li O11 Dynamic EVO,mid,10053.1
AMD Ryzen 9 9950X,MSI MAG X870E Tomahawk,DDR5 64GB 5600MHz (2x32),RTX 5090,WD Black SN850X 2TB,Corsair RM850x Gold,NZXT Kraken 360,Corsair 7000D Airflow,enthusiast,32759.34
AMD Ryzen 7 5800X3D,ASUS TUF B550M-Plus,DDR4 16GB 3200MHz (2x8),RTX 5070 Ti,Samsung 990 Pro 1TB,Cooler Master MWE 650 Gold,Thermalright Peerless Assassin,Lian Li O11 Dynamic EVO,mid,13035.28
Intel i5-14400F,MSI PRO B760M-A DDR4,DDR4 8GB 3200MHz (1x8),RTX 4060,Crucial P3 500GB,Corsair RM750x Gold,DeepCool AK400,NZXT H5 Flow,budget,5245.49
AMD Ryzen 5 7600,ASUS Prime A620M-K,DDR5 32GB 5600MHz (2x16),RX 6600,Kingston NV2 1TB,Corsair CX650 Bronze,Thermalright Peerless Assassin,NZXT H5 Flow,budget,7428.55
AMD Ryzen 7 7700X,MSI MAG B650 Tomahawk,DDR5 64GB 5600MHz (2x32),RTX 4070,WD Blue SN580 1TB,Corsair RM1000x Gold,NZXT Kraken 360,Lian Li O11 Dynamic EVO,high,15676.86
Intel i9-14900K,MSI MAG Z790 Tomahawk DDR5,DDR5 32GB 6000MHz RGB,RX 9070 XT,Samsung 990 Pro 1TB,Corsair RM850x Gold,DeepCool LE720 360mm,Corsair 7000D Airflow,enthusiast,16088.5
Intel i5-14600KF,MSI MAG Z790 Tomahawk DDR5,DDR5 32GB 6000MHz RGB,RX 7800 XT,Samsung 990 Pro 1TB,Corsair RM850x Gold,NZXT Kraken 360,Lian Li O11 Dynamic EVO,high,13344.72
AMD Ryzen 5 8400F,MSI PRO B850M-B,DDR5 16GB 5600MHz (2x8),RTX 3060 12GB,Kingston NV2 1TB,Corsair CX650 Bronze,DeepCool AK400,Gamemax Infinit M909,entry,5501.23
AMD Ryzen 7 7700X,ASUS Prime A620M-K,DDR5 32GB 5600MHz (2x16),RTX 4060,Kingston NV2 1TB,Corsair CX650 Bronze,Cooler box (stock),Corsair 3000D Airflow,budget,8985.8
AMD Ryzen 5 5600,Gigabyte A520M K V2,DDR4 8GB 3200MHz (1x8),Arc B580,Kingston NV2 500GB,Redragon RGPS 500W Bronze,Thermalright Peerless Assassin,Corsair 3000D Airflow,budget,4678.42
Intel i5-14600KF,ASUS TUF B760M-Plus DDR5,DDR5 32GB 6000MHz RGB,RTX 5070 Ti,WD Blue SN580 1TB,Corsair CX650 Bronze,Thermalright Peerless Assassin,Lian Li O11 Dynamic EVO,mid,15782.14
Intel i7-14700KF,MSI PRO B760M-A DDR4,DDR4 32GB 3200MHz (2x16),RX 7600,Samsung 990 Pro 1TB,Corsair RM850x Gold,DeepCool LE720 360mm,Corsair 3000D Airflow,mid,9040.59
AMD Ryzen 7 5800X3D,MSI B550M-A Pro,DDR4 32GB 3600MHz RGB,RTX 4070,Kingston NV2 1TB,Corsair CX650 Bronze,Thermalright Peerless Assassin,NZXT H5 Flow,mid,10820.36
Intel i5-14600KF,ASUS TUF B760M-Plus DDR5,DDR5 16GB 5600MHz (2x8),RTX 4070,Kingston NV2 500GB,Redragon RGPS 500W Bronze,Cooler box (stock),Corsair 3000D Airflow,budget,7873.65
AMD Ryzen 7 7800X3D,MSI MAG X870E Tomahawk,DDR5 16GB 5600MHz (2x8),RX 9070 XT,Kingston NV2 1TB,Corsair RM850x Gold,DeepCool LE720 360mm,Corsair 3000D Airflow,mid,12720.55
AMD Ryzen 7 5700X,ASUS TUF B550M-Plus,DDR4 32GB 3200MHz (2x16),RX 6600,Kingston NV2 1TB,Redragon RGPS 500W Bronze,DeepCool AK400,Gamemax Infinit M909,budget,5180.25
AMD Ryzen 5 5600,Gigabyte A520M K V2,DDR4 16GB 3200MHz (2x8),RTX 5060 Ti 16GB,Crucial P3 500GB,Corsair RM750x Gold,DeepCool AK400,Gamemax Infinit M909,budget,6761.14
AMD Ryzen 7 5700X,ASUS TUF B550M-Plus,DDR4 32GB 3600MHz RGB,RTX 4060,Kingston NV2 1TB,Corsair RM750x Gold,Thermalright Peerless Assassin,NZXT H5 Flow,mid,7636.33
Intel i5-14400F,MSI MAG Z790 Tomahawk DDR5,DDR5 32GB 5600MHz (2x16),RTX 5070,WD Blue SN580 1TB,Cooler Master MWE 650 Gold,Thermalright Peerless Assassin,NZXT H5 Flow,mid,12063.52
AMD Ryzen 5 8400F,ASUS Prime A620M-K,DDR5 16GB 5600MHz (2x8),RX 6600,Crucial P3 500GB,Redragon RGPS 500W Bronze,Cooler box (stock),Corsair 3000D Airflow,entry,4277.63
AMD Ryzen 5 7600,MSI MAG B650 Tomahawk,DDR5 32GB 6000MHz RGB,RTX 3060 12GB,Samsung 990 Pro 1TB,Cooler Master MWE 650 Gold,Thermalright Peerless Assassin,Corsair 3000D Airflow,mid,9786.73
AMD Ryzen 7 9800X3D,MSI MAG X870E Tomahawk,DDR5 32GB 6000MHz RGB,RTX 5090,WD Blue SN580 1TB,Corsair RM1000x Gold,DeepCool LE720 360mm,Lian Li O11 Dynamic EVO,high,30427.08
AMD Ryzen 9 9950X,MSI MAG X870E Tomahawk,DDR5 64GB 5600MHz (2x32),RTX 5090,Samsung 990 Pro 4TB,Corsair RM750x Gold,DeepCool LE720 360mm,Corsair 7000D Airflow,high,36845.66
Intel i5-14400F,MSI PRO B760M-A DDR4,DDR4 16GB 3200MHz (2x8),RX 7600,Kingston NV2 500GB,Cooler Master MWE 650 Gold,Cooler box (stock),Gamemax Infinit M909,entry,4739.17
AMD Ryzen 7 5700X,MSI B550M-A Pro,DDR4 8GB 3200MHz (1x8),Arc B580,Kingston NV2 500GB,Cooler Master MWE 650 Gold,DeepCool AK400,Gamemax Infinit M909,entry,5602.28
Intel i7-14700KF,MSI PRO B760M-A DDR4,DDR4 16GB 3200MHz (2x8),RTX 3060 12GB,WD Black SN850X 2TB,Corsair CX650 Bronze,DeepCool AK400,Corsair 3000D Airflow,mid,6982.02
Intel i7-14700KF,MSI MAG Z790 Tomahawk DDR5,DDR5 16GB 5600MHz (2x8),RTX 5070,Crucial P3 500GB,Corsair RM850x Gold,Thermalright Peerless Assassin,Lian Li O11 Dynamic EVO,mid,12249.7
AMD Ryzen 7 7700X,MSI MAG B650 Tomahawk,DDR5 32GB 5600MHz (2x16),RTX 5070,Kingston NV2 1TB,Corsair CX650 Bronze,Thermalright Peerless Assassin,Lian Li O11 Dynamic EVO,mid,12364.81
AMD Ryzen 7 5800X3D,ASUS TUF B550M-Plus,DDR4 32GB 3600MHz RGB,RX 9070 XT,WD Blue SN580 1TB,Cooler Master MWE 650 Gold,DeepCool AK400,NZXT H5 Flow,mid,11707.16
Intel i7-14700KF,MSI MAG Z790 Tomahawk DDR5,DDR5 32GB 6000MHz RGB,RTX 5090,Samsung 990 Pro 4TB,Corsair RM750x Gold,Thermalright Peerless Assassin,Corsair 7000D Airflow,high,30793.48
AMD Ryzen 5 7600,ASUS Prime A620M-K,DDR5 32GB 5600MHz (2x16),RX 7800 XT,Crucial P3 500GB,Corsair RM750x Gold,Cooler box (stock),NZXT H5 Flow,budget,10010.85
AMD Ryzen 7 5800X3D,ASUS TUF B550M-Plus,DDR4 32GB 3200MHz (2x16),RTX 4070,Samsung 990 Pro 1TB,Corsair RM750x Gold,Thermalright Peerless Assassin,NZXT H5 Flow,high,9636.19
AMD Ryzen 9 9950X,MSI MAG B650 Tomahawk,DDR5 64GB 5600MHz (2x32),RTX 5060 Ti 16GB,Samsung 990 Pro 4TB,Corsair RM750x Gold,DeepCool LE720 360mm,Lian Li O11 Dynamic EVO,high,19453.96
AMD Ryzen 7 7700X,MSI MAG X870E Tomahawk,DDR5 64GB 5600MHz (2x32),RTX 5090,Samsung 990 Pro 1TB,Corsair RM850x Gold,DeepCool LE720 360mm,Corsair 7000D Airflow,high,32061.92
Intel i5-12400F,MSI PRO B760M-A DDR4,DDR4 16GB 3200MHz (2x8),RX 7600,Kingston NV2 1TB,Corsair CX650 Bronze,DeepCool AK400,Gamemax Infinit M909,entry,4811.39
Intel i9-14900K,MSI MAG Z790 Tomahawk DDR5,DDR5 32GB 6000MHz RGB,RTX 5070 Ti,Samsung 990 Pro 1TB,Corsair RM1000x Gold,DeepCool LE720 360mm,Corsair 7000D Airflow,enthusiast,19700.17
AMD Ryzen 7 7700X,MSI PRO B850M-B,DDR5 32GB 6000MHz RGB,RTX 3060 12GB,WD Blue SN580 1TB,Cooler Master MWE 650 Gold,Thermalright Peerless Assassin,Lian Li O11 Dynamic EVO,mid,9119.2
AMD Ryzen 7 7700X,MSI MAG B650 Tomahawk,DDR5 32GB 5600MHz (2x16),RTX 5060 Ti 16GB,WD Blue SN580 1TB,Corsair RM850x Gold,NZXT Kraken 360,NZXT H5 Flow,high,11540.31
AMD Ryzen 9 9950X,MSI MAG X870E Tomahawk,DDR5 32GB 6000MHz RGB,RTX 4070,Samsung 990 Pro 4TB,Corsair RM750x Gold,NZXT Kraken 360,Corsair 7000D Airflow,high,17466.99
AMD Ryzen 5 5500,Gigabyte A520M K V2,DDR4 32GB 3200MHz (2x16),Arc B580,Kingston NV2 1TB,Corsair CX650 Bronze,Thermalright Peerless Assassin,NZXT H5 Flow,budget,5934.44
AMD Ryzen 5 7600,ASUS Prime A620M-K,DDR5 16GB 5600MHz (2x8),RX 6600,Kingston NV2 1TB,Corsair CX650 Bronze,DeepCool AK400,Corsair 3000D Airflow,entry,5800.39
AMD Ryzen 7 5700X,MSI B550M-A Pro,DDR4 8GB 3200MHz (1x8),RX 6600,Kingston NV2 500GB,Cooler Master MWE 650 Gold,DeepCool AK400,Gamemax Infinit M909,budget,4293.5
Intel i5-14400F,MSI PRO H610M-G DDR4,DDR4 16GB 3200MHz (2x8),RTX 4060,Kingston NV2 500GB,Corsair CX650 Bronze,Cooler box (stock),Corsair 3000D Airflow,budget,5042.93
AMD Ryzen 7 7800X3D,MSI MAG X870E Tomahawk,DDR5 32GB 6000MHz RGB,RTX 5070,WD Black SN850X 2TB,Corsair RM850x Gold,NZXT Kraken 360,Lian Li O11 Dynamic EVO,enthusiast,15476.35
Intel i5-14400F,MSI PRO B760M-A DDR4,DDR4 16GB 3200MHz (2x8),RTX 5060 Ti 16GB,WD Blue SN580 1TB,Cooler Master MWE 650 Gold,Thermalright Peerless Assassin,NZXT H5 Flow,mid,7901.65
Intel i5-12400F,MSI PRO B760M-A DDR4,DDR4 8GB 3200MHz (1x8),RX 7800 XT,Crucial P3 500GB,Corsair CX650 Bronze,DeepCool AK400,Gamemax Infinit M909,budget,6194.86
AMD Ryzen 7 7700X,MSI MAG B650 Tomahawk,DDR5 32GB 6000MHz RGB,RTX 5070 Ti,WD Blue SN580 1TB,Corsair RM850x Gold,DeepCool AK400,Corsair 3000D Airflow,mid,15487.03
AMD Ryzen 5 8400F,MSI PRO B850M-B,DDR5 16GB 5600MHz (2x8),Arc B580,Crucial P3 500GB,Corsair RM750x Gold,Thermalright Peerless Assassin,Gamemax Infinit M909,budget,6056.45
Intel i5-14600KF,MSI PRO H610M-G DDR4,DDR4 16GB 3200MHz (2x8),RTX 5060 Ti 16GB,Crucial P3 500GB,Corsair CX650 Bronze,Thermalright Peerless Assassin,NZXT H5 Flow,budget,7749.09
AMD Ryzen 7 9800X3D,MSI MAG X870E Tomahawk,DDR5 64GB 5600MHz (2x32),RTX 5080,Samsung 990 Pro 1TB,Corsair RM850x Gold,NZXT Kraken 360,Corsair 7000D Airflow,enthusiast,23560.21
AMD Ryzen 7 5800X3D,ASUS TUF B550M-Plus,DDR4 32GB 3200MHz (2x16),Arc B580,Crucial P3 500GB,Cooler Master MWE 650 Gold,DeepCool LE720 360mm,Corsair 3000D Airflow,mid,7692.88
AMD Ryzen 5 7600,MSI MAG X870E Tomahawk,DDR5 32GB 5600MHz (2x16),RTX 4070,Crucial P3 500GB,Cooler Master MWE 650 Gold,Thermalright Peerless Assassin,Corsair 3000D Airflow,mid,11514.95
Intel i5-14600KF,MSI MAG Z790 Tomahawk DDR5,DDR5 16GB 5600MHz (2x8),RTX 4070,WD Black SN850X 2TB,Corsair RM850x Gold,DeepCool AK400,Lian Li O11 Dynamic EVO,mid,10842.23
Intel i5-14600KF,MSI MAG Z790 Tomahawk DDR5,DDR5 32GB 6000MHz RGB,RTX 5070 Ti,WD Black SN850X 2TB,Cooler Master MWE 650 Gold,Thermalright Peerless Assassin,NZXT H5 Flow,mid,15547.33
Intel i9-14900K,MSI MAG Z790 Tomahawk DDR5,DDR5 32GB 5600MHz (2x16),RTX 5090,Samsung 990 Pro 4TB,Corsair RM750x Gold,Thermalright Peerless Assassin,NZXT H5 Flow,high,30107.94
AMD Ryzen 7 7700X,MSI MAG X870E Tomahawk,DDR5 16GB 5600MHz (2x8),RTX 4060,Kingston NV2 1TB,Corsair RM850x Gold,Thermalright Peerless Assassin,Lian Li O11 Dynamic EVO,mid,9408.09
Intel i5-12400F,ASUS TUF B760M-Plus DDR5,DDR5 32GB 5600MHz (2x16),RX 6600,WD Blue SN580 1TB,Corsair RM750x Gold,Cooler box (stock),Corsair 3000D Airflow,budget,7522.06
AMD Ryzen 7 7700X,MSI MAG B650 Tomahawk,DDR5 32GB 5600MHz (2x16),RX 7800 XT,WD Blue SN580 1TB,Corsair RM750x Gold,DeepCool AK400,NZXT H5 Flow,budget,11046.52
Intel i7-14700KF,MSI MAG Z790 Tomahawk DDR5,DDR5 64GB 5600MHz (2x32),RTX 5070 Ti,WD Black SN850X 2TB,Corsair RM1000x Gold,DeepCool LE720 360mm,Corsair 7000D Airflow,enthusiast,21535.42
AMD Ryzen 7 5700X,MSI B550M-A Pro,DDR4 32GB 3200MHz (2x16),RTX 5060 Ti 16GB,WD Blue SN580 1TB,Corsair RM750x Gold,DeepCool AK400,Gamemax Infinit M909,budget,8533.49
AMD Ryzen 5 5500,MSI B550M-A Pro,DDR4 16GB 3200MHz (2x8),Arc B580,Crucial P3 500GB,Redragon RGPS 500W Bronze,Cooler box (stock),Corsair 3000D Airflow,entry,4560.94
AMD Ryzen 7 7700X,MSI PRO B850M-B,DDR5 16GB 5600MHz (2x8),Arc B580,Crucial P3 500GB,Cooler Master MWE 650 Gold,Thermalright Peerless Assassin,Corsair 3000D Airflow,budget,6900.93
AMD Ryzen 5 5600,ASUS TUF B550M-Plus,DDR4 16GB 3200MHz (2x8),RX 6600,Kingston NV2 500GB,Cooler Master MWE 650 Gold,Thermalright Peerless Assassin,Corsair 3000D Airflow,budget,4413.7
AMD Ryzen 5 5600,Gigabyte A520M K V2,DDR4 16GB 3200MHz (2x8),RX 6600,Kingston NV2 500GB,Redragon RGPS 500W Bronze,Thermalright Peerless Assassin,Corsair 3000D Airflow,budget,3587.82
Intel i9-14900K,MSI MAG Z790 Tomahawk DDR5,DDR5 64GB 5600MHz (2x32),RX 9070 XT,WD Black SN850X 2TB,Corsair RM1000x Gold,DeepCool LE720 360mm,Corsair 7000D Airflow,enthusiast,18512.22
AMD Ryzen 7 5800X3D,MSI B550M-A Pro,DDR4 32GB 3200MHz (2x16),RTX 4070,Kingston NV2 1TB,Cooler Master MWE 650 Gold,Thermalright Peerless Assassin,Lian Li O11 Dynamic EVO,mid,9562.24
AMD Ryzen 7 9800X3D,MSI MAG X870E Tomahawk,DDR5 32GB 6000MHz RGB,RX 9070 XT,WD Black SN850X 2TB,Corsair RM1000x Gold,DeepCool LE720 360mm,Lian Li O11 Dynamic EVO,enthusiast,15923.56
AMD Ryzen 7 7700X,MSI MAG X870E Tomahawk,DDR5 32GB 5600MHz (2x16),RX 9070 XT,WD Black SN850X 2TB,Corsair RM1000x Gold,NZXT Kraken 360,Corsair 7000D Airflow,high,15013.09
AMD Ryzen 5 8400F,ASUS Prime A620M-K,DDR5 16GB 5600MHz (2x8),RX 6600,Crucial P3 500GB,Cooler Master MWE 650 Gold,Thermalright Peerless Assassin,Gamemax Infinit M909,budget,4627.06
AMD Ryzen 5 7600,MSI PRO B850M-B,DDR5 16GB 5600MHz (2x8),RTX 5070 Ti,WD Blue SN580 1TB,Corsair CX650 Bronze,DeepCool LE720 360mm,Corsair 3000D Airflow,mid,11792.52
AMD Ryzen 7 7800X3D,MSI MAG B650 Tomahawk,DDR5 64GB 5600MHz (2x32),RTX 4070,Samsung 990 Pro 4TB,Corsair RM1000x Gold,NZXT Kraken 360,Corsair 7000D Airflow,high,18430.73
AMD Ryzen 9 9950X,MSI MAG B650 Tomahawk,DDR5 64GB 5600MHz (2x32),RTX 5070,WD Black SN850X 2TB,Corsair RM850x Gold,DeepCool LE720 360mm,NZXT H5 Flow,high,17559.21
Intel i5-14400F,ASUS TUF B760M-Plus DDR5,DDR5 16GB 5600MHz (2x8),RTX 3060 12GB,Crucial P3 500GB,Redragon RGPS 500W Bronze,DeepCool AK400,Corsair 3000D Airflow,budget,6019.03
AMD Ryzen 7 5800X3D,ASUS TUF B550M-Plus,DDR4 16GB 3200MHz (2x8),RX 9070 XT,Kingston NV2 1TB,Corsair CX650 Bronze,Thermalright Peerless Assassin,Lian Li O11 Dynamic EVO,mid,10014.27
Intel i5-12400F,ASUS TUF B760M-Plus DDR5,DDR5 16GB 5600MHz (2x8),RX 6600,Kingston NV2 500GB,Cooler Master MWE 650 Gold,Cooler box (stock),NZXT H5 Flow,budget,5107.42
Intel i5-14600KF,MSI PRO B760M-A DDR4,DDR4 32GB 3200MHz (2x16),RX 6600,Kingston NV2 1TB,Corsair CX650 Bronze,DeepCool AK400,NZXT H5 Flow,budget,6545.94
Intel i3-12100F,MSI PRO H610M-G DDR4,DDR4 8GB 3200MHz (1x8),RX 7600,Kingston NV2 1TB,Redragon RGPS 500W Bronze,DeepCool AK400,Corsair 3000D Airflow,entry,4142.86
Intel i9-14900K,MSI MAG Z790 Tomahawk DDR5,DDR5 32GB 6000MHz RGB,RX 9070 XT,Samsung 990 Pro 4TB,Corsair RM1000x Gold,NZXT Kraken 360,Corsair 7000D Airflow,enthusiast,17390.99
Intel i3-12100F,MSI PRO B760M-A DDR4,DDR4 32GB 3200MHz (2x16),RTX 5060 Ti 16GB,WD Blue SN580 1TB,Redragon RGPS 500W Bronze,Thermalright Peerless Assassin,NZXT H5 Flow,budget,7655.88
AMD Ryzen 7 5800X3D,MSI B550M-A Pro,DDR4 16GB 3200MHz (2x8),RTX 5070 Ti,Crucial P3 500GB,Corsair CX650 Bronze,Thermalright Peerless Assassin,NZXT H5 Flow,mid,10909.14
AMD Ryzen 7 5800X3D,ASUS TUF B550M-Plus,DDR4 32GB 3600MHz RGB,RTX 5070,Samsung 990 Pro 1TB,Corsair RM1000x Gold,DeepCool LE720 360mm,Corsair 7000D Airflow,enthusiast,12619.1
AMD Ryzen 7 9800X3D,MSI MAG X870E Tomahawk,DDR5 32GB 6000MHz RGB,RTX 5080,Samsung 990 Pro 1TB,Corsair RM1000x Gold,NZXT Kraken 360,Corsair 7000D Airflow,high,20367.87
AMD Ryzen 5 8400F,MSI PRO B850M-B,DDR5 16GB 5600MHz (2x8),RX 6600,Kingston NV2 500GB,Corsair CX650 Bronze,Cooler box (stock),Gamemax Infinit M909,entry,4732.66
AMD Ryzen 7 5700X,ASUS TUF B550M-Plus,DDR4 8GB 3200MHz (1x8),GTX 1650,Crucial P3 500GB,Corsair CX650 Bronze,Thermalright Peerless Assassin,Gamemax Infinit M909,budget,3967.41
AMD Ryzen 7 5700X,Gigabyte A520M K V2,DDR4 16GB 3200MHz (2x8),Arc B580,Crucial P3 500GB,Redragon RGPS 500W Bronze,Cooler box (stock),Corsair 3000D Airflow,entry,5161.61
Intel i7-14700KF,ASUS TUF B760M-Plus DDR5,DDR5 32GB 5600MHz (2x16),RTX 4060,WD Blue SN580 1TB,Corsair RM750x Gold,DeepCool LE720 360mm,Lian Li O11 Dynamic EVO,mid,11541.9
AMD Ryzen 7 5700X,MSI B550M-A Pro,DDR4 32GB 3200MHz (2x16),RX 6600,Kingston NV2 500GB,Corsair CX650 Bronze,Thermalright Peerless Assassin,Gamemax Infinit M909,budget,5172.35
Intel i5-14400F,MSI MAG Z790 Tomahawk DDR5,DDR5 16GB 5600MHz (2x8),RTX 3060 12GB,WD Blue SN580 1TB,Corsair RM750x Gold,DeepCool AK400,NZXT H5 Flow,mid,7604.03
AMD Ryzen 9 9950X,MSI MAG B650 Tomahawk,DDR5 32GB 6000MHz RGB,RTX 5060 Ti 16GB,WD Black SN850X 2TB,Corsair RM850x Gold,Thermalright Peerless Assassin,NZXT H5 Flow,high,16127.31
AMD Ryzen 9 9950X,MSI MAG X870E Tomahawk,DDR5 64GB 5600MHz (2x32),RTX 5090,Samsung 990 Pro 1TB,Corsair RM1000x Gold,NZXT Kraken 360,Lian Li O11 Dynamic EVO,enthusiast,31399.63
Intel i3-12100F,ASUS TUF B760M-Plus DDR5,DDR5 16GB 5600MHz (2x8),Arc B580,Crucial P3 500GB,Corsair RM750x Gold,Thermalright Peerless Assassin,NZXT H5 Flow,budget,6526.9
Intel i5-14600KF,ASUS TUF B760M-Plus DDR5,DDR5 16GB 5600MHz (2x8),RTX 5070,Kingston NV2 1TB,Corsair RM750x Gold,DeepCool AK400,NZXT H5 Flow,mid,9864.61
Intel i5-14600KF,ASUS TUF B760M-Plus DDR5,DDR5 64GB 5600MHz (2x32),RTX 5090,WD Blue SN580 1TB,Corsair RM850x Gold,NZXT Kraken 360,Lian Li O11 Dynamic EVO,high,29207.67
AMD Ryzen 7 5800X3D,MSI B550M-A Pro,DDR4 16GB 3200MHz (2x8),Arc B580,Crucial P3 500GB,Corsair RM850x Gold,DeepCool AK400,NZXT H5 Flow,mid,7711.84
AMD Ryzen 5 5600,ASUS TUF B550M-Plus,DDR4 16GB 3200MHz (2x8),RTX 3060 12GB,WD Blue SN580 1TB,Corsair RM750x Gold,DeepCool AK400,Gamemax Infinit M909,budget,5065.95
AMD Ryzen 5 7600,MSI PRO B850M-B,DDR5 16GB 5600MHz (2x8),Arc B580,Kingston NV2 1TB,Cooler Master MWE 650 Gold,DeepCool AK400,Corsair 3000D Airflow,budget,6125.63
Intel i5-14600KF,MSI MAG Z790 Tomahawk DDR5,DDR5 32GB 6000MHz RGB,RX 7600,WD Black SN850X 2TB,Corsair RM850x Gold,DeepCool AK400,Corsair 3000D Airflow,mid,11686.26
AMD Ryzen 7 5800X3D,MSI B550M-A Pro,DDR4 16GB 3200MHz (2x8),Arc B580,Crucial P3 500GB,Corsair RM850x Gold,DeepCool LE720 360mm,Corsair 3000D Airflow,mid,7559.3
AMD Ryzen 9 9950X,MSI MAG X870E Tomahawk,DDR5 64GB 5600MHz (2x32),RX 9070 XT,Samsung 990 Pro 1TB,Corsair RM850x Gold,DeepCool LE720 360mm,Corsair 7000D Airflow,enthusiast,21786.18
Intel i5-12400F,ASUS TUF B760M-Plus DDR5,DDR5 16GB 5600MHz (2x8),RX 6600,Crucial P3 500GB,Redragon RGPS 500W Bronze,DeepCool AK400,NZXT H5 Flow,budget,5079.31
Intel i5-14400F,MSI PRO B760M-A DDR4,DDR4 8GB 3200MHz (1x8),RTX 3060 12GB,Crucial P3 500GB,Corsair CX650 Bronze,DeepCool AK400,Corsair 3000D Airflow,entry,4404.28
Intel i5-14600KF,ASUS TUF B760M-Plus DDR5,DDR5 32GB 6000MHz RGB,RX 7800 XT,Samsung 990 Pro 1TB,Corsair RM1000x Gold,Thermalright Peerless Assassin,NZXT H5 Flow,high,12735.64
AMD Ryzen 7 5800X3D,ASUS TUF B550M-Plus,DDR4 32GB 3600MHz RGB,RTX 5070,Samsung 990 Pro 1TB,Corsair RM850x Gold,DeepCool LE720 360mm,Corsair 7000D Airflow,enthusiast,12518.04
Intel i9-14900K,ASUS TUF B760M-Plus DDR5,DDR5 64GB 5600MHz (2x32),RTX 5060 Ti 16GB,Samsung 990 Pro 1TB,Corsair RM750x Gold,Thermalright Peerless Assassin,NZXT H5 Flow,high,16079.74
Intel i3-12100F,MSI PRO H610M-G DDR4,DDR4 16GB 3200MHz (2x8),RX 6600,WD Blue SN580 1TB,Corsair CX650 Bronze,DeepCool AK400,Gamemax Infinit M909,budget,4061.12
AMD Ryzen 7 7700X,MSI MAG X870E Tomahawk,DDR5 64GB 5600MHz (2x32),RTX 5080,WD Blue SN580 1TB,Corsair RM750x Gold,NZXT Kraken 360,NZXT H5 Flow,high,22180.08
Intel i5-12400F,MSI PRO B760M-A DDR4,DDR4 8GB 3200MHz (1x8),RTX 3060 12GB,Kingston NV2 1TB,Redragon RGPS 500W Bronze,Cooler box (stock),NZXT H5 Flow,budget,4625.92
AMD Ryzen 7 5700X,Gigabyte A520M K V2,DDR4 32GB 3200MHz (2x16),GTX 1650,Kingston NV2 1TB,Cooler Master MWE 650 Gold,Thermalright Peerless Assassin,NZXT H5 Flow,budget,5590.27
AMD Ryzen 5 7600,MSI PRO B850M-B,DDR5 32GB 6000MHz RGB,RTX 5060 Ti 16GB,Crucial P3 500GB,Corsair CX650 Bronze,DeepCool AK400,Lian Li O11 Dynamic EVO,mid,10201.66
Intel i7-14700KF,ASUS TUF B760M-Plus DDR5,DDR5 16GB 5600MHz (2x8),RTX 5070 Ti,Crucial P3 500GB,Corsair RM750x Gold,Thermalright Peerless Assassin,NZXT H5 Flow,mid,13181.23
AMD Ryzen 7 7800X3D,MSI MAG X870E Tomahawk,DDR5 32GB 6000MHz RGB,RX 7600,WD Black SN850X 2TB,Corsair CX650 Bronze,DeepCool AK400,NZXT H5 Flow,mid,11363.89
AMD Ryzen 7 7800X3D,MSI MAG X870E Tomahawk,DDR5 32GB 6000MHz RGB,RTX 4070,WD Black SN850X 2TB,Corsair RM750x Gold,DeepCool LE720 360mm,NZXT H5 Flow,high,15015.94
AMD Ryzen 7 7800X3D,MSI MAG B650 Tomahawk,DDR5 32GB 5600MHz (2x16),RX 7800 XT,Kingston NV2 1TB,Corsair RM850x Gold,Thermalright Peerless Assassin,Corsair 3000D Airflow,mid,12232.39
AMD Ryzen 5 7600,MSI MAG B650 Tomahawk,DDR5 16GB 5600MHz (2x8),RTX 5060 Ti 16GB,Kingston NV2 1TB,Corsair RM850x Gold,Thermalright Peerless Assassin,Corsair 3000D Airflow,mid,8909.33
Intel i5-14600KF,MSI PRO B760M-A DDR4,DDR4 16GB 3200MHz (2x8),RTX 5060 Ti 16GB,WD Blue SN580 1TB,Cooler Master MWE 650 Gold,Thermalright Peerless Assassin,Gamemax Infinit M909,budget,7751.56
AMD Ryzen 7 7700X,MSI MAG B650 Tomahawk,DDR5 64GB 5600MHz (2x32),RTX 5090,Samsung 990 Pro 1TB,Corsair RM850x Gold,NZXT Kraken 360,Corsair 7000D Airflow,high,29185.89
AMD Ryzen 5 7600,MSI PRO B850M-B,DDR5 16GB 5600MHz (2x8),RTX 3060 12GB,Kingston NV2 1TB,Redragon RGPS 500W Bronze,Cooler box (stock),Gamemax Infinit M909,entry,5663.1
Intel i7-14700KF,ASUS TUF B760M-Plus DDR5,DDR5 64GB 5600MHz (2x32),RX 7800 XT,Samsung 990 Pro 4TB,Corsair RM1000x Gold,NZXT Kraken 360,Lian Li O11 Dynamic EVO,high,16640.91
AMD Ryzen 9 9950X,MSI MAG B650 Tomahawk,DDR5 32GB 5600MHz (2x16),RX 7800 XT,Samsung 990 Pro 1TB,Corsair RM1000x Gold,NZXT Kraken 360,Lian Li O11 Dynamic EVO,high,14962.95
AMD Ryzen 7 7700X,MSI MAG X870E Tomahawk,DDR5 64GB 5600MHz (2x32),RX 7800 XT,WD Blue SN580 1TB,Corsair RM850x Gold,NZXT Kraken 360,NZXT H5 Flow,high,16093.13
AMD Ryzen 7 7700X,MSI MAG B650 Tomahawk,DDR5 16GB 5600MHz (2x8),RX 7600,Crucial P3 500GB,Corsair RM850x Gold,Thermalright Peerless Assassin,NZXT H5 Flow,mid,8219.5
AMD Ryzen 7 7700X,MSI MAG X870E Tomahawk,DDR5 32GB 6000MHz RGB,RTX 5060 Ti 16GB,Kingston NV2 1TB,Cooler Master MWE 650 Gold,DeepCool AK400,Lian Li O11 Dynamic EVO,mid,13735.34
Intel i7-14700KF,ASUS TUF B760M-Plus DDR5,DDR5 32GB 6000MHz RGB,RTX 5060 Ti 16GB,WD Blue SN580 1TB,Corsair RM750x Gold,DeepCool AK400,NZXT H5 Flow,mid,12737.32
Intel i5-14600KF,ASUS TUF B760M-Plus DDR5,DDR5 32GB 6000MHz RGB,RTX 4070,WD Black SN850X 2TB,Corsair RM850x Gold,DeepCool AK400,Corsair 3000D Airflow,mid,11820.34
Intel i5-14400F,ASUS TUF B760M-Plus DDR5,DDR5 32GB 5600MHz (2x16),Arc B580,Kingston NV2 1TB,Corsair CX650 Bronze,DeepCool AK400,Gamemax Infinit M909,budget,8991.57
Intel i5-14600KF,ASUS TUF B760M-Plus DDR5,DDR5 32GB 5600MHz (2x16),RX 7600,WD Blue SN580 1TB,Corsair CX650 Bronze,DeepCool LE720 360mm,Corsair 3000D Airflow,mid,8936.22
AMD Ryzen 7 5800X3D,MSI B550M-A Pro,DDR4 32GB 3600MHz RGB,RTX 4060,WD Blue SN580 1TB,Corsair CX650 Bronze,DeepCool AK400,NZXT H5 Flow,mid,8020.57
Intel i3-12100F,MSI PRO H610M-G DDR4,DDR4 32GB 3200MHz (2x16),RX 7800 XT,WD Blue SN580 1TB,Corsair RM750x Gold,Thermalright Peerless Assassin,Corsair 3000D Airflow,budget,7099.63
AMD Ryzen 7 9800X3D,MSI MAG X870E Tomahawk,DDR5 64GB 5600MHz (2x32),RTX 5070 Ti,WD Black SN850X 2TB,Corsair RM850x Gold,DeepCool LE720 360mm,Corsair 7000D Airflow,enthusiast,23365.57
Intel i5-14600KF,ASUS TUF B760M-Plus DDR5,DDR5 32GB 6000MHz RGB,RX 7800 XT,WD Black SN850X 2TB,Corsair RM1000x Gold,NZXT Kraken 360,Lian Li O11 Dynamic EVO,high,12743.04
AMD Ryzen 7 5800X3D,ASUS TUF B550M-Plus,DDR4 32GB 3200MHz (2x16),RTX 5060 Ti 16GB,WD Blue SN580 1TB,Corsair RM850x Gold,DeepCool LE720 360mm,NZXT H5 Flow,high,10033.51
AMD Ryzen 5 5600,MSI B550M-A Pro,DDR4 16GB 3200MHz (2x8),RTX 3060 12GB,Kingston NV2 500GB,Corsair CX650 Bronze,Cooler box (stock),Gamemax Infinit M909,entry,4283.61
AMD Ryzen 7 7800X3D,MSI MAG X870E Tomahawk,DDR5 32GB 6000MHz RGB,RTX 4060,Crucial P3 500GB,Corsair CX650 Bronze,DeepCool AK400,Lian Li O11 Dynamic EVO,mid,12486.5
AMD Ryzen 5 5600,MSI B550M-A Pro,DDR4 8GB 3200MHz (1x8),RX 7600,Kingston NV2 1TB,Redragon RGPS 500W Bronze,DeepCool AK400,Corsair 3000D Airflow,entry,4133.87
Intel i3-12100F,MSI PRO B760M-A DDR4,DDR4 8GB 3200MHz (1x8),RTX 3060 12GB,Kingston NV2 1TB,Cooler Master MWE 650 Gold,DeepCool AK400,Corsair 3000D Airflow,entry,4833.89
AMD Ryzen 7 7700X,MSI MAG B650 Tomahawk,DDR5 32GB 6000MHz RGB,Arc B580,Samsung 990 Pro 1TB,Corsair RM750x Gold,DeepCool AK400,NZXT H5 Flow,mid,10822.12
AMD Ryzen 7 5700X,MSI B550M-A Pro,DDR4 32GB 3600MHz RGB,RX 9070 XT,Kingston NV2 1TB,Corsair RM850x Gold,Thermalright Peerless Assassin,NZXT H5 Flow,mid,11138.2
AMD Ryzen 5 7600,MSI MAG X870E Tomahawk,DDR5 32GB 5600MHz (2x16),RTX 4060,WD Blue SN580 1TB,Corsair RM750x Gold,DeepCool AK400,Corsair 3000D Airflow,mid,9754.77
AMD Ryzen 7 7700X,MSI MAG B650 Tomahawk,DDR5 64GB 5600MHz (2x32),RX 7800 XT,Samsung 990 Pro 4TB,Corsair RM750x Gold,NZXT Kraken 360,Lian Li O11 Dynamic EVO,high,17220.17
AMD Ryzen 7 7800X3D,MSI MAG X870E Tomahawk,DDR5 32GB 5600MHz (2x16),RX 9070 XT,WD Blue SN580 1TB,Cooler Master MWE 650 Gold,Thermalright Peerless Assassin,Lian Li O11 Dynamic EVO,mid,13422.8
AMD Ryzen 5 7600,MSI PRO B850M-B,DDR5 32GB 6000MHz RGB,RTX 3060 12GB,WD Black SN850X 2TB,Corsair CX650 Bronze,Thermalright Peerless Assassin,Corsair 3000D Airflow,mid,9504.52
AMD Ryzen 7 5700X,ASUS TUF B550M-Plus,DDR4 32GB 3200MHz (2x16),RTX 5060 Ti 16GB,WD Black SN850X 2TB,Corsair RM750x Gold,DeepCool LE720 360mm,Corsair 3000D Airflow,mid,9693.53
Intel i5-14600KF,MSI MAG Z790 Tomahawk DDR5,DDR5 32GB 6000MHz RGB,RTX 5070 Ti,WD Black SN850X 2TB,Corsair CX650 Bronze,DeepCool LE720 360mm,NZXT H5 Flow,mid,16403.81
Intel i5-14600KF,MSI PRO B760M-A DDR4,DDR4 32GB 3200MHz (2x16),RTX 4070,WD Blue SN580 1TB,Corsair RM850x Gold,DeepCool AK400,NZXT H5 Flow,mid,9321.65
AMD Ryzen 5 7600,MSI PRO B850M-B,DDR5 16GB 5600MHz (2x8),GTX 1650,Kingston NV2 500GB,Corsair CX650 Bronze,Cooler box (stock),Gamemax Infinit M909,entry,4923.95
AMD Ryzen 7 7800X3D,MSI MAG X870E Tomahawk,DDR5 32GB 5600MHz (2x16),RTX 5080,WD Blue SN580 1TB,Corsair RM1000x Gold,NZXT Kraken 360,Corsair 7000D Airflow,high,18678.89
AMD Ryzen 7 9800X3D,MSI MAG X870E Tomahawk,DDR5 32GB 6000MHz RGB,RTX 5070,Samsung 990 Pro 4TB,Corsair RM1000x Gold,DeepCool LE720 360mm,Lian Li O11 Dynamic EVO,enthusiast,18001.95
AMD Ryzen 7 9800X3D,MSI MAG B650 Tomahawk,DDR5 32GB 5600MHz (2x16),RTX 5070 Ti,Samsung 990 Pro 1TB,Corsair RM1000x Gold,DeepCool LE720 360mm,Corsair 7000D Airflow,high,17290.32
AMD Ryzen 7 7700X,MSI MAG X870E Tomahawk,DDR5 32GB 6000MHz RGB,RTX 3060 12GB,Crucial P3 500GB,Corsair CX650 Bronze,DeepCool LE720 360mm,Corsair 3000D Airflow,mid,11176.69
AMD Ryzen 5 5500,Gigabyte A520M K V2,DDR4 8GB 3200MHz (1x8),RTX 4060,Kingston NV2 1TB,Redragon RGPS 500W Bronze,DeepCool AK400,Gamemax Infinit M909,budget,4369.74
Intel i5-12400F,ASUS TUF B760M-Plus DDR5,DDR5 16GB 5600MHz (2x8),RX 6600,Crucial P3 500GB,Corsair RM750x Gold,Cooler box (stock),Corsair 3000D Airflow,budget,5201.85
AMD Ryzen 5 5500,MSI B550M-A Pro,DDR4 16GB 3200MHz (2x8),RTX 3060 12GB,Kingston NV2 500GB,Redragon RGPS 500W Bronze,DeepCool AK400,Corsair 3000D Airflow,entry,4084.92
AMD Ryzen 7 5800X3D,Gigabyte A520M K V2,DDR4 32GB 3600MHz RGB,RTX 5080,Samsung 990 Pro 1TB,Corsair RM850x Gold,NZXT Kraken 360,Lian Li O11 Dynamic EVO,enthusiast,16343.39
AMD Ryzen 7 5700X,MSI B550M-A Pro,DDR4 8GB 3200MHz (1x8),Arc B580,Kingston NV2 1TB,Cooler Master MWE 650 Gold,Cooler box (stock),Gamemax Infinit M909,entry,4897.44
Intel i7-14700KF,ASUS TUF B760M-Plus DDR5,DDR5 32GB 5600MHz (2x16),RX 9070 XT,WD Blue SN580 1TB,Corsair RM850x Gold,DeepCool LE720 360mm,NZXT H5 Flow,mid,12506.02
Intel i5-14600KF,MSI MAG Z790 Tomahawk DDR5,DDR5 32GB 6000MHz RGB,RX 7600,Crucial P3 500GB,Corsair RM750x Gold,Thermalright Peerless Assassin,Lian Li O11 Dynamic EVO,mid,10343.59
AMD Ryzen 5 7600,MSI MAG X870E Tomahawk,DDR5 32GB 5600MHz (2x16),RTX 5060 Ti 16GB,WD Black SN850X 2TB,Corsair CX650 Bronze,Thermalright Peerless Assassin,Lian Li O11 Dynamic EVO,mid,13226.03
Intel i7-14700KF,MSI MAG Z790 Tomahawk DDR5,DDR5 32GB 5600MHz (2x16),RTX 4070,Kingston NV2 1TB,Corsair CX650 Bronze,DeepCool LE720 360mm,Corsair 3000D Airflow,mid,13201.65
AMD Ryzen 7 5800X3D,MSI B550M-A Pro,DDR4 32GB 3200MHz (2x16),RTX 4070,WD Blue SN580 1TB,Corsair RM750x Gold,Thermalright Peerless Assassin,Lian Li O11 Dynamic EVO,mid,10361.81
Intel i3-12100F,ASUS TUF B760M-Plus DDR5,DDR5 32GB 5600MHz (2x16),GTX 1650,Crucial P3 500GB,Corsair RM750x Gold,DeepCool AK400,NZXT H5 Flow,budget,6793.04
AMD Ryzen 9 9950X,MSI MAG X870E Tomahawk,DDR5 32GB 6000MHz RGB,RTX 5070 Ti,WD Black SN850X 2TB,Corsair RM1000x Gold,NZXT Kraken 360,Lian Li O11 Dynamic EVO,high,21596.2
Intel i3-12100F,ASUS TUF B760M-Plus DDR5,DDR5 16GB 5600MHz (2x8),RX 7600,Kingston NV2 1TB,Corsair CX650 Bronze,Cooler box (stock),Corsair 3000D Airflow,budget,5551.89
AMD Ryzen 5 5600,ASUS TUF B550M-Plus,DDR4 32GB 3200MHz (2x16),GTX 1650,Kingston NV2 500GB,Cooler Master MWE 650 Gold,Cooler box (stock),Corsair 3000D Airflow,budget,4973.22
Intel i5-14600KF,MSI PRO B760M-A DDR4,DDR4 32GB 3200MHz (2x16),Arc B580,Kingston NV2 500GB,Redragon RGPS 500W Bronze,Thermalright Peerless Assassin,Corsair 3000D Airflow,budget,6659.0
AMD Ryzen 5 5500,ASUS TUF B550M-Plus,DDR4 32GB 3200MHz (2x16),GTX 1650,Kingston NV2 500GB,Corsair CX650 Bronze,DeepCool AK400,Corsair 3000D Airflow,budget,4347.99
Intel i7-14700KF,MSI MAG Z790 Tomahawk DDR5,DDR5 32GB 6000MHz RGB,RX 9070 XT,WD Black SN850X 2TB,Corsair RM850x Gold,NZXT Kraken 360,Lian Li O11 Dynamic EVO,enthusiast,15646.05
AMD Ryzen 5 5500,MSI B550M-A Pro,DDR4 32GB 3200MHz (2x16),RTX 4060,WD Blue SN580 1TB,Corsair CX650 Bronze,Cooler box (stock),Corsair 3000D Airflow,budget,6238.03
AMD Ryzen 7 7700X,MSI PRO B850M-B,DDR5 32GB 5600MHz (2x16),RTX 4070,Kingston NV2 1TB,Redragon RGPS 500W Bronze,Cooler box (stock),Corsair 3000D Airflow,budget,10888.22
Intel i5-14600KF,MSI MAG Z790 Tomahawk DDR5,DDR5 16GB 5600MHz (2x8),RTX 4060,Kingston NV2 1TB,Corsair RM750x Gold,DeepCool AK400,Corsair 3000D Airflow,mid,7466.03
AMD Ryzen 7 7800X3D,MSI MAG X870E Tomahawk,DDR5 32GB 6000MHz RGB,RX 9070 XT,Samsung 990 Pro 4TB,Corsair RM1000x Gold,NZXT Kraken 360,Lian Li O11 Dynamic EVO,enthusiast,19039.24
Intel i7-14700KF,MSI MAG Z790 Tomahawk DDR5,DDR5 32GB 6000MHz RGB,RTX 5060 Ti 16GB,Samsung 990 Pro 1TB,Corsair RM750x Gold,Thermalright Peerless Assassin,NZXT H5 Flow,mid,12490.58
Intel i3-12100F,MSI PRO B760M-A DDR4,DDR4 8GB 3200MHz (1x8),Arc B580,Crucial P3 500GB,Corsair CX650 Bronze,Cooler box (stock),Corsair 3000D Airflow,entry,4839.28
AMD Ryzen 9 9950X,MSI MAG B650 Tomahawk,DDR5 64GB 5600MHz (2x32),RTX 5090,Samsung 990 Pro 4TB,Corsair RM750x Gold,NZXT Kraken 360,NZXT H5 Flow,high,31560.79
AMD Ryzen 9 9950X,MSI MAG X870E Tomahawk,DDR5 64GB 5600MHz (2x32),RTX 5070,WD Black SN850X 2TB,Corsair RM850x Gold,NZXT Kraken 360,Lian Li O11 Dynamic EVO,enthusiast,20552.22
AMD Ryzen 7 9800X3D,MSI MAG B650 Tomahawk,DDR5 32GB 6000MHz RGB,RTX 5080,Samsung 990 Pro 1TB,Corsair RM750x Gold,Thermalright Peerless Assassin,NZXT H5 Flow,high,17979.21
AMD Ryzen 5 7600,MSI MAG B650 Tomahawk,DDR5 32GB 5600MHz (2x16),GTX 1650,Kingston NV2 500GB,Redragon RGPS 500W Bronze,Thermalright Peerless Assassin,Gamemax Infinit M909,budget,7343.03
AMD Ryzen 7 7800X3D,MSI MAG X870E Tomahawk,DDR5 64GB 5600MHz (2x32),RTX 5070,WD Black SN850X 2TB,Corsair RM850x Gold,NZXT Kraken 360,Lian Li O11 Dynamic EVO,enthusiast,17131.11
AMD Ryzen 5 7600,MSI MAG X870E Tomahawk,DDR5 16GB 5600MHz (2x8),RX 9070 XT,WD Blue SN580 1TB,Cooler Master MWE 650 Gold,Thermalright Peerless Assassin,Corsair 3000D Airflow,mid,10946.0
AMD Ryzen 5 7600,MSI MAG X870E Tomahawk,DDR5 16GB 5600MHz (2x8),RTX 5070 Ti,WD Black SN850X 2TB,Corsair CX650 Bronze,DeepCool LE720 360mm,Corsair 3000D Airflow,mid,13016.41
AMD Ryzen 5 5500,Gigabyte A520M K V2,DDR4 8GB 3200MHz (1x8),RTX 4060,Kingston NV2 500GB,Cooler Master MWE 650 Gold,Cooler box (stock),Corsair 3000D Airflow,entry,4750.01
Intel i7-14700KF,ASUS TUF B760M-Plus DDR5,DDR5 32GB 6000MHz RGB,RTX 5090,WD Black SN850X 2TB,Corsair RM750x Gold,NZXT Kraken 360,Corsair 7000D Airflow,high,29673.57
Intel i9-14900K,ASUS TUF B760M-Plus DDR5,DDR5 64GB 5600MHz (2x32),RTX 5060 Ti 16GB,WD Black SN850X 2TB,Corsair RM850x Gold,Thermalright Peerless Assassin,NZXT H5 Flow,high,16307.0
AMD Ryzen 5 5500,MSI B550M-A Pro,DDR4 8GB 3200MHz (1x8),RTX 4060,Kingston NV2 500GB,Redragon RGPS 500W Bronze,Cooler box (stock),Gamemax Infinit M909,entry,4107.85
Intel i5-14600KF,ASUS TUF B760M-Plus DDR5,DDR5 16GB 5600MHz (2x8),RTX 3060 12GB,Crucial P3 500GB,Redragon RGPS 500W Bronze,Thermalright Peerless Assassin,Corsair 3000D Airflow,budget,5925.24
Intel i5-14400F,MSI MAG Z790 Tomahawk DDR5,DDR5 16GB 5600MHz (2x8),RTX 5070,Samsung 990 Pro 1TB,Cooler Master MWE 650 Gold,DeepCool LE720 360mm,NZXT H5 Flow,mid,9753.07
Intel i9-14900K,ASUS TUF B760M-Plus DDR5,DDR5 64GB 5600MHz (2x32),RTX 5070,Samsung 990 Pro 4TB,Corsair RM750x Gold,Thermalright Peerless Assassin,Lian Li O11 Dynamic EVO,high,17227.55
AMD Ryzen 5 8400F,ASUS Prime A620M-K,DDR5 16GB 5600MHz (2x8),RX 7600,Kingston NV2 500GB,Corsair CX650 Bronze,DeepCool AK400,Gamemax Infinit M909,entry,5652.4
AMD Ryzen 5 7600,MSI MAG X870E Tomahawk,DDR5 32GB 6000MHz RGB,RTX 5070,Crucial P3 500GB,Corsair RM850x Gold,Thermalright Peerless Assassin,Lian Li O11 Dynamic EVO,mid,12707.83
Intel i3-12100F,MSI PRO B760M-A DDR4,DDR4 8GB 3200MHz (1x8),GTX 1650,Crucial P3 500GB,Corsair CX650 Bronze,Cooler box (stock),Corsair 3000D Airflow,entry,3214.66
AMD Ryzen 5 5600,MSI B550M-A Pro,DDR4 8GB 3200MHz (1x8),RX 7600,Kingston NV2 500GB,Cooler Master MWE 650 Gold,DeepCool AK400,Gamemax Infinit M909,budget,4203.43
AMD Ryzen 5 8400F,MSI PRO B850M-B,DDR5 16GB 5600MHz (2x8),RX 6600,Crucial P3 500GB,Redragon RGPS 500W Bronze,Thermalright Peerless Assassin,NZXT H5 Flow,budget,4888.68
Intel i9-14900K,ASUS TUF B760M-Plus DDR5,DDR5 32GB 6000MHz RGB,RTX 5060 Ti 16GB,Samsung 990 Pro 4TB,Corsair RM750x Gold,Thermalright Peerless Assassin,Corsair 7000D Airflow,high,15167.27
AMD Ryzen 7 5700X,MSI B550M-A Pro,DDR4 16GB 3200MHz (2x8),RX 7600,WD Blue SN580 1TB,Corsair RM750x Gold,Cooler box (stock),NZXT H5 Flow,budget,5542.47
AMD Ryzen 7 5800X3D,MSI B550M-A Pro,DDR4 16GB 3200MHz (2x8),RTX 5070 Ti,Crucial P3 500GB,Cooler Master MWE 650 Gold,DeepCool AK400,Corsair 3000D Airflow,mid,12255.85
Intel i7-14700KF,MSI MAG Z790 Tomahawk DDR5,DDR5 32GB 6000MHz RGB,RTX 5090,WD Black SN850X 2TB,Corsair RM1000x Gold,NZXT Kraken 360,Corsair 7000D Airflow,enthusiast,29703.02
Intel i5-14400F,ASUS TUF B760M-Plus DDR5,DDR5 16GB 5600MHz (2x8),RTX 3060 12GB,Crucial P3 500GB,Cooler Master MWE 650 Gold,Cooler box (stock),Gamemax Infinit M909,budget,5379.07
Intel i5-14600KF,MSI PRO B760M-A DDR4,DDR4 32GB 3600MHz RGB,RX 7600,WD Blue SN580 1TB,Corsair CX650 Bronze,DeepCool AK400,Corsair 3000D Airflow,mid,6882.61
Intel i9-14900K,MSI MAG Z790 Tomahawk DDR5,DDR5 32GB 6000MHz RGB,RTX 5070,Samsung 990 Pro 1TB,Corsair RM850x Gold,NZXT Kraken 360,Corsair 7000D Airflow,enthusiast,15903.29
AMD Ryzen 5 7600,MSI PRO B850M-B,DDR5 32GB 6000MHz RGB,RTX 5060 Ti 16GB,WD Blue SN580 1TB,Corsair CX650 Bronze,DeepCool AK400,Lian Li O11 Dynamic EVO,mid,11211.31
AMD Ryzen 5 7600,MSI PRO B850M-B,DDR5 16GB 5600MHz (2x8),RX 7800 XT,WD Blue SN580 1TB,Corsair RM750x Gold,DeepCool LE720 360mm,Corsair 3000D Airflow,mid,8618.11
Intel i5-12400F,MSI PRO H610M-G DDR4,DDR4 8GB 3200MHz (1x8),Arc B580,Crucial P3 500GB,Redragon RGPS 500W Bronze,DeepCool AK400,Gamemax Infinit M909,entry,4598.37
Intel i5-14600KF,ASUS TUF B760M-Plus DDR5,DDR5 64GB 5600MHz (2x32),RTX 5060 Ti 16GB,Samsung 990 Pro 1TB,Corsair RM850x Gold,Thermalright Peerless Assassin,Lian Li O11 Dynamic EVO,high,15001.24
AMD Ryzen 7 7800X3D,MSI MAG X870E Tomahawk,DDR5 16GB 5600MHz (2x8),RTX 5070 Ti,Kingston NV2 1TB,Cooler Master MWE 650 Gold,Thermalright Peerless Assassin,Corsair 3000D Airflow,mid,13427.28
Intel i5-14400F,MSI PRO B760M-A DDR4,DDR4 16GB 3200MHz (2x8),RTX 5060 Ti 16GB,Kingston NV2 500GB,Corsair CX650 Bronze,Thermalright Peerless Assassin,Gamemax Infinit M909,budget,6970.15
Intel i9-14900K,MSI MAG Z790 Tomahawk DDR5,DDR5 32GB 6000MHz RGB,RTX 5070,Samsung 990 Pro 4TB,Corsair RM1000x Gold,NZXT Kraken 360,Corsair 7000D Airflow,enthusiast,18059.97
AMD Ryzen 7 7700X,MSI PRO B850M-B,DDR5 16GB 5600MHz (2x8),RTX 5060 Ti 16GB,WD Blue SN580 1TB,Cooler Master MWE 650 Gold,DeepCool AK400,Lian Li O11 Dynamic EVO,mid,9761.42
Intel i5-12400F,MSI PRO B760M-A DDR4,DDR4 16GB 3200MHz (2x8),RTX 4070,Kingston NV2 500GB,Redragon RGPS 500W Bronze,Cooler box (stock),Gamemax Infinit M909,budget,5940.6
Intel i5-14600KF,ASUS TUF B760M-Plus DDR5,DDR5 32GB 5600MHz (2x16),RTX 4070,Samsung 990 Pro 4TB,Corsair RM850x Gold,DeepCool LE720 360mm,Corsair 7000D Airflow,high,14623.69
AMD Ryzen 5 7600,MSI MAG B650 Tomahawk,DDR5 16GB 5600MHz (2x8),RX 7600,WD Black SN850X 2TB,Cooler Master MWE 650 Gold,Thermalright Peerless Assassin,NZXT H5 Flow,mid,7349.87
AMD Ryzen 7 5700X,ASUS TUF B550M-Plus,DDR4 32GB 3200MHz (2x16),RX 9070 XT,WD Black SN850X 2TB,Corsair CX650 Bronze,Thermalright Peerless Assassin,NZXT H5 Flow,mid,9972.63
AMD Ryzen 5 5600,MSI B550M-A Pro,DDR4 16GB 3200MHz (2x8),RX 7600,Kingston NV2 500GB,Redragon RGPS 500W Bronze,DeepCool AK400,Corsair 3000D Airflow,entry,4602.04
AMD Ryzen 5 7600,ASUS Prime A620M-K,DDR5 16GB 5600MHz (2x8),RX 6600,Kingston NV2 1TB,Cooler Master MWE 650 Gold,Cooler box (stock),Corsair 3000D Airflow,entry,5254.19
AMD Ryzen 7 5800X3D,ASUS TUF B550M-Plus,DDR4 32GB 3600MHz RGB,RTX 5060 Ti 16GB,Samsung 990 Pro 1TB,Corsair RM1000x Gold,NZXT Kraken 360,NZXT H5 Flow,high,12920.38
AMD Ryzen 5 5600,Gigabyte A520M K V2,DDR4 8GB 3200MHz (1x8),RX 7800 XT,Kingston NV2 500GB,Cooler Master MWE 650 Gold,Thermalright Peerless Assassin,Gamemax Infinit M909,budget,5577.73
Intel i5-14600KF,MSI PRO H610M-G DDR4,DDR4 8GB 3200MHz (1x8),RTX 4070,Kingston NV2 500GB,Corsair CX650 Bronze,Thermalright Peerless Assassin,Gamemax Infinit M909,budget,7502.41
AMD Ryzen 7 5800X3D,ASUS TUF B550M-Plus,DDR4 32GB 3600MHz RGB,RTX 5070,WD Black SN850X 2TB,Corsair RM1000x Gold,DeepCool LE720 360mm,Corsair 7000D Airflow,enthusiast,13884.52
AMD Ryzen 7 5800X3D,ASUS TUF B550M-Plus,DDR4 32GB 3200MHz (2x16),RTX 5070 Ti,WD Blue SN580 1TB,Corsair RM750x Gold,NZXT Kraken 360,Lian Li O11 Dynamic EVO,high,14581.65
AMD Ryzen 7 9800X3D,MSI MAG B650 Tomahawk,DDR5 32GB 6000MHz RGB,RX 7800 XT,WD Blue SN580 1TB,Corsair RM750x Gold,DeepCool LE720 360mm,Corsair 7000D Airflow,high,13281.09
Intel i5-12400F,MSI PRO H610M-G DDR4,DDR4 16GB 3200MHz (2x8),RX 6600,Kingston NV2 1TB,Corsair CX650 Bronze,DeepCool AK400,Corsair 3000D Airflow,entry,4199.45
Intel i7-14700KF,MSI MAG Z790 Tomahawk DDR5,DDR5 64GB 5600MHz (2x32),RTX 5090,WD Black SN850X 2TB,Corsair RM850x Gold,DeepCool LE720 360mm,Lian Li O11 Dynamic EVO,enthusiast,30080.51
AMD Ryzen 7 7700X,MSI MAG X870E Tomahawk,DDR5 64GB 5600MHz (2x32),RX 9070 XT,Samsung 990 Pro 4TB,Corsair RM1000x Gold,DeepCool LE720 360mm,Lian Li O11 Dynamic EVO,high,20238.86
AMD Ryzen 7 7700X,MSI MAG X870E Tomahawk,DDR5 64GB 5600MHz (2x32),RX 7800 XT,WD Black SN850X 2TB,Corsair RM850x Gold,DeepCool LE720 360mm,Lian Li O11 Dynamic EVO,high,15707.06
Intel i7-14700KF,ASUS TUF B760M-Plus DDR5,DDR5 64GB 5600MHz (2x32),RTX 4070,Samsung 990 Pro 1TB,Corsair RM1000x Gold,DeepCool LE720 360mm,Lian Li O11 Dynamic EVO,high,16627.98
AMD Ryzen 7 5800X3D,MSI B550M-A Pro,DDR4 32GB 3600MHz RGB,RX 7800 XT,Kingston NV2 1TB,Corsair CX650 Bronze,DeepCool AK400,Corsair 3000D Airflow,mid,9736.57
Intel i3-12100F,MSI PRO B760M-A DDR4,DDR4 16GB 3200MHz (2x8),RTX 3060 12GB,Crucial P3 500GB,Redragon RGPS 500W Bronze,DeepCool AK400,Corsair 3000D Airflow,entry,4330.75
AMD Ryzen 5 7600,MSI MAG X870E Tomahawk,DDR5 32GB 6000MHz RGB,RX 9070 XT,Crucial P3 500GB,Corsair CX650 Bronze,DeepCool LE720 360mm,Corsair 3000D Airflow,mid,14458.52
Intel i5-14400F,MSI PRO B760M-A DDR4,DDR4 8GB 3200MHz (1x8),RX 7600,Crucial P3 500GB,Corsair CX650 Bronze,DeepCool AK400,Corsair 3000D Airflow,entry,5245.1
AMD Ryzen 7 5700X,MSI B550M-A Pro,DDR4 16GB 3200MHz (2x8),Arc B580,Crucial P3 500GB,Redragon RGPS 500W Bronze,Cooler box (stock),Corsair 3000D Airflow,entry,5183.09
AMD Ryzen 7 5700X,ASUS TUF B550M-Plus,DDR4 8GB 3200MHz (1x8),RTX 4070,WD Blue SN580 1TB,Redragon RGPS 500W Bronze,DeepCool AK400,NZXT H5 Flow,budget,6869.79
AMD Ryzen 5 5600,Gigabyte A520M K V2,DDR4 8GB 3200MHz (1x8),RTX 4060,Crucial P3 500GB,Redragon RGPS 500W Bronze,Cooler box (stock),Gamemax Infinit M909,entry,4313.92
AMD Ryzen 7 7700X,MSI PRO B850M-B,DDR5 16GB 5600MHz (2x8),Arc B580,Crucial P3 500GB,Corsair RM850x Gold,DeepCool LE720 360mm,NZXT H5 Flow,mid,8323.57
Intel i5-14400F,MSI PRO H610M-G DDR4,DDR4 16GB 3200MHz (2x8),Arc B580,Crucial P3 500GB,Redragon RGPS 500W Bronze,Cooler box (stock),Gamemax Infinit M909,entry,4632.69
AMD Ryzen 7 7700X,ASUS Prime A620M-K,DDR5 32GB 5600MHz (2x16),RTX 4070,Crucial P3 500GB,Corsair CX650 Bronze,Thermalright Peerless Assassin,Corsair 3000D Airflow,budget,9741.34
AMD Ryzen 7 5700X,ASUS TUF B550M-Plus,DDR4 32GB 3600MHz RGB,RTX 5070 Ti,Crucial P3 500GB,Cooler Master MWE 650 Gold,DeepCool LE720 360mm,Lian Li O11 Dynamic EVO,mid,12735.09
AMD Ryzen 7 7800X3D,MSI MAG X870E Tomahawk,DDR5 32GB 5600MHz (2x16),RTX 4070,Crucial P3 500GB,Corsair RM750x Gold,Thermalright Peerless Assassin,Lian Li O11 Dynamic EVO,mid,14071.79
AMD Ryzen 5 5600,Gigabyte A520M K V2,DDR4 8GB 3200MHz (1x8),Arc B580,WD Blue SN580 1TB,Corsair RM750x Gold,Thermalright Peerless Assassin,Corsair 3000D Airflow,budget,4966.88
Intel i5-14600KF,MSI PRO B760M-A DDR4,DDR4 16GB 3200MHz (2x8),RX 7600,Kingston NV2 1TB,Corsair CX650 Bronze,DeepCool AK400,Corsair 3000D Airflow,mid,5871.59
Intel i5-14600KF,MSI PRO H610M-G DDR4,DDR4 32GB 3200MHz (2x16),Arc B580,Kingston NV2 1TB,Corsair CX650 Bronze,Cooler box (stock),Corsair 3000D Airflow,budget,6453.73
AMD Ryzen 5 7600,MSI PRO B850M-B,DDR5 16GB 5600MHz (2x8),GTX 1650,Kingston NV2 500GB,Corsair CX650 Bronze,Cooler box (stock),Corsair 3000D Airflow,entry,4748.33
AMD Ryzen 5 5600,MSI B550M-A Pro,DDR4 16GB 3200MHz (2x8),Arc B580,Kingston NV2 500GB,Redragon RGPS 500W Bronze,Cooler box (stock),Gamemax Infinit M909,budget,4264.1
Intel i5-12400F,MSI PRO B760M-A DDR4,DDR4 16GB 3200MHz (2x8),Arc B580,Kingston NV2 500GB,Redragon RGPS 500W Bronze,DeepCool AK400,Gamemax Infinit M909,entry,4862.33
AMD Ryzen 7 5800X3D,MSI B550M-A Pro,DDR4 32GB 3600MHz RGB,RTX 5070,Samsung 990 Pro 4TB,Corsair RM850x Gold,NZXT Kraken 360,Corsair 7000D Airflow,enthusiast,15251.46
AMD Ryzen 7 5800X3D,ASUS TUF B550M-Plus,DDR4 16GB 3200MHz (2x8),RX 7600,Crucial P3 500GB,Corsair RM750x Gold,DeepCool LE720 360mm,Corsair 3000D Airflow,mid,7055.61
Intel i3-12100F,MSI PRO B760M-A DDR4,DDR4 8GB 3200MHz (1x8),RX 6600,Kingston NV2 500GB,Cooler Master MWE 650 Gold,DeepCool AK400,Corsair 3000D Airflow,entry,4148.91
Intel i9-14900K,MSI MAG Z790 Tomahawk DDR5,DDR5 32GB 6000MHz RGB,RTX 5080,Samsung 990 Pro 4TB,Corsair RM1000x Gold,DeepCool LE720 360mm,Lian Li O11 Dynamic EVO,enthusiast,22136.49
Intel i7-14700KF,ASUS TUF B760M-Plus DDR5,DDR5 32GB 5600MHz (2x16),RTX 4070,Samsung 990 Pro 1TB,Cooler Master MWE 650 Gold,DeepCool LE720 360mm,Corsair 3000D Airflow,mid,12120.49
Intel i5-14600KF,ASUS TUF B760M-Plus DDR5,DDR5 32GB 6000MHz RGB,RTX 3060 12GB,Samsung 990 Pro 1TB,Corsair RM850x Gold,Thermalright Peerless Assassin,NZXT H5 Flow,mid,10238.41
AMD Ryzen 9 9950X,MSI MAG X870E Tomahawk,DDR5 32GB 6000MHz RGB,RTX 5080,Samsung 990 Pro 4TB,Corsair RM750x Gold,NZXT Kraken 360,Corsair 7000D Airflow,high,22344.6
AMD Ryzen 7 7700X,MSI MAG X870E Tomahawk,DDR5 32GB 5600MHz (2x16),RTX 5060 Ti 16GB,WD Blue SN580 1TB,Corsair RM750x Gold,DeepCool LE720 360mm,Lian Li O11 Dynamic EVO,mid,12753.93
AMD Ryzen 7 5800X3D,ASUS TUF B550M-Plus,DDR4 32GB 3600MHz RGB,RTX 5090,Samsung 990 Pro 1TB,Corsair RM850x Gold,NZXT Kraken 360,NZXT H5 Flow,high,25688.32
AMD Ryzen 7 5800X3D,ASUS TUF B550M-Plus,DDR4 32GB 3600MHz RGB,Arc B580,WD Blue SN580 1TB,Cooler Master MWE 650 Gold,DeepCool AK400,NZXT H5 Flow,mid,8828.76
AMD Ryzen 7 5800X3D,ASUS TUF B550M-Plus,DDR4 32GB 3200MHz (2x16),RTX 5080,Samsung 990 Pro 1TB,Corsair RM1000x Gold,DeepCool LE720 360mm,Corsair 7000D Airflow,high,16671.8
Intel i7-14700KF,MSI MAG Z790 Tomahawk DDR5,DDR5 32GB 5600MHz (2x16),RTX 5070,WD Black SN850X 2TB,Corsair RM850x Gold,Thermalright Peerless Assassin,Corsair 3000D Airflow,mid,14422.92
AMD Ryzen 5 7600,ASUS Prime A620M-K,DDR5 32GB 5600MHz (2x16),RTX 3060 12GB,Crucial P3 500GB,Corsair CX650 Bronze,Thermalright Peerless Assassin,Corsair 3000D Airflow,budget,7050.92
Intel i5-14600KF,MSI MAG Z790 Tomahawk DDR5,DDR5 64GB 5600MHz (2x32),RTX 5080,WD Black SN850X 2TB,Corsair RM850x Gold,Thermalright Peerless Assassin,NZXT H5 Flow,high,21294.67
AMD Ryzen 7 5800X3D,ASUS TUF B550M-Plus,DDR4 32GB 3600MHz RGB,RTX 4070,Kingston NV2 1TB,Cooler Master MWE 650 Gold,Thermalright Peerless Assassin,Corsair 3000D Airflow,mid,10442.91
AMD Ryzen 5 5600,MSI B550M-A Pro,DDR4 8GB 3200MHz (1x8),RX 7600,Kingston NV2 500GB,Redragon RGPS 500W Bronze,DeepCool AK400,Gamemax Infinit M909,entry,4133.09
AMD Ryzen 7 5700X,Gigabyte A520M K V2,DDR4 16GB 3200MHz (2x8),Arc B580,Crucial P3 500GB,Corsair CX650 Bronze,Cooler box (stock),Gamemax Infinit M909,entry,4936.74
AMD Ryzen 7 5700X,MSI B550M-A Pro,DDR4 32GB 3600MHz RGB,RX 7800 XT,Crucial P3 500GB,Corsair RM750x Gold,DeepCool LE720 360mm,Lian Li O11 Dynamic EVO,mid,9797.66
Intel i5-14400F,MSI MAG Z790 Tomahawk DDR5,DDR5 32GB 6000MHz RGB,RTX 5070,WD Blue SN580 1TB,Cooler Master MWE 650 Gold,DeepCool LE720 360mm,Lian Li O11 Dynamic EVO,mid,13401.09
AMD Ryzen 7 7800X3D,MSI MAG X870E Tomahawk,DDR5 32GB 6000MHz RGB,RTX 5090,Samsung 990 Pro 4TB,Corsair RM850x Gold,DeepCool LE720 360mm,Corsair 7000D Airflow,enthusiast,28548.24
AMD Ryzen 7 7700X,MSI MAG B650 Tomahawk,DDR5 32GB 6000MHz RGB,RTX 5070 Ti,Samsung 990 Pro 1TB,Corsair RM850x Gold,Thermalright Peerless Assassin,NZXT H5 Flow,high,15004.87
Intel i5-14400F,MSI PRO H610M-G DDR4,DDR4 16GB 3200MHz (2x8),RTX 4060,Crucial P3 500GB,Cooler Master MWE 650 Gold,Cooler box (stock),Corsair 3000D Airflow,entry,5531.13
AMD Ryzen 7 5700X,ASUS TUF B550M-Plus,DDR4 16GB 3200MHz (2x8),RTX 5060 Ti 16GB,WD Black SN850X 2TB,Corsair CX650 Bronze,DeepCool LE720 360mm,NZXT H5 Flow,mid,8872.95
AMD Ryzen 7 7800X3D,MSI MAG X870E Tomahawk,DDR5 32GB 5600MHz (2x16),RX 7600,Kingston NV2 1TB,Corsair RM850x Gold,DeepCool LE720 360mm,Corsair 3000D Airflow,mid,12103.24
Intel i5-14400F,MSI PRO B760M-A DDR4,DDR4 16GB 3200MHz (2x8),Arc B580,Kingston NV2 1TB,Corsair CX650 Bronze,Thermalright Peerless Assassin,Corsair 3000D Airflow,budget,5424.66
AMD Ryzen 7 5800X3D,ASUS TUF B550M-Plus,DDR4 32GB 3600MHz RGB,RTX 4060,Kingston NV2 1TB,Corsair RM750x Gold,DeepCool AK400,Lian Li O11 Dynamic EVO,mid,9239.24
AMD Ryzen 7 7700X,MSI MAG B650 Tomahawk,DDR5 64GB 5600MHz (2x32),RTX 5070,WD Blue SN580 1TB,Corsair RM750x Gold,DeepCool LE720 360mm,NZXT H5 Flow,high,15392.79
Intel i5-14600KF,ASUS TUF B760M-Plus DDR5,DDR5 64GB 5600MHz (2x32),RTX 5090,WD Blue SN580 1TB,Corsair RM850x Gold,DeepCool LE720 360mm,Lian Li O11 Dynamic EVO,high,31223.62
AMD Ryzen 7 9800X3D,MSI MAG X870E Tomahawk,DDR5 64GB 5600MHz (2x32),RTX 5070,Samsung 990 Pro 1TB,Corsair RM1000x Gold,DeepCool LE720 360mm,Corsair 7000D Airflow,enthusiast,19741.3
AMD Ryzen 7 5700X,Gigabyte A520M K V2,DDR4 32GB 3200MHz (2x16),RTX 5060 Ti 16GB,Kingston NV2 500GB,Corsair CX650 Bronze,DeepCool AK400,NZXT H5 Flow,budget,8110.69
AMD Ryzen 5 7600,MSI MAG B650 Tomahawk,DDR5 32GB 6000MHz RGB,RTX 5060 Ti 16GB,WD Black SN850X 2TB,Cooler Master MWE 650 Gold,DeepCool LE720 360mm,Lian Li O11 Dynamic EVO,mid,13309.25
AMD Ryzen 7 5800X3D,MSI B550M-A Pro,DDR4 32GB 3600MHz RGB,RTX 5090,WD Black SN850X 2TB,Corsair RM850x Gold,DeepCool LE720 360mm,Lian Li O11 Dynamic EVO,enthusiast,27225.87
AMD Ryzen 7 7700X,MSI MAG B650 Tomahawk,DDR5 32GB 6000MHz RGB,RTX 4060,WD Blue SN580 1TB,Corsair RM750x Gold,Thermalright Peerless Assassin,NZXT H5 Flow,mid,10716.03
AMD Ryzen 7 7800X3D,MSI MAG B650 Tomahawk,DDR5 32GB 6000MHz RGB,RTX 3060 12GB,Crucial P3 500GB,Corsair RM850x Gold,DeepCool LE720 360mm,NZXT H5 Flow,mid,10469.64
Intel i5-14600KF,ASUS TUF B760M-Plus DDR5,DDR5 32GB 5600MHz (2x16),RTX 4070,Kingston NV2 1TB,Corsair CX650 Bronze,DeepCool AK400,Lian Li O11 Dynamic EVO,mid,10515.66
AMD Ryzen 7 9800X3D,MSI MAG X870E Tomahawk,DDR5 64GB 5600MHz (2x32),RTX 5080,Samsung 990 Pro 1TB,Corsair RM850x Gold,NZXT Kraken 360,Corsair 7000D Airflow,enthusiast,25671.05
AMD Ryzen 7 7800X3D,MSI MAG B650 Tomahawk,DDR5 32GB 6000MHz RGB,RTX 5070,Samsung 990 Pro 1TB,Corsair RM1000x Gold,NZXT Kraken 360,Corsair 7000D Airflow,high,15061.49
Intel i5-14400F,ASUS TUF B760M-Plus DDR5,DDR5 16GB 5600MHz (2x8),RX 7600,Samsung 990 Pro 1TB,Cooler Master MWE 650 Gold,Thermalright Peerless Assassin,NZXT H5 Flow,mid,7011.58
Intel i5-14600KF,MSI MAG Z790 Tomahawk DDR5,DDR5 32GB 5600MHz (2x16),RTX 5060 Ti 16GB,Samsung 990 Pro 1TB,Cooler Master MWE 650 Gold,Thermalright Peerless Assassin,NZXT H5 Flow,mid,11447.21
Intel i7-14700KF,MSI MAG Z790 Tomahawk DDR5,DDR5 64GB 5600MHz (2x32),RTX 5080,Samsung 990 Pro 4TB,Corsair RM850x Gold,DeepCool LE720 360mm,Lian Li O11 Dynamic EVO,high,22127.58
Intel i3-12100F,MSI PRO H610M-G DDR4,DDR4 16GB 3200MHz (2x8),Arc B580,Kingston NV2 1TB,Cooler Master MWE 650 Gold,Cooler box (stock),Corsair 3000D Airflow,entry,4917.07
Intel i9-14900K,MSI MAG Z790 Tomahawk DDR5,DDR5 32GB 6000MHz RGB,RTX 5080,Samsung 990 Pro 4TB,Corsair RM1000x Gold,NZXT Kraken 360,Corsair 7000D Airflow,enthusiast,24232.2
Intel i5-14600KF,MSI PRO B760M-A DDR4,DDR4 16GB 3200MHz (2x8),RTX 4060,Kingston NV2 1TB,Corsair RM850x Gold,DeepCool LE720 360mm,Corsair 3000D Airflow,mid,7566.93
Intel i3-12100F,ASUS TUF B760M-Plus DDR5,DDR5 16GB 5600MHz (2x8),Arc B580,Kingston NV2 1TB,Corsair RM750x Gold,DeepCool AK400,NZXT H5 Flow,budget,6695.55
AMD Ryzen 7 5800X3D,ASUS TUF B550M-Plus,DDR4 32GB 3200MHz (2x16),RTX 5060 Ti 16GB,Samsung 990 Pro 4TB,Corsair RM1000x Gold,NZXT Kraken 360,NZXT H5 Flow,high,11661.92
AMD Ryzen 5 7600,MSI MAG X870E Tomahawk,DDR5 16GB 5600MHz (2x8),RX 9070 XT,WD Black SN850X 2TB,Corsair CX650 Bronze,DeepCool AK400,NZXT H5 Flow,mid,12368.13
Intel i9-14900K,MSI MAG Z790 Tomahawk DDR5,DDR5 64GB 5600MHz (2x32),RTX 5070 Ti,Samsung 990 Pro 1TB,Corsair RM850x Gold,DeepCool LE720 360mm,Corsair 7000D Airflow,enthusiast,21694.91
Intel i7-14700KF,MSI MAG Z790 Tomahawk DDR5,DDR5 32GB 6000MHz RGB,RTX 5070 Ti,Samsung 990 Pro 1TB,Corsair RM850x Gold,NZXT Kraken 360,Corsair 7000D Airflow,enthusiast,17368.91
Intel i7-14700KF,ASUS TUF B760M-Plus DDR5,DDR5 32GB 5600MHz (2x16),RX 7800 XT,WD Black SN850X 2TB,Corsair RM1000x Gold,DeepCool LE720 360mm,Corsair 7000D Airflow,high,13053.67
AMD Ryzen 5 8400F,MSI MAG B650 Tomahawk,DDR5 16GB 5600MHz (2x8),GTX 1650,Kingston NV2 500GB,Corsair CX650 Bronze,DeepCool AK400,Gamemax Infinit M909,budget,5101.69
AMD Ryzen 9 9950X,MSI MAG X870E Tomahawk,DDR5 32GB 5600MHz (2x16),RTX 5060 Ti 16GB,WD Blue SN580 1TB,Corsair RM1000x Gold,NZXT Kraken 360,Lian Li O11 Dynamic EVO,high,17745.97
Intel i9-14900K,MSI MAG Z790 Tomahawk DDR5,DDR5 32GB 6000MHz RGB,RTX 5080,Samsung 990 Pro 1TB,Corsair RM1000x Gold,DeepCool LE720 360mm,Lian Li O11 Dynamic EVO,enthusiast,21394.35
Intel i7-14700KF,MSI MAG Z790 Tomahawk DDR5,DDR5 64GB 5600MHz (2x32),RTX 5070 Ti,WD Black SN850X 2TB,Corsair RM1000x Gold,DeepCool LE720 360mm,Corsair 7000D Airflow,enthusiast,20307.67
AMD Ryzen 7 7800X3D,MSI MAG X870E Tomahawk,DDR5 64GB 5600MHz (2x32),RX 7800 XT,WD Blue SN580 1TB,Corsair RM750x Gold,NZXT Kraken 360,Corsair 7000D Airflow,high,17142.0
AMD Ryzen 7 7700X,MSI PRO B850M-B,DDR5 32GB 5600MHz (2x16),RTX 5070 Ti,Samsung 990 Pro 1TB,Corsair RM750x Gold,DeepCool LE720 360mm,Corsair 3000D Airflow,mid,14344.48
Intel i7-14700KF,ASUS TUF B760M-Plus DDR5,DDR5 32GB 5600MHz (2x16),RTX 5090,Samsung 990 Pro 1TB,Corsair RM1000x Gold,DeepCool LE720 360mm,Lian Li O11 Dynamic EVO,high,29344.76
Intel i3-12100F,MSI PRO H610M-G DDR4,DDR4 32GB 3200MHz (2x16),RX 7600,Crucial P3 500GB,Redragon RGPS 500W Bronze,DeepCool AK400,Corsair 3000D Airflow,budget,5530.66
Intel i7-14700KF,MSI MAG Z790 Tomahawk DDR5,DDR5 64GB 5600MHz (2x32),RTX 4070,Samsung 990 Pro 1TB,Corsair RM750x Gold,NZXT Kraken 360,Corsair 7000D Airflow,high,16928.73
Intel i5-14400F,MSI PRO B760M-A DDR4,DDR4 8GB 3200MHz (1x8),RTX 3060 12GB,Kingston NV2 1TB,Corsair CX650 Bronze,DeepCool AK400,Corsair 3000D Airflow,entry,4693.16
Intel i5-12400F,MSI PRO B760M-A DDR4,DDR4 16GB 3200MHz (2x8),RTX 3060 12GB,Crucial P3 500GB,Redragon RGPS 500W Bronze,Cooler box (stock),Corsair 3000D Airflow,entry,4089.62
AMD Ryzen 5 5600,MSI B550M-A Pro,DDR4 32GB 3200MHz (2x16),RTX 4060,Crucial P3 500GB,Cooler Master MWE 650 Gold,DeepCool AK400,Gamemax Infinit M909,budget,6346.18
AMD Ryzen 9 9950X,MSI MAG B650 Tomahawk,DDR5 32GB 6000MHz RGB,RX 9070 XT,WD Black SN850X 2TB,Corsair RM850x Gold,NZXT Kraken 360,NZXT H5 Flow,high,16920.27
Intel i5-14400F,MSI MAG Z790 Tomahawk DDR5,DDR5 32GB 5600MHz (2x16),RTX 3060 12GB,Kingston NV2 1TB,Corsair RM850x Gold,DeepCool AK400,NZXT H5 Flow,mid,9175.86
AMD Ryzen 5 7600,MSI MAG B650 Tomahawk,DDR5 32GB 5600MHz (2x16),Arc B580,Crucial P3 500GB,Corsair RM750x Gold,Thermalright Peerless Assassin,NZXT H5 Flow,mid,9421.95
AMD Ryzen 5 8400F,MSI MAG B650 Tomahawk,DDR5 16GB 5600MHz (2x8),GTX 1650,Kingston NV2 500GB,Corsair CX650 Bronze,DeepCool AK400,Gamemax Infinit M909,budget,4930.75
AMD Ryzen 7 5800X3D,MSI B550M-A Pro,DDR4 32GB 3600MHz RGB,RTX 5070 Ti,Samsung 990 Pro 1TB,Corsair RM750x Gold,DeepCool AK400,NZXT H5 Flow,mid,14332.79
AMD Ryzen 5 8400F,MSI MAG B650 Tomahawk,DDR5 32GB 5600MHz (2x16),Arc B580,Kingston NV2 1TB,Corsair RM750x Gold,Cooler box (stock),Corsair 3000D Airflow,budget,9079.19
AMD Ryzen 7 7800X3D,MSI MAG X870E Tomahawk,DDR5 64GB 5600MHz (2x32),RTX 5090,Samsung 990 Pro 1TB,Corsair RM850x Gold,DeepCool LE720 360mm,Corsair 7000D Airflow,enthusiast,30315.03
AMD Ryzen 7 5800X3D,ASUS TUF B550M-Plus,DDR4 32GB 3600MHz RGB,RTX 5070 Ti,Kingston NV2 1TB,Cooler Master MWE 650 Gold,Thermalright Peerless Assassin,NZXT H5 Flow,mid,12923.27
AMD Ryzen 7 5700X,MSI B550M-A Pro,DDR4 32GB 3200MHz (2x16),RX 9070 XT,WD Blue SN580 1TB,Corsair CX650 Bronze,DeepCool LE720 360mm,Lian Li O11 Dynamic EVO,mid,9954.22
AMD Ryzen 7 5800X3D,MSI B550M-A Pro,DDR4 16GB 3200MHz (2x8),RX 7800 XT,Kingston NV2 1TB,Corsair RM750x Gold,DeepCool AK400,NZXT H5 Flow,mid,8778.73
AMD Ryzen 5 5500,MSI B550M-A Pro,DDR4 16GB 3200MHz (2x8),RTX 4070,Crucial P3 500GB,Corsair CX650 Bronze,DeepCool AK400,NZXT H5 Flow,budget,7125.03
AMD Ryzen 9 9950X,MSI MAG X870E Tomahawk,DDR5 32GB 5600MHz (2x16),RTX 5070 Ti,WD Black SN850X 2TB,Corsair RM850x Gold,DeepCool LE720 360mm,Lian Li O11 Dynamic EVO,high,21119.15
Intel i5-14400F,ASUS TUF B760M-Plus DDR5,DDR5 16GB 5600MHz (2x8),Arc B580,Kingston NV2 500GB,Redragon RGPS 500W Bronze,Thermalright Peerless Assassin,Corsair 3000D Airflow,budget,6858.56
Intel i5-14600KF,MSI MAG Z790 Tomahawk DDR5,DDR5 16GB 5600MHz (2x8),RTX 4060,Kingston NV2 1TB,Corsair RM850x Gold,DeepCool LE720 360mm,NZXT H5 Flow,mid,9373.64
AMD Ryzen 5 7600,MSI PRO B850M-B,DDR5 16GB 5600MHz (2x8),RTX 4070,WD Blue SN580 1TB,Redragon RGPS 500W Bronze,Thermalright Peerless Assassin,Corsair 3000D Airflow,budget,8452.84
Intel i5-14600KF,MSI MAG Z790 Tomahawk DDR5,DDR5 32GB 6000MHz RGB,RTX 5070 Ti,Samsung 990 Pro 4TB,Corsair RM1000x Gold,Thermalright Peerless Assassin,Lian Li O11 Dynamic EVO,high,18244.75
AMD Ryzen 9 9950X,MSI MAG X870E Tomahawk,DDR5 64GB 5600MHz (2x32),RX 7800 XT,WD Black SN850X 2TB,Corsair RM850x Gold,NZXT Kraken 360,Lian Li O11 Dynamic EVO,high,20242.68
Intel i5-14600KF,MSI MAG Z790 Tomahawk DDR5,DDR5 16GB 5600MHz (2x8),RX 9070 XT,Crucial P3 500GB,Cooler Master MWE 650 Gold,DeepCool LE720 360mm,NZXT H5 Flow,mid,11009.69
AMD Ryzen 7 5700X,MSI B550M-A Pro,DDR4 32GB 3200MHz (2x16),Arc B580,Kingston NV2 1TB,Corsair RM750x Gold,Thermalright Peerless Assassin,Corsair 3000D Airflow,budget,6529.69
Intel i5-14400F,MSI MAG Z790 Tomahawk DDR5,DDR5 32GB 5600MHz (2x16),RTX 5060 Ti 16GB,WD Black SN850X 2TB,Cooler Master MWE 650 Gold,DeepCool AK400,Lian Li O11 Dynamic EVO,mid,11324.68
AMD Ryzen 7 5700X,MSI B550M-A Pro,DDR4 32GB 3200MHz (2x16),RX 7800 XT,WD Blue SN580 1TB,Corsair RM750x Gold,Cooler box (stock),Gamemax Infinit M909,budget,8111.08
AMD Ryzen 7 9800X3D,MSI MAG X870E Tomahawk,DDR5 32GB 6000MHz RGB,RTX 5090,Samsung 990 Pro 1TB,Corsair RM1000x Gold,DeepCool LE720 360mm,NZXT H5 Flow,high,28505.05
AMD Ryzen 7 7800X3D,MSI MAG X870E Tomahawk,DDR5 64GB 5600MHz (2x32),RTX 5070 Ti,WD Black SN850X 2TB,Corsair RM1000x Gold,NZXT Kraken 360,Corsair 7000D Airflow,enthusiast,22483.65
Intel i9-14900K,MSI MAG Z790 Tomahawk DDR5,DDR5 32GB 6000MHz RGB,RTX 5070,Samsung 990 Pro 4TB,Corsair RM1000x Gold,DeepCool LE720 360mm,Corsair 7000D Airflow,enthusiast,16033.94
AMD Ryzen 7 5700X,ASUS TUF B550M-Plus,DDR4 16GB 3200MHz (2x8),Arc B580,WD Blue SN580 1TB,Redragon RGPS 500W Bronze,Thermalright Peerless Assassin,Gamemax Infinit M909,budget,5469.57
AMD Ryzen 7 7700X,MSI MAG B650 Tomahawk,DDR5 16GB 5600MHz (2x8),RTX 4060,WD Blue SN580 1TB,Cooler Master MWE 650 Gold,Thermalright Peerless Assassin,Gamemax Infinit M909,budget,7482.2
AMD Ryzen 7 5700X,ASUS TUF B550M-Plus,DDR4 8GB 3200MHz (1x8),RTX 4070,Kingston NV2 500GB,Corsair CX650 Bronze,DeepCool AK400,NZXT H5 Flow,budget,6657.14
Intel i5-14400F,ASUS TUF B760M-Plus DDR5,DDR5 16GB 5600MHz (2x8),RX 7600,WD Blue SN580 1TB,Corsair RM750x Gold,DeepCool AK400,Gamemax Infinit M909,budget,6767.7
AMD Ryzen 7 5700X,Gigabyte A520M K V2,DDR4 16GB 3200MHz (2x8),Arc B580,Kingston NV2 1TB,Corsair RM750x Gold,DeepCool AK400,Corsair 3000D Airflow,budget,5938.59
AMD Ryzen 7 5700X,Gigabyte A520M K V2,DDR4 8GB 3200MHz (1x8),GTX 1650,Crucial P3 500GB,Cooler Master MWE 650 Gold,DeepCool AK400,Gamemax Infinit M909,entry,3630.77
Intel i5-14400F,ASUS TUF B760M-Plus DDR5,DDR5 16GB 5600MHz (2x8),RX 7800 XT,Kingston NV2 1TB,Corsair CX650 Bronze,DeepCool AK400,NZXT H5 Flow,mid,8422.05
Intel i5-14600KF,ASUS TUF B760M-Plus DDR5,DDR5 32GB 5600MHz (2x16),GTX 1650,Kingston NV2 500GB,Corsair RM750x Gold,Thermalright Peerless Assassin,NZXT H5 Flow,budget,7381.56
Intel i5-14400F,ASUS TUF B760M-Plus DDR5,DDR5 32GB 6000MHz RGB,RX 9070 XT,WD Black SN850X 2TB,Corsair RM750x Gold,DeepCool AK400,NZXT H5 Flow,mid,12173.59
AMD Ryzen 5 8400F,MSI PRO B850M-B,DDR5 16GB 5600MHz (2x8),RTX 4060,Crucial P3 500GB,Cooler Master MWE 650 Gold,DeepCool AK400,Gamemax Infinit M909,entry,6171.74
Intel i5-14600KF,MSI MAG Z790 Tomahawk DDR5,DDR5 32GB 6000MHz RGB,RTX 5070 Ti,WD Black SN850X 2TB,Corsair RM750x Gold,DeepCool LE720 360mm,Corsair 3000D Airflow,mid,15899.67
Intel i9-14900K,MSI MAG Z790 Tomahawk DDR5,DDR5 64GB 5600MHz (2x32),RX 9070 XT,WD Blue SN580 1TB,Corsair RM1000x Gold,DeepCool LE720 360mm,Corsair 7000D Airflow,high,18728.9
AMD Ryzen 5 7600,MSI MAG B650 Tomahawk,DDR5 32GB 5600MHz (2x16),RX 6600,Kingston NV2 1TB,Corsair RM750x Gold,DeepCool AK400,NZXT H5 Flow,budget,8224.15
AMD Ryzen 5 5600,Gigabyte A520M K V2,DDR4 8GB 3200MHz (1x8),RX 6600,Crucial P3 500GB,Corsair CX650 Bronze,DeepCool AK400,Gamemax Infinit M909,entry,3489.12
AMD Ryzen 7 9800X3D,MSI MAG X870E Tomahawk,DDR5 32GB 6000MHz RGB,RTX 5070 Ti,Samsung 990 Pro 1TB,Corsair RM1000x Gold,DeepCool LE720 360mm,Lian Li O11 Dynamic EVO,enthusiast,18392.47
AMD Ryzen 5 5500,MSI B550M-A Pro,DDR4 8GB 3200MHz (1x8),RTX 4060,Kingston NV2 1TB,Corsair CX650 Bronze,Cooler box (stock),Corsair 3000D Airflow,entry,4570.79
AMD Ryzen 9 9950X,MSI MAG X870E Tomahawk,DDR5 32GB 6000MHz RGB,RTX 5080,Samsung 990 Pro 1TB,Corsair RM850x Gold,NZXT Kraken 360,Corsair 7000D Airflow,enthusiast,22190.19
AMD Ryzen 5 8400F,MSI PRO B850M-B,DDR5 16GB 5600MHz (2x8),RX 6600,Kingston NV2 500GB,Cooler Master MWE 650 Gold,Cooler box (stock),Gamemax Infinit M909,entry,5090.34
AMD Ryzen 7 5700X,MSI B550M-A Pro,DDR4 8GB 3200MHz (1x8),Arc B580,Kingston NV2 1TB,Corsair CX650 Bronze,DeepCool AK400,Corsair 3000D Airflow,entry,5557.76
Intel i7-14700KF,MSI MAG Z790 Tomahawk DDR5,DDR5 32GB 6000MHz RGB,RTX 4070,Samsung 990 Pro 4TB,Corsair RM850x Gold,NZXT Kraken 360,Lian Li O11 Dynamic EVO,high,15437.07
Intel i5-12400F,ASUS TUF B760M-Plus DDR5,DDR5 32GB 5600MHz (2x16),RX 6600,Crucial P3 500GB,Redragon RGPS 500W Bronze,Cooler box (stock),Corsair 3000D Airflow,budget,6508.0
Intel i5-12400F,MSI PRO H610M-G DDR4,DDR4 8GB 3200MHz (1x8),GTX 1650,Crucial P3 500GB,Corsair CX650 Bronze,DeepCool AK400,Corsair 3000D Airflow,entry,3450.49
AMD Ryzen 7 5700X,ASUS TUF B550M-Plus,DDR4 32GB 3600MHz RGB,RTX 4060,WD Blue SN580 1TB,Cooler Master MWE 650 Gold,DeepCool AK400,NZXT H5 Flow,mid,7610.47
Intel i5-14400F,MSI PRO B760M-A DDR4,DDR4 16GB 3200MHz (2x8),RX 9070 XT,WD Black SN850X 2TB,Corsair RM850x Gold,DeepCool AK400,Lian Li O11 Dynamic EVO,mid,9201.82
AMD Ryzen 9 9950X,MSI MAG X870E Tomahawk,DDR5 64GB 5600MHz (2x32),RX 7800 XT,WD Blue SN580 1TB,Corsair RM1000x Gold,DeepCool LE720 360mm,Corsair 7000D Airflow,high,17912.27
AMD Ryzen 7 5800X3D,Gigabyte A520M K V2,DDR4 32GB 3600MHz RGB,RX 9070 XT,WD Black SN850X 2TB,Corsair RM1000x Gold,DeepCool LE720 360mm,Corsair 7000D Airflow,enthusiast,14494.34
AMD Ryzen 7 5800X3D,MSI B550M-A Pro,DDR4 16GB 3200MHz (2x8),RTX 5060 Ti 16GB,Samsung 990 Pro 1TB,Corsair CX650 Bronze,DeepCool LE720 360mm,Corsair 3000D Airflow,mid,9531.54
Intel i9-14900K,MSI MAG Z790 Tomahawk DDR5,DDR5 64GB 5600MHz (2x32),RTX 5080,Samsung 990 Pro 4TB,Corsair RM850x Gold,NZXT Kraken 360,Corsair 7000D Airflow,enthusiast,23305.82
AMD Ryzen 7 7700X,MSI PRO B850M-B,DDR5 32GB 5600MHz (2x16),RTX 3060 12GB,Kingston NV2 500GB,Cooler Master MWE 650 Gold,Cooler box (stock),NZXT H5 Flow,budget,8158.28
Intel i5-14600KF,ASUS TUF B760M-Plus DDR5,DDR5 32GB 6000MHz RGB,RTX 5070,WD Blue SN580 1TB,Corsair CX650 Bronze,DeepCool LE720 360mm,Corsair 3000D Airflow,mid,12346.02
AMD Ryzen 7 7700X,MSI MAG B650 Tomahawk,DDR5 32GB 6000MHz RGB,RTX 4060,WD Black SN850X 2TB,Corsair CX650 Bronze,Thermalright Peerless Assassin,Lian Li O11 Dynamic EVO,mid,11039.52
AMD Ryzen 7 7800X3D,MSI MAG X870E Tomahawk,DDR5 32GB 6000MHz RGB,RTX 5070,WD Black SN850X 2TB,Corsair CX650 Bronze,Thermalright Peerless Assassin,NZXT H5 Flow,mid,13400.25
AMD Ryzen 5 7600,MSI MAG B650 Tomahawk,DDR5 16GB 5600MHz (2x8),RX 6600,Kingston NV2 1TB,Corsair CX650 Bronze,Thermalright Peerless Assassin,NZXT H5 Flow,budget,6415.65
AMD Ryzen 7 7800X3D,MSI MAG X870E Tomahawk,DDR5 64GB 5600MHz (2x32),RTX 5080,Samsung 990 Pro 1TB,Corsair RM1000x Gold,NZXT Kraken 360,Corsair 7000D Airflow,enthusiast,24169.94
AMD Ryzen 5 8400F,ASUS Prime A620M-K,DDR5 16GB 5600MHz (2x8),GTX 1650,Kingston NV2 500GB,Corsair RM750x Gold,Thermalright Peerless Assassin,NZXT H5 Flow,budget,5084.62
AMD Ryzen 7 5800X3D,ASUS TUF B550M-Plus,DDR4 32GB 3200MHz (2x16),RTX 5070 Ti,WD Black SN850X 2TB,Corsair RM850x Gold,DeepCool LE720 360mm,NZXT H5 Flow,high,15212.32
Intel i5-14400F,ASUS TUF B760M-Plus DDR5,DDR5 16GB 5600MHz (2x8),RTX 5070 Ti,WD Black SN850X 2TB,Corsair CX650 Bronze,DeepCool LE720 360mm,NZXT H5 Flow,mid,11896.33
Intel i5-14400F,MSI PRO B760M-A DDR4,DDR4 8GB 3200MHz (1x8),RX 7800 XT,WD Blue SN580 1TB,Corsair CX650 Bronze,Thermalright Peerless Assassin,NZXT H5 Flow,budget,7144.63
AMD Ryzen 7 9800X3D,MSI MAG X870E Tomahawk,DDR5 32GB 6000MHz RGB,RTX 5090,Samsung 990 Pro 4TB,Corsair RM1000x Gold,DeepCool LE720 360mm,Corsair 7000D Airflow,enthusiast,30784.62
Intel i5-14600KF,ASUS TUF B760M-Plus DDR5,DDR5 32GB 5600MHz (2x16),RTX 5090,WD Black SN850X 2TB,Corsair RM750x Gold,Thermalright Peerless Assassin,Corsair 7000D Airflow,high,27178.8
AMD Ryzen 5 5600,MSI B550M-A Pro,DDR4 32GB 3200MHz (2x16),RTX 4060,Kingston NV2 1TB,Redragon RGPS 500W Bronze,DeepCool AK400,Gamemax Infinit M909,budget,6063.35
Intel i7-14700KF,MSI MAG Z790 Tomahawk DDR5,DDR5 32GB 6000MHz RGB,RTX 5070,WD Black SN850X 2TB,Corsair RM1000x Gold,DeepCool LE720 360mm,Corsair 7000D Airflow,enthusiast,14829.52
AMD Ryzen 5 5600,Gigabyte A520M K V2,DDR4 32GB 3200MHz (2x16),RTX 4060,Crucial P3 500GB,Corsair CX650 Bronze,Thermalright Peerless Assassin,Corsair 3000D Airflow,budget,6141.45
AMD Ryzen 7 9800X3D,MSI MAG B650 Tomahawk,DDR5 32GB 5600MHz (2x16),RTX 5080,Samsung 990 Pro 4TB,Corsair RM850x Gold,DeepCool LE720 360mm,NZXT H5 Flow,high,18951.06
Intel i5-14400F,ASUS TUF B760M-Plus DDR5,DDR5 16GB 5600MHz (2x8),RTX 3060 12GB,WD Blue SN580 1TB,Redragon RGPS 500W Bronze,DeepCool AK400,Gamemax Infinit M909,budget,5395.46
AMD Ryzen 7 5700X,ASUS TUF B550M-Plus,DDR4 32GB 3200MHz (2x16),RX 7800 XT,WD Blue SN580 1TB,Corsair RM850x Gold,DeepCool LE720 360mm,Corsair 3000D Airflow,mid,8974.31
Intel i5-14600KF,MSI MAG Z790 Tomahawk DDR5,DDR5 32GB 5600MHz (2x16),RTX 5080,WD Black SN850X 2TB,Corsair RM750x Gold,Thermalright Peerless Assassin,Lian Li O11 Dynamic EVO,high,18474.45
AMD Ryzen 5 8400F,MSI MAG B650 Tomahawk,DDR5 32GB 5600MHz (2x16),RTX 3060 12GB,WD Blue SN580 1TB,Redragon RGPS 500W Bronze,Thermalright Peerless Assassin,NZXT H5 Flow,budget,8195.29
AMD Ryzen 7 7800X3D,MSI MAG X870E Tomahawk,DDR5 64GB 5600MHz (2x32),RTX 5090,Samsung 990 Pro 1TB,Corsair RM850x Gold,NZXT Kraken 360,Lian Li O11 Dynamic EVO,enthusiast,30510.87
Intel i7-14700KF,MSI PRO B760M-A DDR4,DDR4 32GB 3600MHz RGB,Arc B580,Crucial P3 500GB,Corsair RM750x Gold,DeepCool LE720 360mm,Corsair 3000D Airflow,mid,9385.29
AMD Ryzen 7 7700X,MSI MAG X870E Tomahawk,DDR5 32GB 6000MHz RGB,RTX 4070,Samsung 990 Pro 1TB,Cooler Master MWE 650 Gold,DeepCool AK400,NZXT H5 Flow,mid,13881.79
AMD Ryzen 9 9950X,MSI MAG X870E Tomahawk,DDR5 32GB 6000MHz RGB,RTX 5090,Samsung 990 Pro 1TB,Corsair RM1000x Gold,NZXT Kraken 360,Corsair 7000D Airflow,enthusiast,32056.86
AMD Ryzen 5 7600,MSI MAG B650 Tomahawk,DDR5 32GB 5600MHz (2x16),RTX 3060 12GB,Samsung 990 Pro 1TB,Corsair CX650 Bronze,DeepCool AK400,NZXT H5 Flow,mid,8354.06
AMD Ryzen 7 7700X,ASUS Prime A620M-K,DDR5 32GB 5600MHz (2x16),RTX 5060 Ti 16GB,Kingston NV2 500GB,Corsair RM750x Gold,DeepCool AK400,Corsair 3000D Airflow,budget,11187.24
AMD Ryzen 7 7800X3D,MSI MAG X870E Tomahawk,DDR5 32GB 6000MHz RGB,RTX 5080,Samsung 990 Pro 1TB,Corsair RM850x Gold,DeepCool LE720 360mm,Lian Li O11 Dynamic EVO,enthusiast,20225.7
AMD Ryzen 5 5500,ASUS TUF B550M-Plus,DDR4 32GB 3200MHz (2x16),RX 6600,Kingston NV2 1TB,Corsair CX650 Bronze,DeepCool AK400,Corsair 3000D Airflow,budget,5564.19
Intel i9-14900K,MSI MAG Z790 Tomahawk DDR5,DDR5 64GB 5600MHz (2x32),RTX 4070,Samsung 990 Pro 4TB,Corsair RM1000x Gold,DeepCool LE720 360mm,Corsair 7000D Airflow,high,17954.33
Intel i7-14700KF,MSI MAG Z790 Tomahawk DDR5,DDR5 32GB 5600MHz (2x16),RTX 5060 Ti 16GB,Crucial P3 500GB,Cooler Master MWE 650 Gold,DeepCool AK400,NZXT H5 Flow,mid,11578.4
AMD Ryzen 5 5500,Gigabyte A520M K V2,DDR4 8GB 3200MHz (1x8),Arc B580,Kingston NV2 1TB,Corsair CX650 Bronze,DeepCool AK400,Corsair 3000D Airflow,entry,4341.22
Intel i5-14600KF,ASUS TUF B760M-Plus DDR5,DDR5 32GB 5600MHz (2x16),RTX 5070 Ti,Samsung 990 Pro 1TB,Corsair RM850x Gold,DeepCool LE720 360mm,Corsair 7000D Airflow,high,17252.59
Intel i9-14900K,ASUS TUF B760M-Plus DDR5,DDR5 64GB 5600MHz (2x32),RX 7800 XT,WD Black SN850X 2TB,Corsair RM750x Gold,DeepCool LE720 360mm,NZXT H5 Flow,high,15484.26
AMD Ryzen 7 5800X3D,Gigabyte A520M K V2,DDR4 32GB 3600MHz RGB,RTX 5090,WD Black SN850X 2TB,Corsair RM850x Gold,NZXT Kraken 360,Lian Li O11 Dynamic EVO,enthusiast,25329.24
AMD Ryzen 7 5800X3D,MSI B550M-A Pro,DDR4 32GB 3200MHz (2x16),RTX 4070,WD Black SN850X 2TB,Corsair CX650 Bronze,Thermalright Peerless Assassin,Corsair 3000D Airflow,mid,9586.2
AMD Ryzen 7 7800X3D,MSI MAG B650 Tomahawk,DDR5 32GB 5600MHz (2x16),RTX 5070,Samsung 990 Pro 1TB,Corsair RM850x Gold,DeepCool LE720 360mm,Corsair 7000D Airflow,high,13459.38
AMD Ryzen 7 7700X,MSI MAG B650 Tomahawk,DDR5 32GB 5600MHz (2x16),RTX 5070 Ti,WD Blue SN580 1TB,Corsair RM850x Gold,NZXT Kraken 360,Corsair 7000D Airflow,high,17696.25
AMD Ryzen 7 7700X,MSI MAG X870E Tomahawk,DDR5 32GB 5600MHz (2x16),RTX 5060 Ti 16GB,WD Blue SN580 1TB,Corsair RM850x Gold,DeepCool LE720 360mm,NZXT H5 Flow,high,12654.71
AMD Ryzen 7 7800X3D,MSI MAG X870E Tomahawk,DDR5 32GB 6000MHz RGB,RTX 5070,WD Black SN850X 2TB,Corsair RM850x Gold,Thermalright Peerless Assassin,NZXT H5 Flow,mid,15796.76
Intel i7-14700KF,MSI MAG Z790 Tomahawk DDR5,DDR5 64GB 5600MHz (2x32),RTX 5080,Samsung 990 Pro 1TB,Corsair RM850x Gold,NZXT Kraken 360,Lian Li O11 Dynamic EVO,enthusiast,24080.52
Intel i3-12100F,MSI PRO H610M-G DDR4,DDR4 8GB 3200MHz (1x8),RX 7600,Crucial P3 500GB,Cooler Master MWE 650 Gold,Cooler box (stock),Gamemax Infinit M909,entry,3718.12
Intel i5-14600KF,ASUS TUF B760M-Plus DDR5,DDR5 32GB 6000MHz RGB,RTX 5060 Ti 16GB,WD Blue SN580 1TB,Corsair RM750x Gold,DeepCool AK400,Corsair 3000D Airflow,mid,11464.32
AMD Ryzen 9 9950X,MSI MAG X870E Tomahawk,DDR5 32GB 6000MHz RGB,RTX 5080,Samsung 990 Pro 4TB,Corsair RM1000x Gold,DeepCool LE720 360mm,Lian Li O11 Dynamic EVO,enthusiast,24323.15
AMD Ryzen 7 5800X3D,ASUS TUF B550M-Plus,DDR4 32GB 3600MHz RGB,RX 7800 XT,Samsung 990 Pro 1TB,Corsair CX650 Bronze,DeepCool LE720 360mm,Corsair 3000D Airflow,mid,10878.58
Intel i9-14900K,ASUS TUF B760M-Plus DDR5,DDR5 32GB 6000MHz RGB,RTX 5070 Ti,Samsung 990 Pro 4TB,Corsair RM1000x Gold,DeepCool LE720 360mm,Lian Li O11 Dynamic EVO,high,18548.25
Intel i9-14900K,MSI MAG Z790 Tomahawk DDR5,DDR5 64GB 5600MHz (2x32),RTX 5070,Samsung 990 Pro 4TB,Corsair RM850x Gold,NZXT Kraken 360,Lian Li O11 Dynamic EVO,enthusiast,18535.03
Intel i7-14700KF,MSI MAG Z790 Tomahawk DDR5,DDR5 32GB 6000MHz RGB,RX 9070 XT,WD Black SN850X 2TB,Corsair RM1000x Gold,DeepCool LE720 360mm,Corsair 7000D Airflow,enthusiast,16561.25
Intel i5-14400F,MSI PRO B760M-A DDR4,DDR4 32GB 3600MHz RGB,RX 7800 XT,WD Black SN850X 2TB,Corsair RM750x Gold,DeepCool LE720 360mm,Corsair 3000D Airflow,mid,9023.84
Intel i9-14900K,MSI MAG Z790 Tomahawk DDR5,DDR5 32GB 6000MHz RGB,RX 9070 XT,WD Black SN850X 2TB,Corsair RM1000x Gold,DeepCool LE720 360mm,Corsair 7000D Airflow,enthusiast,16894.9
Intel i5-14600KF,ASUS TUF B760M-Plus DDR5,DDR5 32GB 6000MHz RGB,RTX 5060 Ti 16GB,WD Blue SN580 1TB,Corsair RM850x Gold,DeepCool LE720 360mm,NZXT H5 Flow,high,12893.66
AMD Ryzen 5 5500,Gigabyte A520M K V2,DDR4 8GB 3200MHz (1x8),GTX 1650,Crucial P3 500GB,Corsair CX650 Bronze,Cooler box (stock),Gamemax Infinit M909,entry,2815.19
AMD Ryzen 9 9950X,MSI MAG X870E Tomahawk,DDR5 32GB 6000MHz RGB,RTX 5070,Samsung 990 Pro 4TB,Corsair RM1000x Gold,DeepCool LE720 360mm,Corsair 7000D Airflow,enthusiast,17767.36
AMD Ryzen 7 7800X3D,MSI MAG X870E Tomahawk,DDR5 16GB 5600MHz (2x8),RTX 5070,WD Blue SN580 1TB,Corsair RM850x Gold,Thermalright Peerless Assassin,Lian Li O11 Dynamic EVO,mid,12069.74
Intel i9-14900K,MSI MAG Z790 Tomahawk DDR5,DDR5 32GB 6000MHz RGB,RTX 5090,WD Black SN850X 2TB,Corsair RM850x Gold,NZXT Kraken 360,Lian Li O11 Dynamic EVO,enthusiast,31954.6
Intel i5-12400F,MSI PRO B760M-A DDR4,DDR4 16GB 3200MHz (2x8),RX 6600,Kingston NV2 500GB,Cooler Master MWE 650 Gold,DeepCool AK400,Gamemax Infinit M909,entry,3928.93
Intel i5-14600KF,MSI MAG Z790 Tomahawk DDR5,DDR5 32GB 6000MHz RGB,RTX 5060 Ti 16GB,WD Black SN850X 2TB,Corsair RM1000x Gold,NZXT Kraken 360,NZXT H5 Flow,high,14221.71
Intel i3-12100F,MSI PRO B760M-A DDR4,DDR4 8GB 3200MHz (1x8),RX 7600,Kingston NV2 500GB,Cooler Master MWE 650 Gold,Cooler box (stock),Gamemax Infinit M909,entry,4190.24
AMD Ryzen 7 7800X3D,MSI MAG X870E Tomahawk,DDR5 32GB 5600MHz (2x16),RTX 5080,WD Black SN850X 2TB,Corsair RM750x Gold,NZXT Kraken 360,Corsair 7000D Airflow,high,20756.22
AMD Ryzen 5 5600,MSI B550M-A Pro,DDR4 16GB 3200MHz (2x8),RTX 4060,Kingston NV2 1TB,Cooler Master MWE 650 Gold,Cooler box (stock),Corsair 3000D Airflow,entry,5409.47
AMD Ryzen 5 8400F,ASUS Prime A620M-K,DDR5 32GB 5600MHz (2x16),RTX 5060 Ti 16GB,Kingston NV2 1TB,Redragon RGPS 500W Bronze,Cooler box (stock),NZXT H5 Flow,budget,9305.52
Intel i3-12100F,MSI PRO B760M-A DDR4,DDR4 16GB 3200MHz (2x8),GTX 1650,Crucial P3 500GB,Corsair CX650 Bronze,DeepCool AK400,Corsair 3000D Airflow,entry,3569.99
AMD Ryzen 7 7700X,MSI MAG B650 Tomahawk,DDR5 64GB 5600MHz (2x32),RTX 4070,Samsung 990 Pro 1TB,Corsair RM750x Gold,NZXT Kraken 360,Corsair 7000D Airflow,high,15719.74
AMD Ryzen 9 9950X,MSI MAG B650 Tomahawk,DDR5 32GB 6000MHz RGB,RTX 5060 Ti 16GB,WD Black SN850X 2TB,Corsair RM1000x Gold,NZXT Kraken 360,NZXT H5 Flow,high,17136.56
AMD Ryzen 9 9950X,MSI MAG X870E Tomahawk,DDR5 32GB 6000MHz RGB,RTX 5070,Samsung 990 Pro 1TB,Corsair RM850x Gold,NZXT Kraken 360,Corsair 7000D Airflow,high,16970.88
Intel i5-14400F,MSI PRO B760M-A DDR4,DDR4 16GB 3200MHz (2x8),RTX 4060,WD Blue SN580 1TB,Corsair CX650 Bronze,Thermalright Peerless Assassin,Corsair 3000D Airflow,budget,5632.35
Intel i7-14700KF,MSI MAG Z790 Tomahawk DDR5,DDR5 64GB 5600MHz (2x32),RTX 5070,Samsung 990 Pro 1TB,Corsair RM850x Gold,NZXT Kraken 360,Lian Li O11 Dynamic EVO,enthusiast,17672.08
AMD Ryzen 5 7600,MSI PRO B850M-B,DDR5 32GB 6000MHz RGB,Arc B580,WD Black SN850X 2TB,Corsair RM850x Gold,DeepCool LE720 360mm,Corsair 3000D Airflow,mid,10438.77
Intel i5-12400F,MSI PRO H610M-G DDR4,DDR4 32GB 3200MHz (2x16),RTX 3060 12GB,WD Blue SN580 1TB,Cooler Master MWE 650 Gold,DeepCool AK400,Corsair 3000D Airflow,budget,5517.09
Intel i9-14900K,ASUS TUF B760M-Plus DDR5,DDR5 32GB 5600MHz (2x16),RTX 5080,Samsung 990 Pro 1TB,Corsair RM750x Gold,Thermalright Peerless Assassin,Corsair 7000D Airflow,high,17426.91
Intel i5-14600KF,ASUS TUF B760M-Plus DDR5,DDR5 32GB 6000MHz RGB,RTX 5060 Ti 16GB,Samsung 990 Pro 1TB,Corsair RM850x Gold,Thermalright Peerless Assassin,Corsair 3000D Airflow,mid,11939.48
AMD Ryzen 7 5800X3D,ASUS TUF B550M-Plus,DDR4 32GB 3600MHz RGB,RX 7800 XT,Samsung 990 Pro 1TB,Corsair RM850x Gold,DeepCool LE720 360mm,NZXT H5 Flow,high,11471.22
Intel i7-14700KF,MSI MAG Z790 Tomahawk DDR5,DDR5 64GB 5600MHz (2x32),RTX 5090,WD Black SN850X 2TB,Corsair RM850x Gold,NZXT Kraken 360,Corsair 7000D Airflow,enthusiast,31904.19
AMD Ryzen 5 5600,MSI B550M-A Pro,DDR4 16GB 3200MHz (2x8),RX 7600,Crucial P3 500GB,Redragon RGPS 500W Bronze,Cooler box (stock),Corsair 3000D Airflow,entry,4093.82
Intel i3-12100F,MSI PRO B760M-A DDR4,DDR4 8GB 3200MHz (1x8),Arc B580,Kingston NV2 1TB,Corsair CX650 Bronze,Cooler box (stock),Gamemax Infinit M909,entry,4707.2
Intel i5-12400F,MSI PRO B760M-A DDR4,DDR4 8GB 3200MHz (1x8),RX 6600,Crucial P3 500GB,Cooler Master MWE 650 Gold,DeepCool AK400,Gamemax Infinit M909,entry,3667.37
AMD Ryzen 7 7800X3D,MSI MAG X870E Tomahawk,DDR5 16GB 5600MHz (2x8),RTX 5070 Ti,Kingston NV2 1TB,Corsair RM750x Gold,DeepCool AK400,NZXT H5 Flow,mid,13094.77
AMD Ryzen 7 7800X3D,MSI MAG B650 Tomahawk,DDR5 32GB 5600MHz (2x16),RTX 5070 Ti,Kingston NV2 1TB,Cooler Master MWE 650 Gold,Thermalright Peerless Assassin,Lian Li O11 Dynamic EVO,mid,16072.19
AMD Ryzen 5 8400F,ASUS Prime A620M-K,DDR5 16GB 5600MHz (2x8),GTX 1650,Kingston NV2 1TB,Cooler Master MWE 650 Gold,Cooler box (stock),Corsair 3000D Airflow,entry,4879.9
AMD Ryzen 7 7700X,MSI PRO B850M-B,DDR5 32GB 5600MHz (2x16),RTX 4060,Crucial P3 500GB,Redragon RGPS 500W Bronze,DeepCool AK400,Gamemax Infinit M909,budget,8546.93
AMD Ryzen 7 5700X,Gigabyte A520M K V2,DDR4 8GB 3200MHz (1x8),RTX 3060 12GB,Crucial P3 500GB,Cooler Master MWE 650 Gold,Cooler box (stock),Gamemax Infinit M909,entry,3984.86
Intel i3-12100F,ASUS TUF B760M-Plus DDR5,DDR5 16GB 5600MHz (2x8),RTX 4070,Crucial P3 500GB,Corsair RM750x Gold,Cooler box (stock),Corsair 3000D Airflow,budget,8084.27
AMD Ryzen 7 7700X,MSI MAG X870E Tomahawk,DDR5 64GB 5600MHz (2x32),RTX 5080,Samsung 990 Pro 1TB,Corsair RM850x Gold,NZXT Kraken 360,Lian Li O11 Dynamic EVO,high,22898.54
Intel i3-12100F,ASUS TUF B760M-Plus DDR5,DDR5 16GB 5600MHz (2x8),RTX 4060,Crucial P3 500GB,Cooler Master MWE 650 Gold,Cooler box (stock),Gamemax Infinit M909,budget,5913.15
Intel i3-12100F,MSI PRO B760M-A DDR4,DDR4 8GB 3200MHz (1x8),RX 7800 XT,Kingston NV2 500GB,Cooler Master MWE 650 Gold,DeepCool AK400,NZXT H5 Flow,budget,6282.3
AMD Ryzen 5 5500,ASUS TUF B550M-Plus,DDR4 16GB 3200MHz (2x8),RTX 4060,WD Blue SN580 1TB,Corsair CX650 Bronze,Thermalright Peerless Assassin,NZXT H5 Flow,budget,5495.01
AMD Ryzen 9 9950X,MSI MAG B650 Tomahawk,DDR5 64GB 5600MHz (2x32),RTX 5070 Ti,Samsung 990 Pro 1TB,Corsair RM750x Gold,Thermalright Peerless Assassin,Corsair 7000D Airflow,high,19252.9
Intel i7-14700KF,MSI MAG Z790 Tomahawk DDR5,DDR5 32GB 5600MHz (2x16),RX 7800 XT,WD Blue SN580 1TB,Corsair RM1000x Gold,NZXT Kraken 360,Lian Li O11 Dynamic EVO,high,13825.59
Intel i5-14600KF,ASUS TUF B760M-Plus DDR5,DDR5 64GB 5600MHz (2x32),RX 9070 XT,Samsung 990 Pro 1TB,Corsair RM1000x Gold,NZXT Kraken 360,Lian Li O11 Dynamic EVO,high,16248.62
AMD Ryzen 7 7800X3D,MSI MAG X870E Tomahawk,DDR5 32GB 6000MHz RGB,RTX 5070,Samsung 990 Pro 4TB,Corsair RM750x Gold,Thermalright Peerless Assassin,NZXT H5 Flow,high,14265.38
AMD Ryzen 7 5700X,ASUS TUF B550M-Plus,DDR4 32GB 3600MHz RGB,RTX 5070 Ti,WD Blue SN580 1TB,Corsair CX650 Bronze,DeepCool AK400,Lian Li O11 Dynamic EVO,mid,12563.93
AMD Ryzen 5 7600,MSI MAG X870E Tomahawk,DDR5 32GB 5600MHz (2x16),RTX 4060,Crucial P3 500GB,Corsair CX650 Bronze,Thermalright Peerless Assassin,Lian Li O11 Dynamic EVO,mid,10142.96
Intel i5-14400F,MSI PRO B760M-A DDR4,DDR4 32GB 3200MHz (2x16),RTX 4060,WD Blue SN580 1TB,Corsair RM750x Gold,DeepCool AK400,Lian Li O11 Dynamic EVO,mid,7770.74
AMD Ryzen 7 5700X,MSI B550M-A Pro,DDR4 32GB 3200MHz (2x16),RTX 4060,Crucial P3 500GB,Corsair RM750x Gold,DeepCool AK400,NZXT H5 Flow,budget,6848.68
Intel i5-12400F,MSI PRO H610M-G DDR4,DDR4 8GB 3200MHz (1x8),GTX 1650,Kingston NV2 1TB,Corsair CX650 Bronze,DeepCool AK400,NZXT H5 Flow,budget,3754.4
Intel i5-14600KF,ASUS TUF B760M-Plus DDR5,DDR5 16GB 5600MHz (2x8),RX 7600,Crucial P3 500GB,Corsair RM750x Gold,DeepCool LE720 360mm,NZXT H5 Flow,mid,7908.05
AMD Ryzen 5 5500,Gigabyte A520M K V2,DDR4 16GB 3200MHz (2x8),RTX 4060,Kingston NV2 500GB,Cooler Master MWE 650 Gold,DeepCool AK400,Gamemax Infinit M909,entry,4782.92
AMD Ryzen 7 7800X3D,MSI MAG X870E Tomahawk,DDR5 32GB 6000MHz RGB,RTX 5080,Samsung 990 Pro 4TB,Corsair RM850x Gold,DeepCool LE720 360mm,Corsair 7000D Airflow,enthusiast,21388.84
AMD Ryzen 5 8400F,ASUS Prime A620M-K,DDR5 16GB 5600MHz (2x8),RTX 3060 12GB,Kingston NV2 1TB,Redragon RGPS 500W Bronze,Cooler box (stock),Gamemax Infinit M909,entry,5066.3
Intel i5-14600KF,MSI PRO B760M-A DDR4,DDR4 16GB 3200MHz (2x8),RTX 5070 Ti,Samsung 990 Pro 1TB,Corsair CX650 Bronze,Thermalright Peerless Assassin,Lian Li O11 Dynamic EVO,mid,11412.25
AMD Ryzen 7 7800X3D,MSI MAG X870E Tomahawk,DDR5 64GB 5600MHz (2x32),RX 9070 XT,Samsung 990 Pro 1TB,Corsair RM850x Gold,DeepCool LE720 360mm,Lian Li O11 Dynamic EVO,enthusiast,16974.34
AMD Ryzen 7 9800X3D,MSI MAG X870E Tomahawk,DDR5 64GB 5600MHz (2x32),RTX 5070,Samsung 990 Pro 4TB,Corsair RM1000x Gold,NZXT Kraken 360,Lian Li O11 Dynamic EVO,enthusiast,21232.08
AMD Ryzen 7 9800X3D,MSI MAG X870E Tomahawk,DDR5 32GB 6000MHz RGB,RTX 5080,WD Black SN850X 2TB,Corsair RM1000x Gold,NZXT Kraken 360,Lian Li O11 Dynamic EVO,enthusiast,22817.57
AMD Ryzen 5 8400F,MSI PRO B850M-B,DDR5 16GB 5600MHz (2x8),RTX 4060,Crucial P3 500GB,Cooler Master MWE 650 Gold,DeepCool AK400,Gamemax Infinit M909,entry,6146.57
Intel i5-14400F,MSI PRO H610M-G DDR4,DDR4 16GB 3200MHz (2x8),RX 6600,Kingston NV2 1TB,Cooler Master MWE 650 Gold,DeepCool AK400,Corsair 3000D Airflow,entry,4715.28
Intel i7-14700KF,ASUS TUF B760M-Plus DDR5,DDR5 32GB 6000MHz RGB,RTX 5090,Samsung 990 Pro 1TB,Corsair RM750x Gold,NZXT Kraken 360,Lian Li O11 Dynamic EVO,high,26351.81
Intel i5-14600KF,MSI PRO B760M-A DDR4,DDR4 16GB 3200MHz (2x8),RX 6600,WD Blue SN580 1TB,Redragon RGPS 500W Bronze,Thermalright Peerless Assassin,Gamemax Infinit M909,budget,4484.23
AMD Ryzen 7 7700X,MSI MAG B650 Tomahawk,DDR5 32GB 5600MHz (2x16),RTX 3060 12GB,Crucial P3 500GB,Corsair RM750x Gold,Cooler box (stock),Gamemax Infinit M909,budget,8864.67
AMD Ryzen 5 7600,MSI MAG X870E Tomahawk,DDR5 16GB 5600MHz (2x8),RTX 5070 Ti,Kingston NV2 1TB,Cooler Master MWE 650 Gold,DeepCool LE720 360mm,NZXT H5 Flow,mid,13303.52
AMD Ryzen 5 7600,ASUS Prime A620M-K,DDR5 16GB 5600MHz (2x8),Arc B580,WD Blue SN580 1TB,Redragon RGPS 500W Bronze,Thermalright Peerless Assassin,NZXT H5 Flow,budget,6866.88
AMD Ryzen 7 7700X,MSI PRO B850M-B,DDR5 32GB 6000MHz RGB,RX 7800 XT,Crucial P3 500GB,Corsair RM750x Gold,Thermalright Peerless Assassin,Lian Li O11 Dynamic EVO,mid,12078.78
Intel i7-14700KF,ASUS TUF B760M-Plus DDR5,DDR5 64GB 5600MHz (2x32),RTX 5080,Samsung 990 Pro 4TB,Corsair RM850x Gold,NZXT Kraken 360,Lian Li O11 Dynamic EVO,high,22971.23
AMD Ryzen 7 7800X3D,MSI MAG B650 Tomahawk,DDR5 32GB 6000MHz RGB,RTX 4070,Samsung 990 Pro 4TB,Corsair RM1000x Gold,DeepCool LE720 360mm,Corsair 7000D Airflow,high,14701.5
AMD Ryzen 7 7700X,MSI MAG B650 Tomahawk,DDR5 32GB 5600MHz (2x16),RTX 5070 Ti,Samsung 990 Pro 4TB,Corsair RM1000x Gold,Thermalright Peerless Assassin,Lian Li O11 Dynamic EVO,high,17899.27
AMD Ryzen 7 7700X,MSI PRO B850M-B,DDR5 32GB 6000MHz RGB,RX 7600,Crucial P3 500GB,Corsair CX650 Bronze,Thermalright Peerless Assassin,Corsair 3000D Airflow,mid,9594.73
AMD Ryzen 5 7600,MSI PRO B850M-B,DDR5 16GB 5600MHz (2x8),RTX 3060 12GB,Kingston NV2 500GB,Corsair CX650 Bronze,DeepCool AK400,Corsair 3000D Airflow,entry,6133.76
Intel i9-14900K,MSI MAG Z790 Tomahawk DDR5,DDR5 32GB 6000MHz RGB,RX 9070 XT,WD Blue SN580 1TB,Corsair RM1000x Gold,NZXT Kraken 360,Corsair 7000D Airflow,high,17652.35
Intel i9-14900K,MSI MAG Z790 Tomahawk DDR5,DDR5 64GB 5600MHz (2x32),RX 7800 XT,Samsung 990 Pro 1TB,Corsair RM750x Gold,DeepCool LE720 360mm,Corsair 7000D Airflow,high,17200.35
Intel i3-12100F,MSI PRO B760M-A DDR4,DDR4 8GB 3200MHz (1x8),RTX 4060,WD Blue SN580 1TB,Corsair RM750x Gold,Thermalright Peerless Assassin,NZXT H5 Flow,budget,5177.56
Intel i5-14400F,MSI PRO B760M-A DDR4,DDR4 32GB 3600MHz RGB,RX 9070 XT,WD Black SN850X 2TB,Corsair CX650 Bronze,DeepCool LE720 360mm,NZXT H5 Flow,mid,11146.54
AMD Ryzen 7 5700X,ASUS TUF B550M-Plus,DDR4 32GB 3600MHz RGB,RTX 5070,Samsung 990 Pro 1TB,Corsair RM750x Gold,DeepCool LE720 360mm,Corsair 3000D Airflow,mid,10218.43
Intel i7-14700KF,MSI PRO B760M-A DDR4,DDR4 32GB 3200MHz (2x16),RTX 5070,Samsung 990 Pro 1TB,Cooler Master MWE 650 Gold,Thermalright Peerless Assassin,Lian Li O11 Dynamic EVO,mid,10116.91
AMD Ryzen 7 5800X3D,ASUS TUF B550M-Plus,DDR4 32GB 3200MHz (2x16),RTX 5060 Ti 16GB,WD Black SN850X 2TB,Corsair RM850x Gold,Thermalright Peerless Assassin,NZXT H5 Flow,high,10258.78
Intel i5-14600KF,MSI MAG Z790 Tomahawk DDR5,DDR5 32GB 6000MHz RGB,RTX 5060 Ti 16GB,Samsung 990 Pro 4TB,Corsair RM1000x Gold,NZXT Kraken 360,Corsair 7000D Airflow,high,16572.11
Intel i3-12100F,MSI PRO H610M-G DDR4,DDR4 16GB 3200MHz (2x8),RTX 3060 12GB,Crucial P3 500GB,Corsair CX650 Bronze,Thermalright Peerless Assassin,Corsair 3000D Airflow,budget,4408.42
AMD Ryzen 7 5800X3D,ASUS TUF B550M-Plus,DDR4 32GB 3200MHz (2x16),RTX 5070,Samsung 990 Pro 4TB,Corsair RM750x Gold,NZXT Kraken 360,Lian Li O11 Dynamic EVO,high,13709.52
Intel i5-12400F,MSI PRO B760M-A DDR4,DDR4 32GB 3200MHz (2x16),RTX 4070,Kingston NV2 1TB,Corsair RM750x Gold,DeepCool AK400,Gamemax Infinit M909,budget,8048.87
Intel i3-12100F,MSI PRO B760M-A DDR4,DDR4 16GB 3200MHz (2x8),RTX 3060 12GB,Kingston NV2 500GB,Corsair CX650 Bronze,Cooler box (stock),Gamemax Infinit M909,entry,4185.59
AMD Ryzen 7 5700X,ASUS TUF B550M-Plus,DDR4 16GB 3200MHz (2x8),Arc B580,Kingston NV2 1TB,Cooler Master MWE 650 Gold,DeepCool AK400,NZXT H5 Flow,budget,5752.82
AMD Ryzen 5 5500,MSI B550M-A Pro,DDR4 16GB 3200MHz (2x8),RTX 5060 Ti 16GB,Kingston NV2 1TB,Redragon RGPS 500W Bronze,DeepCool AK400,NZXT H5 Flow,budget,6552.79
AMD Ryzen 7 5800X3D,ASUS TUF B550M-Plus,DDR4 32GB 3600MHz RGB,RTX 3060 12GB,Samsung 990 Pro 1TB,Corsair CX650 Bronze,DeepCool AK400,Lian Li O11 Dynamic EVO,mid,8548.3
AMD Ryzen 7 7800X3D,MSI MAG X870E Tomahawk,DDR5 32GB 5600MHz (2x16),RTX 3060 12GB,Kingston NV2 1TB,Cooler Master MWE 650 Gold,Thermalright Peerless Assassin,NZXT H5 Flow,mid,9862.26
AMD Ryzen 7 9800X3D,MSI MAG X870E Tomahawk,DDR5 64GB 5600MHz (2x32),RX 9070 XT,Samsung 990 Pro 1TB,Corsair RM850x Gold,NZXT Kraken 360,Corsair 7000D Airflow,enthusiast,21291.17
AMD Ryzen 7 5800X3D,ASUS TUF B550M-Plus,DDR4 32GB 3600MHz RGB,RTX 5060 Ti 16GB,WD Black SN850X 2TB,Corsair RM850x Gold,NZXT Kraken 360,Corsair 7000D Airflow,high,12529.95
AMD Ryzen 7 5800X3D,ASUS TUF B550M-Plus,DDR4 16GB 3200MHz (2x8),RX 7600,Samsung 990 Pro 1TB,Corsair CX650 Bronze,DeepCool LE720 360mm,Corsair 3000D Airflow,mid,7394.84
AMD Ryzen 5 7600,MSI MAG B650 Tomahawk,DDR5 32GB 5600MHz (2x16),RX 7600,Kingston NV2 1TB,Corsair CX650 Bronze,DeepCool AK400,NZXT H5 Flow,mid,8023.63
AMD Ryzen 7 7800X3D,MSI MAG B650 Tomahawk,DDR5 64GB 5600MHz (2x32),RTX 5070 Ti,WD Black SN850X 2TB,Corsair RM850x Gold,DeepCool LE720 360mm,Corsair 7000D Airflow,high,18516.47
Intel i9-14900K,MSI MAG Z790 Tomahawk DDR5,DDR5 32GB 6000MHz RGB,RTX 5070 Ti,Samsung 990 Pro 1TB,Corsair RM850x Gold,NZXT Kraken 360,Lian Li O11 Dynamic EVO,enthusiast,18505.41
AMD Ryzen 7 7700X,MSI MAG X870E Tomahawk,DDR5 64GB 5600MHz (2x32),RTX 5090,WD Black SN850X 2TB,Corsair RM850x Gold,NZXT Kraken 360,Lian Li O11 Dynamic EVO,high,29410.09
AMD Ryzen 7 9800X3D,MSI MAG X870E Tomahawk,DDR5 32GB 5600MHz (2x16),RTX 5090,WD Blue SN580 1TB,Corsair RM750x Gold,Thermalright Peerless Assassin,NZXT H5 Flow,high,27046.2
AMD Ryzen 5 8400F,MSI PRO B850M-B,DDR5 32GB 5600MHz (2x16),RTX 5060 Ti 16GB,WD Blue SN580 1TB,Corsair RM750x Gold,Thermalright Peerless Assassin,Gamemax Infinit M909,budget,9259.35
AMD Ryzen 7 5700X,MSI B550M-A Pro,DDR4 16GB 3200MHz (2x8),RTX 5070 Ti,Kingston NV2 1TB,Corsair RM850x Gold,Thermalright Peerless Assassin,NZXT H5 Flow,mid,10777.96
Intel i7-14700KF,ASUS TUF B760M-Plus DDR5,DDR5 32GB 6000MHz RGB,RTX 5070,Samsung 990 Pro 4TB,Corsair RM850x Gold,Thermalright Peerless Assassin,Corsair 7000D Airflow,high,16065.66
Intel i5-12400F,ASUS TUF B760M-Plus DDR5,DDR5 32GB 5600MHz (2x16),GTX 1650,Kingston NV2 1TB,Corsair CX650 Bronze,Cooler box (stock),Corsair 3000D Airflow,budget,6888.48
AMD Ryzen 7 9800X3D,MSI MAG X870E Tomahawk,DDR5 32GB 5600MHz (2x16),RTX 5070 Ti,WD Black SN850X 2TB,Corsair RM850x Gold,Thermalright Peerless Assassin,Lian Li O11 Dynamic EVO,high,18672.76
Intel i5-14400F,ASUS TUF B760M-Plus DDR5,DDR5 32GB 5600MHz (2x16),RTX 4060,Kingston NV2 1TB,Corsair RM750x Gold,DeepCool AK400,Lian Li O11 Dynamic EVO,mid,8942.11
Intel i5-14600KF,ASUS TUF B760M-Plus DDR5,DDR5 32GB 6000MHz RGB,RTX 5070 Ti,Samsung 990 Pro 4TB,Corsair RM750x Gold,Thermalright Peerless Assassin,Lian Li O11 Dynamic EVO,high,15550.62
AMD Ryzen 9 9950X,MSI MAG X870E Tomahawk,DDR5 64GB 5600MHz (2x32),RTX 5080,Samsung 990 Pro 1TB,Corsair RM1000x Gold,DeepCool LE720 360mm,Corsair 7000D Airflow,enthusiast,24036.9
Intel i5-14600KF,MSI MAG Z790 Tomahawk DDR5,DDR5 16GB 5600MHz (2x8),RTX 3060 12GB,Kingston NV2 1TB,Corsair RM850x Gold,Thermalright Peerless Assassin,Lian Li O11 Dynamic EVO,mid,9000.82
Intel i9-14900K,ASUS TUF B760M-Plus DDR5,DDR5 32GB 5600MHz (2x16),RX 9070 XT,WD Black SN850X 2TB,Corsair RM750x Gold,Thermalright Peerless Assassin,Corsair 7000D Airflow,high,14251.86
Intel i7-14700KF,ASUS TUF B760M-Plus DDR5,DDR5 64GB 5600MHz (2x32),RTX 5060 Ti 16GB,WD Blue SN580 1TB,Corsair RM750x Gold,DeepCool LE720 360mm,Corsair 7000D Airflow,high,15066.56
Intel i5-14400F,MSI PRO H610M-G DDR4,DDR4 8GB 3200MHz (1x8),RTX 3060 12GB,Kingston NV2 500GB,Corsair RM750x Gold,Cooler box (stock),Corsair 3000D Airflow,budget,4300.9
AMD Ryzen 5 7600,ASUS Prime A620M-K,DDR5 16GB 5600MHz (2x8),RX 7600,Crucial P3 500GB,Redragon RGPS 500W Bronze,Thermalright Peerless Assassin,Gamemax Infinit M909,budget,5253.63
AMD Ryzen 5 7600,MSI MAG B650 Tomahawk,DDR5 16GB 5600MHz (2x8),GTX 1650,Kingston NV2 500GB,Cooler Master MWE 650 Gold,Thermalright Peerless Assassin,Corsair 3000D Airflow,budget,5963.49
AMD Ryzen 5 5600,ASUS TUF B550M-Plus,DDR4 32GB 3200MHz (2x16),RTX 5060 Ti 16GB,Kingston NV2 1TB,Corsair RM750x Gold,Thermalright Peerless Assassin,NZXT H5 Flow,budget,7765.59
AMD Ryzen 7 7800X3D,MSI MAG X870E Tomahawk,DDR5 64GB 5600MHz (2x32),RX 9070 XT,Samsung 990 Pro 1TB,Corsair RM1000x Gold,DeepCool LE720 360mm,Lian Li O11 Dynamic EVO,enthusiast,17457.25
Intel i9-14900K,ASUS TUF B760M-Plus DDR5,DDR5 32GB 6000MHz RGB,RTX 5090,WD Black SN850X 2TB,Corsair RM1000x Gold,Thermalright Peerless Assassin,Lian Li O11 Dynamic EVO,high,28933.04
Intel i7-14700KF,MSI MAG Z790 Tomahawk DDR5,DDR5 64GB 5600MHz (2x32),RTX 5070,WD Black SN850X 2TB,Corsair RM850x Gold,NZXT Kraken 360,Lian Li O11 Dynamic EVO,enthusiast,16695.84
AMD Ryzen 7 9800X3D,MSI MAG X870E Tomahawk,DDR5 32GB 6000MHz RGB,RTX 5080,Samsung 990 Pro 1TB,Corsair RM1000x Gold,NZXT Kraken 360,Corsair 7000D Airflow,enthusiast,20693.76
AMD Ryzen 7 7700X,MSI MAG X870E Tomahawk,DDR5 32GB 6000MHz RGB,RX 7800 XT,Samsung 990 Pro 4TB,Corsair RM850x Gold,DeepCool LE720 360mm,NZXT H5 Flow,high,14991.26
AMD Ryzen 7 7800X3D,MSI MAG X870E Tomahawk,DDR5 32GB 6000MHz RGB,RTX 5070,WD Black SN850X 2TB,Corsair RM750x Gold,DeepCool LE720 360mm,Corsair 7000D Airflow,high,16077.5
AMD Ryzen 5 7600,MSI PRO B850M-B,DDR5 16GB 5600MHz (2x8),RTX 3060 12GB,Kingston NV2 500GB,Redragon RGPS 500W Bronze,DeepCool AK400,Corsair 3000D Airflow,entry,5706.77
AMD Ryzen 5 8400F,ASUS Prime A620M-K,DDR5 32GB 5600MHz (2x16),RTX 4070,WD Blue SN580 1TB,Corsair CX650 Bronze,Thermalright Peerless Assassin,Gamemax Infinit M909,budget,8870.12
Intel i7-14700KF,MSI PRO B760M-A DDR4,DDR4 32GB 3200MHz (2x16),RX 9070 XT,WD Blue SN580 1TB,Corsair RM750x Gold,Thermalright Peerless Assassin,Corsair 3000D Airflow,mid,10862.96
Intel i5-14600KF,MSI PRO H610M-G DDR4,DDR4 8GB 3200MHz (1x8),RTX 4060,Kingston NV2 1TB,Redragon RGPS 500W Bronze,Cooler box (stock),NZXT H5 Flow,budget,5524.11
AMD Ryzen 5 5500,ASUS TUF B550M-Plus,DDR4 32GB 3200MHz (2x16),Arc B580,Kingston NV2 1TB,Redragon RGPS 500W Bronze,Thermalright Peerless Assassin,Corsair 3000D Airflow,budget,6535.44
AMD Ryzen 7 5700X,MSI B550M-A Pro,DDR4 16GB 3200MHz (2x8),RX 7800 XT,Samsung 990 Pro 1TB,Cooler Master MWE 650 Gold,DeepCool AK400,Corsair 3000D Airflow,mid,7340.54
AMD Ryzen 7 5800X3D,ASUS TUF B550M-Plus,DDR4 32GB 3600MHz RGB,RTX 5070,Samsung 990 Pro 1TB,Corsair RM1000x Gold,DeepCool LE720 360mm,Corsair 7000D Airflow,enthusiast,12419.26
AMD Ryzen 7 5800X3D,ASUS TUF B550M-Plus,DDR4 32GB 3600MHz RGB,RTX 4070,Samsung 990 Pro 4TB,Corsair RM1000x Gold,NZXT Kraken 360,Lian Li O11 Dynamic EVO,high,14091.36
AMD Ryzen 7 5800X3D,ASUS TUF B550M-Plus,DDR4 32GB 3600MHz RGB,RX 9070 XT,Samsung 990 Pro 4TB,Corsair RM1000x Gold,NZXT Kraken 360,Corsair 7000D Airflow,enthusiast,14677.84
AMD Ryzen 7 7700X,ASUS Prime A620M-K,DDR5 32GB 5600MHz (2x16),Arc B580,Kingston NV2 500GB,Corsair RM750x Gold,Thermalright Peerless Assassin,Corsair 3000D Airflow,budget,9302.45
AMD Ryzen 5 8400F,MSI MAG B650 Tomahawk,DDR5 32GB 5600MHz (2x16),RX 7800 XT,Kingston NV2 500GB,Redragon RGPS 500W Bronze,DeepCool AK400,Corsair 3000D Airflow,budget,9007.17
Intel i5-14400F,MSI PRO H610M-G DDR4,DDR4 32GB 3200MHz (2x16),GTX 1650,WD Blue SN580 1TB,Cooler Master MWE 650 Gold,Cooler box (stock),NZXT H5 Flow,budget,4828.41
AMD Ryzen 7 7700X,MSI PRO B850M-B,DDR5 32GB 5600MHz (2x16),RX 6600,Kingston NV2 500GB,Cooler Master MWE 650 Gold,DeepCool AK400,Gamemax Infinit M909,budget,8072.63
AMD Ryzen 5 7600,MSI MAG B650 Tomahawk,DDR5 16GB 5600MHz (2x8),RTX 4060,WD Black SN850X 2TB,Corsair CX650 Bronze,DeepCool LE720 360mm,Corsair 3000D Airflow,mid,8643.83
AMD Ryzen 7 5700X,MSI B550M-A Pro,DDR4 8GB 3200MHz (1x8),RX 6600,Crucial P3 500GB,Redragon RGPS 500W Bronze,Cooler box (stock),Corsair 3000D Airflow,budget,4015.5
Intel i7-14700KF,MSI MAG Z790 Tomahawk DDR5,DDR5 64GB 5600MHz (2x32),RX 9070 XT,Samsung 990 Pro 4TB,Corsair RM850x Gold,DeepCool LE720 360mm,Lian Li O11 Dynamic EVO,enthusiast,17971.34
Intel i7-14700KF,MSI MAG Z790 Tomahawk DDR5,DDR5 64GB 5600MHz (2x32),RTX 5070,Samsung 990 Pro 4TB,Corsair RM850x Gold,NZXT Kraken 360,Lian Li O11 Dynamic EVO,enthusiast,17769.05
AMD Ryzen 7 5800X3D,ASUS TUF B550M-Plus,DDR4 32GB 3600MHz RGB,RX 7600,Kingston NV2 1TB,Corsair CX650 Bronze,DeepCool AK400,Lian Li O11 Dynamic EVO,mid,8206.33
Intel i5-14400F,MSI PRO B760M-A DDR4,DDR4 16GB 3200MHz (2x8),RX 7800 XT,WD Blue SN580 1TB,Corsair RM850x Gold,Thermalright Peerless Assassin,Corsair 3000D Airflow,mid,7757.89
Intel i5-14400F,MSI PRO H610M-G DDR4,DDR4 16GB 3200MHz (2x8),RX 6600,Kingston NV2 1TB,Cooler Master MWE 650 Gold,DeepCool AK400,Corsair 3000D Airflow,entry,4699.47
Intel i5-14600KF,MSI PRO H610M-G DDR4,DDR4 16GB 3200MHz (2x8),Arc B580,Crucial P3 500GB,Redragon RGPS 500W Bronze,DeepCool AK400,Corsair 3000D Airflow,budget,5642.47
Intel i5-14600KF,ASUS TUF B760M-Plus DDR5,DDR5 32GB 5600MHz (2x16),RX 6600,Kingston NV2 1TB,Corsair CX650 Bronze,Cooler box (stock),Corsair 3000D Airflow,budget,7722.59
Intel i7-14700KF,MSI MAG Z790 Tomahawk DDR5,DDR5 32GB 5600MHz (2x16),RTX 4060,WD Black SN850X 2TB,Cooler Master MWE 650 Gold,DeepCool AK400,Corsair 3000D Airflow,mid,11394.7
AMD Ryzen 7 7800X3D,MSI MAG X870E Tomahawk,DDR5 32GB 6000MHz RGB,RTX 5070,Samsung 990 Pro 4TB,Corsair RM850x Gold,NZXT Kraken 360,Corsair 7000D Airflow,enthusiast,17992.36
Intel i3-12100F,MSI PRO B760M-A DDR4,DDR4 32GB 3200MHz (2x16),Arc B580,Crucial P3 500GB,Cooler Master MWE 650 Gold,Cooler box (stock),Corsair 3000D Airflow,budget,6233.75
AMD Ryzen 5 5600,MSI B550M-A Pro,DDR4 8GB 3200MHz (1x8),GTX 1650,Crucial P3 500GB,Cooler Master MWE 650 Gold,Cooler box (stock),Gamemax Infinit M909,entry,2897.54
Intel i3-12100F,MSI PRO H610M-G DDR4,DDR4 16GB 3200MHz (2x8),RX 7600,Kingston NV2 1TB,Cooler Master MWE 650 Gold,DeepCool AK400,NZXT H5 Flow,budget,4889.09
AMD Ryzen 7 5800X3D,MSI B550M-A Pro,DDR4 32GB 3600MHz RGB,RX 9070 XT,WD Blue SN580 1TB,Corsair CX650 Bronze,Thermalright Peerless Assassin,Corsair 3000D Airflow,mid,10413.24
AMD Ryzen 5 5500,MSI B550M-A Pro,DDR4 32GB 3200MHz (2x16),RX 6600,Kingston NV2 500GB,Redragon RGPS 500W Bronze,DeepCool AK400,NZXT H5 Flow,budget,4487.14
AMD Ryzen 5 7600,MSI MAG B650 Tomahawk,DDR5 16GB 5600MHz (2x8),RX 9070 XT,Kingston NV2 1TB,Corsair RM750x Gold,DeepCool LE720 360mm,Corsair 3000D Airflow,mid,10909.2
AMD Ryzen 7 5800X3D,MSI B550M-A Pro,DDR4 32GB 3600MHz RGB,RTX 4070,Crucial P3 500GB,Corsair RM750x Gold,DeepCool AK400,Corsair 3000D Airflow,mid,9744.1
Intel i5-14400F,MSI PRO B760M-A DDR4,DDR4 8GB 3200MHz (1x8),RTX 4070,Crucial P3 500GB,Corsair CX650 Bronze,Cooler box (stock),NZXT H5 Flow,budget,6421.39
AMD Ryzen 7 9800X3D,MSI MAG X870E Tomahawk,DDR5 32GB 6000MHz RGB,RTX 5070 Ti,WD Blue SN580 1TB,Corsair RM750x Gold,DeepCool LE720 360mm,NZXT H5 Flow,high,16432.3
Intel i7-14700KF,MSI MAG Z790 Tomahawk DDR5,DDR5 32GB 6000MHz RGB,RTX 4060,Samsung 990 Pro 1TB,Corsair CX650 Bronze,Thermalright Peerless Assassin,Corsair 3000D Airflow,mid,11458.35
AMD Ryzen 7 7700X,MSI PRO B850M-B,DDR5 32GB 5600MHz (2x16),RTX 5070,Samsung 990 Pro 1TB,Corsair CX650 Bronze,Thermalright Peerless Assassin,NZXT H5 Flow,mid,11346.49
AMD Ryzen 5 8400F,MSI PRO B850M-B,DDR5 32GB 5600MHz (2x16),RX 7800 XT,Crucial P3 500GB,Corsair CX650 Bronze,Cooler box (stock),NZXT H5 Flow,budget,9098.54
AMD Ryzen 5 5600,ASUS TUF B550M-Plus,DDR4 8GB 3200MHz (1x8),RTX 4070,Kingston NV2 500GB,Redragon RGPS 500W Bronze,Thermalright Peerless Assassin,NZXT H5 Flow,budget,6807.38
AMD Ryzen 5 7600,MSI PRO B850M-B,DDR5 16GB 5600MHz (2x8),Arc B580,Kingston NV2 500GB,Redragon RGPS 500W Bronze,DeepCool AK400,Corsair 3000D Airflow,entry,6079.05
Intel i7-14700KF,ASUS TUF B760M-Plus DDR5,DDR5 16GB 5600MHz (2x8),RTX 4060,WD Blue SN580 1TB,Corsair RM850x Gold,DeepCool LE720 360mm,Lian Li O11 Dynamic EVO,mid,9611.56
AMD Ryzen 7 5800X3D,ASUS TUF B550M-Plus,DDR4 32GB 3600MHz RGB,RTX 4070,Samsung 990 Pro 1TB,Corsair RM850x Gold,DeepCool LE720 360mm,Lian Li O11 Dynamic EVO,mid,11987.44
AMD Ryzen 7 9800X3D,MSI MAG X870E Tomahawk,DDR5 64GB 5600MHz (2x32),RTX 5070,WD Black SN850X 2TB,Corsair RM850x Gold,NZXT Kraken 360,NZXT H5 Flow,high,17364.47
AMD Ryzen 7 7800X3D,MSI MAG X870E Tomahawk,DDR5 64GB 5600MHz (2x32),RTX 5070,WD Black SN850X 2TB,Corsair RM1000x Gold,DeepCool LE720 360mm,Corsair 7000D Airflow,enthusiast,19758.68
Intel i5-14400F,MSI MAG Z790 Tomahawk DDR5,DDR5 32GB 5600MHz (2x16),RTX 5070,WD Black SN850X 2TB,Corsair RM750x Gold,DeepCool LE720 360mm,NZXT H5 Flow,mid,11583.96
Intel i5-14400F,ASUS TUF B760M-Plus DDR5,DDR5 32GB 5600MHz (2x16),RTX 3060 12GB,Kingston NV2 1TB,Corsair RM750x Gold,DeepCool AK400,Corsair 3000D Airflow,budget,8018.56
AMD Ryzen 7 7800X3D,MSI MAG X870E Tomahawk,DDR5 32GB 6000MHz RGB,RTX 5070,WD Black SN850X 2TB,Corsair RM850x Gold,DeepCool LE720 360mm,Corsair 7000D Airflow,enthusiast,15113.5
AMD Ryzen 7 5800X3D,ASUS TUF B550M-Plus,DDR4 32GB 3200MHz (2x16),RX 7800 XT,WD Blue SN580 1TB,Corsair RM1000x Gold,Thermalright Peerless Assassin,Lian Li O11 Dynamic EVO,high,9754.55
AMD Ryzen 7 7700X,ASUS Prime A620M-K,DDR5 32GB 5600MHz (2x16),RTX 5060 Ti 16GB,Kingston NV2 500GB,Cooler Master MWE 650 Gold,DeepCool AK400,Gamemax Infinit M909,budget,10152.22
Intel i5-14400F,ASUS TUF B760M-Plus DDR5,DDR5 32GB 6000MHz RGB,RTX 3060 12GB,Samsung 990 Pro 1TB,Corsair CX650 Bronze,Thermalright Peerless Assassin,NZXT H5 Flow,mid,9314.76
AMD Ryzen 7 9800X3D,MSI MAG B650 Tomahawk,DDR5 32GB 6000MHz RGB,RTX 5060 Ti 16GB,Samsung 990 Pro 4TB,Corsair RM1000x Gold,NZXT Kraken 360,NZXT H5 Flow,high,15906.21
Intel i7-14700KF,MSI PRO B760M-A DDR4,DDR4 32GB 3600MHz RGB,RTX 5060 Ti 16GB,WD Black SN850X 2TB,Corsair CX650 Bronze,DeepCool AK400,NZXT H5 Flow,mid,10064.12
AMD Ryzen 7 5800X3D,ASUS TUF B550M-Plus,DDR4 32GB 3600MHz RGB,RTX 3060 12GB,WD Black SN850X 2TB,Corsair RM750x Gold,DeepCool AK400,Lian Li O11 Dynamic EVO,mid,9882.07
AMD Ryzen 5 5600,Gigabyte A520M K V2,DDR4 32GB 3200MHz (2x16),RTX 3060 12GB,Crucial P3 500GB,Corsair RM750x Gold,Cooler box (stock),Corsair 3000D Airflow,budget,5098.03
AMD Ryzen 7 7800X3D,MSI MAG B650 Tomahawk,DDR5 32GB 6000MHz RGB,RX 9070 XT,WD Black SN850X 2TB,Corsair RM850x Gold,NZXT Kraken 360,Lian Li O11 Dynamic EVO,high,16016.09
AMD Ryzen 7 7700X,MSI PRO B850M-B,DDR5 32GB 5600MHz (2x16),Arc B580,Crucial P3 500GB,Redragon RGPS 500W Bronze,DeepCool AK400,NZXT H5 Flow,budget,9075.2
AMD Ryzen 7 7800X3D,MSI MAG X870E Tomahawk,DDR5 64GB 5600MHz (2x32),RTX 5070,Samsung 990 Pro 1TB,Corsair RM850x Gold,DeepCool LE720 360mm,Lian Li O11 Dynamic EVO,enthusiast,16328.05
AMD Ryzen 7 7700X,MSI MAG B650 Tomahawk,DDR5 32GB 5600MHz (2x16),RX 7800 XT,Crucial P3 500GB,Cooler Master MWE 650 Gold,DeepCool LE720 360mm,Corsair 3000D Airflow,mid,10851.65
AMD Ryzen 7 7700X,MSI MAG B650 Tomahawk,DDR5 32GB 6000MHz RGB,RX 9070 XT,WD Blue SN580 1TB,Corsair RM1000x Gold,DeepCool LE720 360mm,NZXT H5 Flow,high,14604.46
Intel i5-12400F,ASUS TUF B760M-Plus DDR5,DDR5 16GB 5600MHz (2x8),RX 7600,Kingston NV2 1TB,Cooler Master MWE 650 Gold,Cooler box (stock),Gamemax Infinit M909,budget,6090.38
Intel i7-14700KF,ASUS TUF B760M-Plus DDR5,DDR5 64GB 5600MHz (2x32),RX 7800 XT,WD Black SN850X 2TB,Corsair RM850x Gold,NZXT Kraken 360,NZXT H5 Flow,high,15242.21
Intel i5-14600KF,ASUS TUF B760M-Plus DDR5,DDR5 64GB 5600MHz (2x32),RX 9070 XT,Samsung 990 Pro 4TB,Corsair RM750x Gold,Thermalright Peerless Assassin,Corsair 7000D Airflow,high,18421.2
AMD Ryzen 7 5700X,MSI B550M-A Pro,DDR4 16GB 3200MHz (2x8),RX 6600,Crucial P3 500GB,Redragon RGPS 500W Bronze,Cooler box (stock),Gamemax Infinit M909,entry,4218.47
AMD Ryzen 5 5600,Gigabyte A520M K V2,DDR4 16GB 3200MHz (2x8),RTX 4060,Kingston NV2 1TB,Corsair CX650 Bronze,DeepCool AK400,Gamemax Infinit M909,entry,4534.83
AMD Ryzen 7 9800X3D,MSI MAG B650 Tomahawk,DDR5 32GB 5600MHz (2x16),RX 9070 XT,Samsung 990 Pro 1TB,Corsair RM1000x Gold,NZXT Kraken 360,Corsair 7000D Airflow,high,15248.25
AMD Ryzen 7 7800X3D,MSI MAG X870E Tomahawk,DDR5 64GB 5600MHz (2x32),RTX 5070,Samsung 990 Pro 4TB,Corsair RM850x Gold,NZXT Kraken 360,Lian Li O11 Dynamic EVO,enthusiast,20249.0
AMD Ryzen 9 9950X,MSI MAG X870E Tomahawk,DDR5 64GB 5600MHz (2x32),RTX 5090,Samsung 990 Pro 4TB,Corsair RM1000x Gold,DeepCool LE720 360mm,Lian Li O11 Dynamic EVO,enthusiast,32626.27
AMD Ryzen 9 9950X,MSI MAG X870E Tomahawk,DDR5 32GB 6000MHz RGB,RTX 5090,Samsung 990 Pro 4TB,Corsair RM850x Gold,DeepCool LE720 360mm,Corsair 7000D Airflow,enthusiast,33105.97
AMD Ryzen 5 8400F,MSI PRO B850M-B,DDR5 16GB 5600MHz (2x8),GTX 1650,Kingston NV2 1TB,Corsair CX650 Bronze,Cooler box (stock),Gamemax Infinit M909,entry,4837.91
AMD Ryzen 7 5700X,ASUS TUF B550M-Plus,DDR4 32GB 3200MHz (2x16),RTX 4070,Samsung 990 Pro 1TB,Corsair RM850x Gold,Thermalright Peerless Assassin,Lian Li O11 Dynamic EVO,mid,9273.85
AMD Ryzen 7 7800X3D,MSI MAG B650 Tomahawk,DDR5 32GB 6000MHz RGB,RX 9070 XT,WD Black SN850X 2TB,Corsair RM750x Gold,NZXT Kraken 360,Lian Li O11 Dynamic EVO,high,15973.56
AMD Ryzen 7 5800X3D,ASUS TUF B550M-Plus,DDR4 32GB 3200MHz (2x16),RTX 5090,Samsung 990 Pro 1TB,Corsair RM750x Gold,NZXT Kraken 360,NZXT H5 Flow,high,25666.43
AMD Ryzen 7 5800X3D,ASUS TUF B550M-Plus,DDR4 32GB 3600MHz RGB,RX 9070 XT,WD Black SN850X 2TB,Corsair RM850x Gold,NZXT Kraken 360,Lian Li O11 Dynamic EVO,enthusiast,14094.26
AMD Ryzen 7 7700X,MSI MAG X870E Tomahawk,DDR5 64GB 5600MHz (2x32),RTX 5080,Samsung 990 Pro 1TB,Corsair RM1000x Gold,NZXT Kraken 360,Lian Li O11 Dynamic EVO,high,22664.11
AMD Ryzen 7 5700X,ASUS TUF B550M-Plus,DDR4 32GB 3200MHz (2x16),RTX 4070,Samsung 990 Pro 1TB,Corsair RM850x Gold,Thermalright Peerless Assassin,NZXT H5 Flow,mid,9001.99
AMD Ryzen 7 5700X,MSI B550M-A Pro,DDR4 32GB 3600MHz RGB,Arc B580,WD Blue SN580 1TB,Cooler Master MWE 650 Gold,Thermalright Peerless Assassin,NZXT H5 Flow,mid,7988.42
AMD Ryzen 7 5700X,MSI B550M-A Pro,DDR4 32GB 3200MHz (2x16),RTX 4070,WD Blue SN580 1TB,Corsair RM850x Gold,DeepCool AK400,NZXT H5 Flow,mid,8351.91
AMD Ryzen 7 7800X3D,MSI MAG X870E Tomahawk,DDR5 32GB 5600MHz (2x16),RTX 4070,Samsung 990 Pro 1TB,Corsair RM750x Gold,NZXT Kraken 360,Lian Li O11 Dynamic EVO,high,14319.47
AMD Ryzen 7 7700X,MSI MAG X870E Tomahawk,DDR5 16GB 5600MHz (2x8),RX 7800 XT,Crucial P3 500GB,Cooler Master MWE 650 Gold,DeepCool LE720 360mm,Lian Li O11 Dynamic EVO,mid,11014.34
AMD Ryzen 7 9800X3D,MSI MAG X870E Tomahawk,DDR5 64GB 5600MHz (2x32),RTX 5070,Samsung 990 Pro 4TB,Corsair RM1000x Gold,NZXT Kraken 360,Lian Li O11 Dynamic EVO,enthusiast,20126.72
AMD Ryzen 7 7700X,MSI MAG B650 Tomahawk,DDR5 32GB 5600MHz (2x16),RTX 5090,WD Blue SN580 1TB,Corsair RM850x Gold,Thermalright Peerless Assassin,Lian Li O11 Dynamic EVO,high,24333.49
AMD Ryzen 7 5700X,MSI B550M-A Pro,DDR4 32GB 3200MHz (2x16),Arc B580,Crucial P3 500GB,Cooler Master MWE 650 Gold,DeepCool LE720 360mm,Corsair 3000D Airflow,mid,7547.54
Intel i5-12400F,MSI PRO B760M-A DDR4,DDR4 16GB 3200MHz (2x8),RTX 5060 Ti 16GB,Kingston NV2 500GB,Cooler Master MWE 650 Gold,DeepCool AK400,NZXT H5 Flow,budget,7529.62
Intel i5-14600KF,MSI PRO B760M-A DDR4,DDR4 32GB 3200MHz (2x16),RX 7800 XT,Crucial P3 500GB,Redragon RGPS 500W Bronze,Cooler box (stock),NZXT H5 Flow,budget,7191.3
AMD Ryzen 9 9950X,MSI MAG X870E Tomahawk,DDR5 64GB 5600MHz (2x32),RTX 5080,WD Black SN850X 2TB,Corsair RM850x Gold,DeepCool LE720 360mm,Corsair 7000D Airflow,enthusiast,25973.03
Intel i9-14900K,MSI MAG Z790 Tomahawk DDR5,DDR5 64GB 5600MHz (2x32),RX 7800 XT,WD Blue SN580 1TB,Corsair RM850x Gold,Thermalright Peerless Assassin,Lian Li O11 Dynamic EVO,high,16958.97
AMD Ryzen 7 5800X3D,ASUS TUF B550M-Plus,DDR4 16GB 3200MHz (2x8),RX 9070 XT,WD Black SN850X 2TB,Corsair RM850x Gold,DeepCool AK400,NZXT H5 Flow,mid,10776.93
Intel i5-14600KF,MSI MAG Z790 Tomahawk DDR5,DDR5 16GB 5600MHz (2x8),RTX 5070,Samsung 990 Pro 1TB,Corsair CX650 Bronze,DeepCool LE720 360mm,NZXT H5 Flow,mid,10651.83
AMD Ryzen 5 7600,MSI MAG B650 Tomahawk,DDR5 32GB 5600MHz (2x16),RX 7800 XT,Samsung 990 Pro 1TB,Corsair RM750x Gold,Thermalright Peerless Assassin,Lian Li O11 Dynamic EVO,mid,11529.48
Intel i5-14400F,MSI PRO B760M-A DDR4,DDR4 16GB 3200MHz (2x8),GTX 1650,Crucial P3 500GB,Cooler Master MWE 650 Gold,DeepCool AK400,Corsair 3000D Airflow,entry,3865.89
AMD Ryzen 9 9950X,MSI MAG B650 Tomahawk,DDR5 32GB 5600MHz (2x16),RTX 5060 Ti 16GB,Samsung 990 Pro 4TB,Corsair RM1000x Gold,NZXT Kraken 360,NZXT H5 Flow,high,16549.59
Intel i5-14400F,MSI PRO B760M-A DDR4,DDR4 32GB 3200MHz (2x16),Arc B580,Crucial P3 500GB,Corsair RM750x Gold,DeepCool LE720 360mm,Corsair 3000D Airflow,mid,6821.43
AMD Ryzen 5 8400F,ASUS Prime A620M-K,DDR5 32GB 5600MHz (2x16),Arc B580,WD Blue SN580 1TB,Cooler Master MWE 650 Gold,DeepCool AK400,NZXT H5 Flow,budget,8532.47
AMD Ryzen 5 7600,MSI MAG B650 Tomahawk,DDR5 32GB 6000MHz RGB,Arc B580,WD Black SN850X 2TB,Corsair RM850x Gold,DeepCool LE720 360mm,Corsair 3000D Airflow,mid,11211.22
AMD Ryzen 7 5800X3D,Gigabyte A520M K V2,DDR4 32GB 3600MHz RGB,RX 9070 XT,Samsung 990 Pro 1TB,Corsair RM1000x Gold,DeepCool LE720 360mm,Lian Li O11 Dynamic EVO,enthusiast,13770.65
AMD Ryzen 7 7700X,MSI MAG B650 Tomahawk,DDR5 32GB 6000MHz RGB,RTX 5070,WD Black SN850X 2TB,Corsair RM750x Gold,NZXT Kraken 360,Lian Li O11 Dynamic EVO,high,15008.31
AMD Ryzen 5 7600,MSI MAG B650 Tomahawk,DDR5 32GB 5600MHz (2x16),GTX 1650,Kingston NV2 1TB,Cooler Master MWE 650 Gold,Thermalright Peerless Assassin,NZXT H5 Flow,budget,7930.9
Intel i9-14900K,MSI MAG Z790 Tomahawk DDR5,DDR5 64GB 5600MHz (2x32),RTX 5090,WD Black SN850X 2TB,Corsair RM1000x Gold,NZXT Kraken 360,Lian Li O11 Dynamic EVO,enthusiast,32258.41
AMD Ryzen 5 5500,MSI B550M-A Pro,DDR4 32GB 3200MHz (2x16),Arc B580,Kingston NV2 1TB,Corsair CX650 Bronze,DeepCool AK400,Corsair 3000D Airflow,budget,5623.06
Intel i9-14900K,MSI MAG Z790 Tomahawk DDR5,DDR5 64GB 5600MHz (2x32),RTX 5070,Samsung 990 Pro 4TB,Corsair RM850x Gold,NZXT Kraken 360,Corsair 7000D Airflow,enthusiast,19493.7
AMD Ryzen 7 7700X,MSI MAG X870E Tomahawk,DDR5 32GB 5600MHz (2x16),RTX 5080,WD Blue SN580 1TB,Corsair RM750x Gold,DeepCool LE720 360mm,NZXT H5 Flow,high,16771.94
AMD Ryzen 7 5700X,MSI B550M-A Pro,DDR4 32GB 3200MHz (2x16),RTX 4060,Samsung 990 Pro 1TB,Corsair RM850x Gold,DeepCool AK400,Lian Li O11 Dynamic EVO,mid,8558.42
Intel i5-14400F,MSI PRO B760M-A DDR4,DDR4 8GB 3200MHz (1x8),GTX 1650,Kingston NV2 500GB,Corsair CX650 Bronze,Cooler box (stock),Gamemax Infinit M909,entry,3739.48
Intel i5-14600KF,MSI PRO B760M-A DDR4,DDR4 32GB 3200MHz (2x16),RTX 4070,Kingston NV2 1TB,Corsair RM850x Gold,DeepCool AK400,Corsair 3000D Airflow,mid,9623.11
Intel i5-14400F,MSI PRO H610M-G DDR4,DDR4 8GB 3200MHz (1x8),RTX 4070,Crucial P3 500GB,Redragon RGPS 500W Bronze,DeepCool AK400,NZXT H5 Flow,budget,6137.96
Intel i5-14400F,ASUS TUF B760M-Plus DDR5,DDR5 32GB 5600MHz (2x16),RX 9070 XT,Crucial P3 500GB,Corsair RM850x Gold,DeepCool LE720 360mm,Lian Li O11 Dynamic EVO,mid,12449.43
AMD Ryzen 7 5700X,MSI B550M-A Pro,DDR4 16GB 3200MHz (2x8),Arc B580,Crucial P3 500GB,Redragon RGPS 500W Bronze,Thermalright Peerless Assassin,NZXT H5 Flow,budget,5442.45
AMD Ryzen 5 5500,MSI B550M-A Pro,DDR4 8GB 3200MHz (1x8),RX 7600,Kingston NV2 1TB,Cooler Master MWE 650 Gold,Cooler box (stock),Gamemax Infinit M909,entry,4046.28
AMD Ryzen 7 5700X,MSI B550M-A Pro,DDR4 32GB 3600MHz RGB,RTX 5070,Samsung 990 Pro 1TB,Corsair CX650 Bronze,DeepCool AK400,Corsair 3000D Airflow,mid,8925.45
AMD Ryzen 5 7600,ASUS Prime A620M-K,DDR5 16GB 5600MHz (2x8),RX 7800 XT,Kingston NV2 500GB,Cooler Master MWE 650 Gold,Cooler box (stock),Gamemax Infinit M909,budget,7217.83
AMD Ryzen 7 5700X,MSI B550M-A Pro,DDR4 8GB 3200MHz (1x8),RTX 5060 Ti 16GB,Crucial P3 500GB,Cooler Master MWE 650 Gold,Cooler box (stock),Corsair 3000D Airflow,budget,6573.83
AMD Ryzen 5 5600,ASUS TUF B550M-Plus,DDR4 16GB 3200MHz (2x8),RTX 4060,Kingston NV2 1TB,Cooler Master MWE 650 Gold,DeepCool AK400,NZXT H5 Flow,budget,5425.07
AMD Ryzen 7 9800X3D,MSI MAG X870E Tomahawk,DDR5 64GB 5600MHz (2x32),RTX 5060 Ti 16GB,WD Blue SN580 1TB,Corsair RM750x Gold,Thermalright Peerless Assassin,Lian Li O11 Dynamic EVO,high,16452.42
AMD Ryzen 7 5800X3D,ASUS TUF B550M-Plus,DDR4 32GB 3600MHz RGB,RTX 5090,Samsung 990 Pro 1TB,Corsair RM850x Gold,DeepCool LE720 360mm,NZXT H5 Flow,high,25451.51
AMD Ryzen 9 9950X,MSI MAG X870E Tomahawk,DDR5 32GB 6000MHz RGB,RTX 5070,Samsung 990 Pro 4TB,Corsair RM1000x Gold,NZXT Kraken 360,Lian Li O11 Dynamic EVO,enthusiast,18096.41
AMD Ryzen 7 7800X3D,MSI MAG B650 Tomahawk,DDR5 64GB 5600MHz (2x32),RTX 4070,Samsung 990 Pro 4TB,Corsair RM750x Gold,NZXT Kraken 360,Corsair 7000D Airflow,high,18009.61
Intel i5-12400F,MSI PRO H610M-G DDR4,DDR4 16GB 3200MHz (2x8),RX 6600,Kingston NV2 1TB,Cooler Master MWE 650 Gold,Cooler box (stock),Gamemax Infinit M909,entry,3991.66
Intel i7-14700KF,ASUS TUF B760M-Plus DDR5,DDR5 32GB 5600MHz (2x16),RTX 5070 Ti,WD Black SN850X 2TB,Cooler Master MWE 650 Gold,DeepCool AK400,Lian Li O11 Dynamic EVO,mid,15646.37
Intel i9-14900K,ASUS TUF B760M-Plus DDR5,DDR5 64GB 5600MHz (2x32),RTX 5060 Ti 16GB,Samsung 990 Pro 4TB,Corsair RM750x Gold,NZXT Kraken 360,NZXT H5 Flow,high,19163.21
AMD Ryzen 7 9800X3D,MSI MAG B650 Tomahawk,DDR5 64GB 5600MHz (2x32),RX 9070 XT,Samsung 990 Pro 4TB,Corsair RM1000x Gold,NZXT Kraken 360,Lian Li O11 Dynamic EVO,high,19590.07
AMD Ryzen 7 7700X,MSI MAG B650 Tomahawk,DDR5 32GB 5600MHz (2x16),RX 9070 XT,WD Black SN850X 2TB,Corsair RM750x Gold,NZXT Kraken 360,NZXT H5 Flow,high,14209.8
AMD Ryzen 7 7800X3D,MSI MAG X870E Tomahawk,DDR5 64GB 5600MHz (2x32),RTX 5060 Ti 16GB,Samsung 990 Pro 4TB,Corsair RM1000x Gold,Thermalright Peerless Assassin,Corsair 7000D Airflow,high,19140.77
AMD Ryzen 9 9950X,MSI MAG X870E Tomahawk,DDR5 64GB 5600MHz (2x32),RX 9070 XT,Samsung 990 Pro 4TB,Corsair RM850x Gold,NZXT Kraken 360,Corsair 7000D Airflow,enthusiast,22239.52
AMD Ryzen 9 9950X,MSI MAG X870E Tomahawk,DDR5 32GB 6000MHz RGB,RTX 5090,Samsung 990 Pro 4TB,Corsair RM850x Gold,NZXT Kraken 360,Lian Li O11 Dynamic EVO,enthusiast,31274.59
Intel i5-14600KF,ASUS TUF B760M-Plus DDR5,DDR5 32GB 5600MHz (2x16),RTX 4070,WD Black SN850X 2TB,Corsair RM850x Gold,Thermalright Peerless Assassin,NZXT H5 Flow,high,12949.99
Intel i5-14600KF,MSI PRO B760M-A DDR4,DDR4 16GB 3200MHz (2x8),Arc B580,Kingston NV2 1TB,Corsair RM850x Gold,DeepCool LE720 360mm,NZXT H5 Flow,mid,7049.87
AMD Ryzen 5 5600,ASUS TUF B550M-Plus,DDR4 16GB 3200MHz (2x8),RX 7800 XT,Crucial P3 500GB,Cooler Master MWE 650 Gold,Cooler box (stock),Corsair 3000D Airflow,budget,6720.39
AMD Ryzen 9 9950X,MSI MAG B650 Tomahawk,DDR5 64GB 5600MHz (2x32),RTX 5090,Samsung 990 Pro 1TB,Corsair RM1000x Gold,DeepCool LE720 360mm,Corsair 7000D Airflow,high,34107.35
Intel i5-14400F,ASUS TUF B760M-Plus DDR5,DDR5 32GB 6000MHz RGB,RX 7600,Samsung 990 Pro 1TB,Corsair RM750x Gold,Thermalright Peerless Assassin,NZXT H5 Flow,mid,9240.79
AMD Ryzen 7 9800X3D,MSI MAG X870E Tomahawk,DDR5 32GB 6000MHz RGB,RX 9070 XT,Samsung 990 Pro 4TB,Corsair RM850x Gold,DeepCool LE720 360mm,Lian Li O11 Dynamic EVO,enthusiast,16472.71
AMD Ryzen 7 5700X,MSI B550M-A Pro,DDR4 32GB 3200MHz (2x16),RX 7600,Kingston NV2 1TB,Corsair CX650 Bronze,DeepCool LE720 360mm,Lian Li O11 Dynamic EVO,mid,6727.08
AMD Ryzen 5 7600,ASUS Prime A620M-K,DDR5 16GB 5600MHz (2x8),RTX 4060,Kingston NV2 500GB,Corsair RM750x Gold,Cooler box (stock),Gamemax Infinit M909,budget,6394.43
Intel i5-14600KF,ASUS TUF B760M-Plus DDR5,DDR5 64GB 5600MHz (2x32),RTX 5090,WD Black SN850X 2TB,Corsair RM850x Gold,Thermalright Peerless Assassin,Corsair 7000D Airflow,high,30716.5
AMD Ryzen 5 5500,MSI B550M-A Pro,DDR4 8GB 3200MHz (1x8),RTX 4070,WD Blue SN580 1TB,Redragon RGPS 500W Bronze,Cooler box (stock),NZXT H5 Flow,budget,6623.29
AMD Ryzen 5 5500,Gigabyte A520M K V2,DDR4 16GB 3200MHz (2x8),Arc B580,Kingston NV2 500GB,Cooler Master MWE 650 Gold,DeepCool AK400,Gamemax Infinit M909,budget,4776.82
Intel i7-14700KF,MSI PRO B760M-A DDR4,DDR4 16GB 3200MHz (2x8),RTX 3060 12GB,Kingston NV2 1TB,Cooler Master MWE 650 Gold,Thermalright Peerless Assassin,NZXT H5 Flow,mid,6053.04
AMD Ryzen 7 7800X3D,MSI MAG X870E Tomahawk,DDR5 64GB 5600MHz (2x32),RTX 5070 Ti,Samsung 990 Pro 4TB,Corsair RM850x Gold,NZXT Kraken 360,NZXT H5 Flow,high,22675.62
AMD Ryzen 9 9950X,MSI MAG X870E Tomahawk,DDR5 32GB 6000MHz RGB,RTX 5070,Samsung 990 Pro 4TB,Corsair RM850x Gold,DeepCool LE720 360mm,Lian Li O11 Dynamic EVO,enthusiast,19800.96
AMD Ryzen 7 7800X3D,MSI MAG X870E Tomahawk,DDR5 64GB 5600MHz (2x32),RTX 5070 Ti,Samsung 990 Pro 1TB,Corsair RM1000x Gold,NZXT Kraken 360,Lian Li O11 Dynamic EVO,enthusiast,19965.11
AMD Ryzen 7 5700X,ASUS TUF B550M-Plus,DDR4 32GB 3600MHz RGB,RX 9070 XT,WD Black SN850X 2TB,Corsair CX650 Bronze,DeepCool AK400,Lian Li O11 Dynamic EVO,mid,11265.98
AMD Ryzen 5 8400F,MSI PRO B850M-B,DDR5 16GB 5600MHz (2x8),RTX 4060,Kingston NV2 1TB,Corsair CX650 Bronze,DeepCool AK400,Gamemax Infinit M909,entry,6036.01
AMD Ryzen 7 5800X3D,ASUS TUF B550M-Plus,DDR4 32GB 3600MHz RGB,RTX 5070 Ti,WD Blue SN580 1TB,Corsair RM750x Gold,Thermalright Peerless Assassin,NZXT H5 Flow,high,13830.71
Intel i7-14700KF,MSI MAG Z790 Tomahawk DDR5,DDR5 16GB 5600MHz (2x8),RTX 5070,WD Black SN850X 2TB,Corsair RM850x Gold,DeepCool LE720 360mm,Lian Li O11 Dynamic EVO,mid,11797.47
AMD Ryzen 7 5700X,MSI B550M-A Pro,DDR4 8GB 3200MHz (1x8),RTX 4060,Kingston NV2 500GB,Cooler Master MWE 650 Gold,Cooler box (stock),Corsair 3000D Airflow,budget,5205.14
AMD Ryzen 7 5700X,ASUS TUF B550M-Plus,DDR4 32GB 3200MHz (2x16),RTX 3060 12GB,WD Black SN850X 2TB,Corsair RM750x Gold,DeepCool AK400,Corsair 3000D Airflow,mid,7529.54
Intel i9-14900K,MSI MAG Z790 Tomahawk DDR5,DDR5 64GB 5600MHz (2x32),RTX 5070,Samsung 990 Pro 1TB,Corsair RM850x Gold,DeepCool LE720 360mm,Corsair 7000D Airflow,enthusiast,17230.62
AMD Ryzen 5 8400F,ASUS Prime A620M-K,DDR5 16GB 5600MHz (2x8),RTX 3060 12GB,Crucial P3 500GB,Cooler Master MWE 650 Gold,DeepCool AK400,Corsair 3000D Airflow,entry,5779.92
AMD Ryzen 7 7800X3D,MSI MAG X870E Tomahawk,DDR5 32GB 5600MHz (2x16),RX 9070 XT,Samsung 990 Pro 1TB,Corsair RM750x Gold,Thermalright Peerless Assassin,NZXT H5 Flow,high,14808.78
Intel i9-14900K,ASUS TUF B760M-Plus DDR5,DDR5 64GB 5600MHz (2x32),RX 7800 XT,Samsung 990 Pro 1TB,Corsair RM750x Gold,NZXT Kraken 360,Lian Li O11 Dynamic EVO,high,17244.39
Intel i7-14700KF,MSI MAG Z790 Tomahawk DDR5,DDR5 16GB 5600MHz (2x8),RTX 5070 Ti,Crucial P3 500GB,Cooler Master MWE 650 Gold,DeepCool AK400,NZXT H5 Flow,mid,13964.74
AMD Ryzen 9 9950X,MSI MAG X870E Tomahawk,DDR5 32GB 6000MHz RGB,RTX 5070,Samsung 990 Pro 1TB,Corsair RM850x Gold,NZXT Kraken 360,Lian Li O11 Dynamic EVO,enthusiast,18872.57
AMD Ryzen 9 9950X,MSI MAG B650 Tomahawk,DDR5 64GB 5600MHz (2x32),RX 9070 XT,Samsung 990 Pro 1TB,Corsair RM850x Gold,Thermalright Peerless Assassin,NZXT H5 Flow,high,17435.8
AMD Ryzen 5 7600,ASUS Prime A620M-K,DDR5 32GB 5600MHz (2x16),RTX 4060,Kingston NV2 1TB,Corsair CX650 Bronze,DeepCool AK400,NZXT H5 Flow,budget,8582.29
AMD Ryzen 7 7800X3D,MSI MAG X870E Tomahawk,DDR5 32GB 5600MHz (2x16),RTX 4060,Samsung 990 Pro 1TB,Corsair RM750x Gold,Thermalright Peerless Assassin,Corsair 3000D Airflow,mid,11982.65
AMD Ryzen 7 7800X3D,MSI PRO B850M-B,DDR5 32GB 5600MHz (2x16),RTX 3060 12GB,WD Blue SN580 1TB,Corsair RM750x Gold,DeepCool LE720 360mm,NZXT H5 Flow,mid,9715.49
AMD Ryzen 7 7800X3D,MSI MAG B650 Tomahawk,DDR5 32GB 5600MHz (2x16),RTX 5060 Ti 16GB,Samsung 990 Pro 1TB,Corsair CX650 Bronze,DeepCool AK400,NZXT H5 Flow,mid,11735.34
AMD Ryzen 9 9950X,MSI MAG B650 Tomahawk,DDR5 64GB 5600MHz (2x32),RTX 5070,WD Blue SN580 1TB,Corsair RM1000x Gold,DeepCool LE720 360mm,Corsair 7000D Airflow,high,17960.56
Intel i9-14900K,MSI MAG Z790 Tomahawk DDR5,DDR5 32GB 6000MHz RGB,RTX 5090,Samsung 990 Pro 4TB,Corsair RM1000x Gold,DeepCool LE720 360mm,Corsair 7000D Airflow,enthusiast,33419.64
AMD Ryzen 5 8400F,ASUS Prime A620M-K,DDR5 16GB 5600MHz (2x8),RTX 4060,Crucial P3 500GB,Corsair CX650 Bronze,Cooler box (stock),Gamemax Infinit M909,entry,6085.86
Intel i5-14400F,MSI MAG Z790 Tomahawk DDR5,DDR5 32GB 5600MHz (2x16),RX 9070 XT,Crucial P3 500GB,Corsair CX650 Bronze,Thermalright Peerless Assassin,Corsair 3000D Airflow,mid,11581.71
Intel i7-14700KF,MSI PRO B760M-A DDR4,DDR4 32GB 3200MHz (2x16),RTX 4060,Crucial P3 500GB,Corsair RM850x Gold,DeepCool LE720 360mm,Corsair 3000D Airflow,mid,8887.28
AMD Ryzen 5 7600,MSI PRO B850M-B,DDR5 16GB 5600MHz (2x8),RX 7600,WD Blue SN580 1TB,Corsair CX650 Bronze,DeepCool LE720 360mm,NZXT H5 Flow,mid,6257.61
AMD Ryzen 7 9800X3D,MSI MAG X870E Tomahawk,DDR5 32GB 5600MHz (2x16),RX 7800 XT,WD Black SN850X 2TB,Corsair RM1000x Gold,NZXT Kraken 360,Corsair 7000D Airflow,high,14664.43
Intel i9-14900K,MSI MAG Z790 Tomahawk DDR5,DDR5 32GB 6000MHz RGB,RX 9070 XT,WD Black SN850X 2TB,Corsair RM1000x Gold,DeepCool LE720 360mm,Corsair 7000D Airflow,enthusiast,17896.25
Intel i7-14700KF,MSI MAG Z790 Tomahawk DDR5,DDR5 32GB 6000MHz RGB,RTX 5090,Samsung 990 Pro 1TB,Corsair RM850x Gold,DeepCool LE720 360mm,Corsair 7000D Airflow,enthusiast,27696.38
AMD Ryzen 5 5600,Gigabyte A520M K V2,DDR4 32GB 3200MHz (2x16),RTX 4070,Kingston NV2 1TB,Cooler Master MWE 650 Gold,Cooler box (stock),Gamemax Infinit M909,budget,7795.54
AMD Ryzen 7 7800X3D,MSI MAG B650 Tomahawk,DDR5 64GB 5600MHz (2x32),RTX 5070,WD Black SN850X 2TB,Corsair RM1000x Gold,NZXT Kraken 360,Corsair 7000D Airflow,high,17732.63
AMD Ryzen 5 7600,MSI PRO B850M-B,DDR5 32GB 5600MHz (2x16),RTX 5060 Ti 16GB,WD Blue SN580 1TB,Cooler Master MWE 650 Gold,DeepCool LE720 360mm,Corsair 3000D Airflow,mid,10077.33
AMD Ryzen 7 7800X3D,MSI MAG B650 Tomahawk,DDR5 32GB 6000MHz RGB,RX 7800 XT,WD Black SN850X 2TB,Corsair CX650 Bronze,DeepCool LE720 360mm,Lian Li O11 Dynamic EVO,mid,12382.75
Intel i5-14400F,MSI PRO B760M-A DDR4,DDR4 32GB 3200MHz (2x16),RTX 5070,WD Black SN850X 2TB,Cooler Master MWE 650 Gold,DeepCool AK400,NZXT H5 Flow,mid,9958.84
AMD Ryzen 7 7700X,MSI MAG X870E Tomahawk,DDR5 32GB 6000MHz RGB,RTX 5070,Samsung 990 Pro 4TB,Corsair RM1000x Gold,Thermalright Peerless Assassin,Corsair 7000D Airflow,high,16847.47
AMD Ryzen 9 9950X,MSI MAG X870E Tomahawk,DDR5 64GB 5600MHz (2x32),RTX 5090,Samsung 990 Pro 1TB,Corsair RM750x Gold,DeepCool LE720 360mm,Corsair 7000D Airflow,high,34371.38
AMD Ryzen 7 5700X,MSI B550M-A Pro,DDR4 16GB 3200MHz (2x8),RTX 4060,Samsung 990 Pro 1TB,Corsair RM850x Gold,DeepCool AK400,NZXT H5 Flow,mid,6435.33
AMD Ryzen 7 5800X3D,MSI B550M-A Pro,DDR4 16GB 3200MHz (2x8),RX 7800 XT,Crucial P3 500GB,Corsair RM750x Gold,Thermalright Peerless Assassin,NZXT H5 Flow,mid,7707.23
AMD Ryzen 5 5500,Gigabyte A520M K V2,DDR4 16GB 3200MHz (2x8),RX 7600,Kingston NV2 500GB,Cooler Master MWE 650 Gold,DeepCool AK400,Corsair 3000D Airflow,entry,4628.06
Intel i5-14400F,MSI PRO H610M-G DDR4,DDR4 8GB 3200MHz (1x8),RTX 4070,Kingston NV2 500GB,Cooler Master MWE 650 Gold,DeepCool AK400,Gamemax Infinit M909,budget,6528.32
AMD Ryzen 7 7700X,MSI MAG B650 Tomahawk,DDR5 32GB 5600MHz (2x16),RX 7800 XT,Samsung 990 Pro 1TB,Corsair RM850x Gold,DeepCool LE720 360mm,NZXT H5 Flow,high,11732.47
AMD Ryzen 9 9950X,MSI MAG X870E Tomahawk,DDR5 32GB 5600MHz (2x16),RTX 4070,WD Blue SN580 1TB,Corsair RM750x Gold,NZXT Kraken 360,Lian Li O11 Dynamic EVO,high,15388.7
AMD Ryzen 9 9950X,MSI MAG X870E Tomahawk,DDR5 64GB 5600MHz (2x32),RTX 5070 Ti,WD Black SN850X 2TB,Corsair RM850x Gold,NZXT Kraken 360,Lian Li O11 Dynamic EVO,enthusiast,23129.26
AMD Ryzen 7 9800X3D,MSI MAG X870E Tomahawk,DDR5 64GB 5600MHz (2x32),RX 9070 XT,Samsung 990 Pro 4TB,Corsair RM850x Gold,DeepCool LE720 360mm,Corsair 7000D Airflow,enthusiast,20484.29
Intel i3-12100F,MSI PRO H610M-G DDR4,DDR4 32GB 3200MHz (2x16),RX 7600,Kingston NV2 1TB,Cooler Master MWE 650 Gold,DeepCool AK400,Corsair 3000D Airflow,budget,5516.33
AMD Ryzen 5 7600,MSI MAG B650 Tomahawk,DDR5 32GB 6000MHz RGB,RX 9070 XT,WD Black SN850X 2TB,Corsair RM750x Gold,Thermalright Peerless Assassin,NZXT H5 Flow,mid,13711.63
AMD Ryzen 5 7600,ASUS Prime A620M-K,DDR5 16GB 5600MHz (2x8),GTX 1650,Kingston NV2 500GB,Corsair CX650 Bronze,Cooler box (stock),NZXT H5 Flow,budget,4717.55
AMD Ryzen 7 5800X3D,ASUS TUF B550M-Plus,DDR4 32GB 3200MHz (2x16),RX 7800 XT,Samsung 990 Pro 1TB,Corsair RM850x Gold,DeepCool LE720 360mm,NZXT H5 Flow,high,10109.48
AMD Ryzen 7 7700X,MSI MAG X870E Tomahawk,DDR5 32GB 6000MHz RGB,RTX 5090,Samsung 990 Pro 4TB,Corsair RM750x Gold,NZXT Kraken 360,NZXT H5 Flow,high,31730.67
AMD Ryzen 5 8400F,ASUS Prime A620M-K,DDR5 16GB 5600MHz (2x8),RX 6600,Kingston NV2 500GB,Corsair CX650 Bronze,Cooler box (stock),Corsair 3000D Airflow,entry,4789.94
AMD Ryzen 7 7800X3D,MSI MAG X870E Tomahawk,DDR5 32GB 6000MHz RGB,Arc B580,WD Black SN850X 2TB,Corsair RM850x Gold,DeepCool AK400,NZXT H5 Flow,mid,12605.79
AMD Ryzen 7 7700X,ASUS Prime A620M-K,DDR5 16GB 5600MHz (2x8),RX 7600,Kingston NV2 1TB,Corsair RM750x Gold,Cooler box (stock),Corsair 3000D Airflow,budget,6225.0
Intel i9-14900K,MSI MAG Z790 Tomahawk DDR5,DDR5 32GB 6000MHz RGB,RTX 5090,Samsung 990 Pro 1TB,Corsair RM850x Gold,DeepCool LE720 360mm,Lian Li O11 Dynamic EVO,high,29091.47
Intel i5-14600KF,ASUS TUF B760M-Plus DDR5,DDR5 64GB 5600MHz (2x32),RTX 5060 Ti 16GB,Samsung 990 Pro 1TB,Corsair RM1000x Gold,NZXT Kraken 360,Corsair 7000D Airflow,high,16667.74
Intel i5-14600KF,MSI MAG Z790 Tomahawk DDR5,DDR5 32GB 5600MHz (2x16),RX 7600,WD Black SN850X 2TB,Cooler Master MWE 650 Gold,Thermalright Peerless Assassin,Corsair 3000D Airflow,mid,9429.85
AMD Ryzen 7 5700X,MSI B550M-A Pro,DDR4 16GB 3200MHz (2x8),RX 6600,Crucial P3 500GB,Cooler Master MWE 650 Gold,DeepCool AK400,Corsair 3000D Airflow,entry,4402.47
AMD Ryzen 7 5800X3D,ASUS TUF B550M-Plus,DDR4 32GB 3200MHz (2x16),RTX 4070,Samsung 990 Pro 4TB,Corsair RM1000x Gold,DeepCool LE720 360mm,Lian Li O11 Dynamic EVO,high,12205.19
AMD Ryzen 7 9800X3D,MSI MAG X870E Tomahawk,DDR5 32GB 6000MHz RGB,RX 9070 XT,WD Black SN850X 2TB,Corsair RM1000x Gold,NZXT Kraken 360,Lian Li O11 Dynamic EVO,enthusiast,17870.82
AMD Ryzen 7 5700X,MSI B550M-A Pro,DDR4 16GB 3200MHz (2x8),RX 7600,WD Blue SN580 1TB,Cooler Master MWE 650 Gold,DeepCool AK400,Lian Li O11 Dynamic EVO,mid,6177.28
Intel i5-14600KF,MSI PRO B760M-A DDR4,DDR4 32GB 3200MHz (2x16),GTX 1650,WD Blue SN580 1TB,Cooler Master MWE 650 Gold,Cooler box (stock),NZXT H5 Flow,budget,6026.99
Intel i7-14700KF,MSI MAG Z790 Tomahawk DDR5,DDR5 32GB 6000MHz RGB,RX 9070 XT,Samsung 990 Pro 1TB,Corsair RM850x Gold,NZXT Kraken 360,Corsair 7000D Airflow,enthusiast,14946.28
AMD Ryzen 5 5600,ASUS TUF B550M-Plus,DDR4 32GB 3200MHz (2x16),RX 6600,Kingston NV2 1TB,Corsair RM750x Gold,Thermalright Peerless Assassin,NZXT H5 Flow,budget,5476.29
AMD Ryzen 5 7600,MSI MAG X870E Tomahawk,DDR5 32GB 6000MHz RGB,RTX 5060 Ti 16GB,Kingston NV2 1TB,Corsair CX650 Bronze,DeepCool LE720 360mm,Lian Li O11 Dynamic EVO,mid,13529.36
AMD Ryzen 9 9950X,MSI MAG X870E Tomahawk,DDR5 32GB 6000MHz RGB,RX 7800 XT,WD Black SN850X 2TB,Corsair RM850x Gold,DeepCool LE720 360mm,Corsair 7000D Airflow,high,17754.8
Intel i5-14600KF,MSI MAG Z790 Tomahawk DDR5,DDR5 16GB 5600MHz (2x8),Arc B580,WD Black SN850X 2TB,Cooler Master MWE 650 Gold,DeepCool LE720 360mm,NZXT H5 Flow,mid,9632.14
AMD Ryzen 7 7800X3D,MSI MAG B650 Tomahawk,DDR5 32GB 5600MHz (2x16),RX 7800 XT,WD Blue SN580 1TB,Corsair RM850x Gold,DeepCool AK400,NZXT H5 Flow,mid,11944.46
AMD Ryzen 5 7600,ASUS Prime A620M-K,DDR5 16GB 5600MHz (2x8),RX 6600,Kingston NV2 500GB,Cooler Master MWE 650 Gold,Cooler box (stock),Corsair 3000D Airflow,entry,5539.58
AMD Ryzen 5 8400F,MSI MAG B650 Tomahawk,DDR5 32GB 5600MHz (2x16),RX 6600,WD Blue SN580 1TB,Redragon RGPS 500W Bronze,Cooler box (stock),NZXT H5 Flow,budget,7192.17
Intel i9-14900K,ASUS TUF B760M-Plus DDR5,DDR5 64GB 5600MHz (2x32),RTX 5060 Ti 16GB,Samsung 990 Pro 4TB,Corsair RM850x Gold,DeepCool LE720 360mm,NZXT H5 Flow,high,17122.61
Intel i5-14600KF,MSI PRO H610M-G DDR4,DDR4 32GB 3200MHz (2x16),RX 7800 XT,Kingston NV2 1TB,Redragon RGPS 500W Bronze,Cooler box (stock),Corsair 3000D Airflow,budget,7753.75
AMD Ryzen 7 5700X,MSI B550M-A Pro,DDR4 16GB 3200MHz (2x8),RTX 4070,WD Blue SN580 1TB,Corsair RM850x Gold,Thermalright Peerless Assassin,Corsair 3000D Airflow,mid,8411.54
Intel i3-12100F,MSI PRO H610M-G DDR4,DDR4 8GB 3200MHz (1x8),RX 7600,Kingston NV2 1TB,Redragon RGPS 500W Bronze,DeepCool AK400,Gamemax Infinit M909,entry,3793.18
Intel i5-12400F,MSI PRO B760M-A DDR4,DDR4 16GB 3200MHz (2x8),GTX 1650,Kingston NV2 1TB,Cooler Master MWE 650 Gold,Cooler box (stock),Corsair 3000D Airflow,entry,3828.47
Intel i5-14400F,MSI PRO B760M-A DDR4,DDR4 16GB 3200MHz (2x8),RTX 5060 Ti 16GB,WD Blue SN580 1TB,Corsair CX650 Bronze,DeepCool AK400,Gamemax Infinit M909,budget,7569.77
Intel i5-14600KF,ASUS TUF B760M-Plus DDR5,DDR5 32GB 5600MHz (2x16),RX 9070 XT,Kingston NV2 1TB,Corsair RM850x Gold,DeepCool AK400,NZXT H5 Flow,mid,12074.67
Intel i7-14700KF,MSI PRO B760M-A DDR4,DDR4 32GB 3200MHz (2x16),RX 7800 XT,WD Blue SN580 1TB,Corsair CX650 Bronze,DeepCool AK400,NZXT H5 Flow,mid,9426.32
AMD Ryzen 7 7800X3D,MSI MAG X870E Tomahawk,DDR5 64GB 5600MHz (2x32),RTX 5070 Ti,Samsung 990 Pro 1TB,Corsair RM1000x Gold,DeepCool LE720 360mm,Lian Li O11 Dynamic EVO,enthusiast,19776.03
AMD Ryzen 5 7600,ASUS Prime A620M-K,DDR5 16GB 5600MHz (2x8),Arc B580,Kingston NV2 500GB,Corsair CX650 Bronze,DeepCool AK400,Gamemax Infinit M909,entry,6078.58
AMD Ryzen 9 9950X,MSI MAG X870E Tomahawk,DDR5 64GB 5600MHz (2x32),RTX 5070,Samsung 990 Pro 1TB,Corsair RM850x Gold,NZXT Kraken 360,Corsair 7000D Airflow,enthusiast,18882.83
Intel i7-14700KF,ASUS TUF B760M-Plus DDR5,DDR5 32GB 6000MHz RGB,RTX 5060 Ti 16GB,Samsung 990 Pro 1TB,Cooler Master MWE 650 Gold,DeepCool AK400,Corsair 3000D Airflow,mid,11855.99
Intel i5-14400F,MSI PRO B760M-A DDR4,DDR4 8GB 3200MHz (1x8),RX 6600,Crucial P3 500GB,Corsair CX650 Bronze,Cooler box (stock),Gamemax Infinit M909,entry,4088.05
Intel i5-12400F,MSI PRO H610M-G DDR4,DDR4 16GB 3200MHz (2x8),RTX 3060 12GB,Kingston NV2 1TB,Cooler Master MWE 650 Gold,Cooler box (stock),Gamemax Infinit M909,entry,4675.77
Intel i5-14600KF,MSI MAG Z790 Tomahawk DDR5,DDR5 32GB 6000MHz RGB,RTX 5080,Samsung 990 Pro 4TB,Corsair RM1000x Gold,NZXT Kraken 360,Lian Li O11 Dynamic EVO,high,19764.01
AMD Ryzen 5 7600,MSI MAG B650 Tomahawk,DDR5 32GB 5600MHz (2x16),RTX 5060 Ti 16GB,Kingston NV2 1TB,Corsair RM850x Gold,DeepCool AK400,NZXT H5 Flow,mid,11436.22
Intel i5-14400F,ASUS TUF B760M-Plus DDR5,DDR5 16GB 5600MHz (2x8),RX 7800 XT,Kingston NV2 500GB,Cooler Master MWE 650 Gold,Cooler box (stock),NZXT H5 Flow,budget,7341.8
AMD Ryzen 9 9950X,MSI MAG X870E Tomahawk,DDR5 64GB 5600MHz (2x32),RX 9070 XT,Samsung 990 Pro 1TB,Corsair RM850x Gold,DeepCool LE720 360mm,Corsair 7000D Airflow,enthusiast,20095.05
AMD Ryzen 5 8400F,ASUS Prime A620M-K,DDR5 32GB 5600MHz (2x16),RTX 4060,WD Blue SN580 1TB,Corsair CX650 Bronze,Cooler box (stock),NZXT H5 Flow,budget,8172.3
AMD Ryzen 7 7800X3D,MSI MAG X870E Tomahawk,DDR5 64GB 5600MHz (2x32),RTX 5070,Samsung 990 Pro 4TB,Corsair RM850x Gold,NZXT Kraken 360,Lian Li O11 Dynamic EVO,enthusiast,19942.38
AMD Ryzen 7 9800X3D,MSI MAG B650 Tomahawk,DDR5 32GB 5600MHz (2x16),RX 9070 XT,WD Black SN850X 2TB,Corsair RM850x Gold,Thermalright Peerless Assassin,Corsair 7000D Airflow,high,14329.79
AMD Ryzen 5 7600,MSI PRO B850M-B,DDR5 16GB 5600MHz (2x8),GTX 1650,Kingston NV2 500GB,Redragon RGPS 500W Bronze,Cooler box (stock),Gamemax Infinit M909,entry,4216.5
AMD Ryzen 7 5700X,MSI B550M-A Pro,DDR4 16GB 3200MHz (2x8),RTX 5070 Ti,WD Blue SN580 1TB,Corsair RM850x Gold,Thermalright Peerless Assassin,Corsair 3000D Airflow,mid,11058.78
Intel i7-14700KF,ASUS TUF B760M-Plus DDR5,DDR5 16GB 5600MHz (2x8),RX 7800 XT,Crucial P3 500GB,Corsair RM750x Gold,DeepCool AK400,NZXT H5 Flow,mid,9116.68
Intel i9-14900K,ASUS TUF B760M-Plus DDR5,DDR5 64GB 5600MHz (2x32),RTX 5080,Samsung 990 Pro 4TB,Corsair RM1000x Gold,NZXT Kraken 360,NZXT H5 Flow,high,24752.35
Intel i5-14600KF,ASUS TUF B760M-Plus DDR5,DDR5 64GB 5600MHz (2x32),RX 7800 XT,WD Black SN850X 2TB,Corsair RM1000x Gold,Thermalright Peerless Assassin,Lian Li O11 Dynamic EVO,high,14547.23
AMD Ryzen 5 7600,MSI MAG B650 Tomahawk,DDR5 16GB 5600MHz (2x8),RTX 3060 12GB,Samsung 990 Pro 1TB,Corsair RM850x Gold,DeepCool AK400,Corsair 3000D Airflow,mid,7202.61
AMD Ryzen 7 7700X,MSI MAG B650 Tomahawk,DDR5 32GB 6000MHz RGB,RTX 5070 Ti,WD Black SN850X 2TB,Corsair RM850x Gold,Thermalright Peerless Assassin,Lian Li O11 Dynamic EVO,high,16503.47
AMD Ryzen 7 5800X3D,ASUS TUF B550M-Plus,DDR4 32GB 3600MHz RGB,RTX 5080,Samsung 990 Pro 1TB,Corsair RM850x Gold,DeepCool LE720 360mm,Corsair 7000D Airflow,enthusiast,18586.29
AMD Ryzen 9 9950X,MSI MAG X870E Tomahawk,DDR5 32GB 6000MHz RGB,RX 7800 XT,Samsung 990 Pro 4TB,Corsair RM1000x Gold,DeepCool LE720 360mm,NZXT H5 Flow,high,17563.48
AMD Ryzen 5 7600,MSI MAG B650 Tomahawk,DDR5 32GB 5600MHz (2x16),RTX 3060 12GB,WD Blue SN580 1TB,Corsair RM850x Gold,DeepCool LE720 360mm,Lian Li O11 Dynamic EVO,mid,9362.78
Intel i7-14700KF,MSI MAG Z790 Tomahawk DDR5,DDR5 32GB 6000MHz RGB,RTX 5070,Crucial P3 500GB,Corsair RM750x Gold,DeepCool LE720 360mm,Lian Li O11 Dynamic EVO,mid,13133.29
AMD Ryzen 9 9950X,MSI MAG X870E Tomahawk,DDR5 32GB 6000MHz RGB,RX 9070 XT,WD Blue SN580 1TB,Corsair RM850x Gold,Thermalright Peerless Assassin,Corsair 7000D Airflow,high,18752.1
Intel i5-14600KF,ASUS TUF B760M-Plus DDR5,DDR5 16GB 5600MHz (2x8),RTX 5070 Ti,Crucial P3 500GB,Corsair RM850x Gold,Thermalright Peerless Assassin,Lian Li O11 Dynamic EVO,mid,12934.3
AMD Ryzen 5 8400F,MSI MAG B650 Tomahawk,DDR5 16GB 5600MHz (2x8),Arc B580,Kingston NV2 1TB,Cooler Master MWE 650 Gold,DeepCool AK400,Corsair 3000D Airflow,budget,6675.68
AMD Ryzen 7 5800X3D,ASUS TUF B550M-Plus,DDR4 32GB 3200MHz (2x16),RTX 5070 Ti,Crucial P3 500GB,Corsair RM750x Gold,DeepCool AK400,Lian Li O11 Dynamic EVO,mid,12744.04
AMD Ryzen 7 7800X3D,MSI PRO B850M-B,DDR5 32GB 5600MHz (2x16),RTX 4060,Kingston NV2 1TB,Corsair CX650 Bronze,Thermalright Peerless Assassin,Lian Li O11 Dynamic EVO,mid,9513.62
AMD Ryzen 7 9800X3D,MSI MAG X870E Tomahawk,DDR5 32GB 6000MHz RGB,RTX 5070 Ti,Samsung 990 Pro 4TB,Corsair RM1000x Gold,Thermalright Peerless Assassin,Lian Li O11 Dynamic EVO,high,20799.75
Intel i5-14400F,MSI PRO B760M-A DDR4,DDR4 16GB 3200MHz (2x8),RX 6600,Crucial P3 500GB,Redragon RGPS 500W Bronze,Cooler box (stock),Gamemax Infinit M909,entry,4179.1
AMD Ryzen 7 9800X3D,MSI MAG B650 Tomahawk,DDR5 64GB 5600MHz (2x32),RTX 5090,Samsung 990 Pro 4TB,Corsair RM1000x Gold,NZXT Kraken 360,Corsair 7000D Airflow,high,34006.67
Intel i7-14700KF,MSI MAG Z790 Tomahawk DDR5,DDR5 64GB 5600MHz (2x32),RTX 5080,Samsung 990 Pro 4TB,Corsair RM850x Gold,NZXT Kraken 360,Corsair 7000D Airflow,enthusiast,22480.51
Intel i7-14700KF,MSI MAG Z790 Tomahawk DDR5,DDR5 64GB 5600MHz (2x32),RTX 5070 Ti,WD Black SN850X 2TB,Corsair RM1000x Gold,DeepCool LE720 360mm,Corsair 7000D Airflow,enthusiast,20226.23
AMD Ryzen 9 9950X,MSI MAG B650 Tomahawk,DDR5 32GB 6000MHz RGB,RTX 5060 Ti 16GB,Samsung 990 Pro 1TB,Corsair RM850x Gold,Thermalright Peerless Assassin,NZXT H5 Flow,high,14672.52
AMD Ryzen 9 9950X,MSI MAG X870E Tomahawk,DDR5 64GB 5600MHz (2x32),RTX 5070,Samsung 990 Pro 4TB,Corsair RM750x Gold,Thermalright Peerless Assassin,Lian Li O11 Dynamic EVO,high,21577.89
AMD Ryzen 7 5800X3D,Gigabyte A520M K V2,DDR4 32GB 3600MHz RGB,RTX 5070,Samsung 990 Pro 4TB,Corsair RM1000x Gold,NZXT Kraken 360,Lian Li O11 Dynamic EVO,enthusiast,13106.98
AMD Ryzen 9 9950X,MSI MAG X870E Tomahawk,DDR5 64GB 5600MHz (2x32),RX 9070 XT,Samsung 990 Pro 4TB,Corsair RM1000x Gold,DeepCool LE720 360mm,Lian Li O11 Dynamic EVO,enthusiast,23031.59
AMD Ryzen 7 9800X3D,MSI MAG X870E Tomahawk,DDR5 32GB 6000MHz RGB,RX 9070 XT,WD Black SN850X 2TB,Corsair RM1000x Gold,Thermalright Peerless Assassin,Lian Li O11 Dynamic EVO,high,17714.04
AMD Ryzen 5 7600,ASUS Prime A620M-K,DDR5 16GB 5600MHz (2x8),GTX 1650,Crucial P3 500GB,Corsair CX650 Bronze,Cooler box (stock),Corsair 3000D Airflow,entry,4640.7
Intel i3-12100F,MSI PRO B760M-A DDR4,DDR4 8GB 3200MHz (1x8),RX 6600,Crucial P3 500GB,Corsair CX650 Bronze,DeepCool AK400,Corsair 3000D Airflow,entry,3856.84
Intel i5-14600KF,MSI MAG Z790 Tomahawk DDR5,DDR5 32GB 6000MHz RGB,RTX 5060 Ti 16GB,WD Blue SN580 1TB,Corsair RM750x Gold,DeepCool AK400,NZXT H5 Flow,mid,11957.63
Intel i7-14700KF,ASUS TUF B760M-Plus DDR5,DDR5 32GB 6000MHz RGB,RX 7800 XT,WD Black SN850X 2TB,Corsair CX650 Bronze,DeepCool LE720 360mm,Lian Li O11 Dynamic EVO,mid,12245.95
AMD Ryzen 7 7800X3D,MSI MAG X870E Tomahawk,DDR5 64GB 5600MHz (2x32),RTX 5070 Ti,Samsung 990 Pro 1TB,Corsair RM1000x Gold,NZXT Kraken 360,Lian Li O11 Dynamic EVO,enthusiast,22458.97
AMD Ryzen 7 9800X3D,MSI MAG X870E Tomahawk,DDR5 64GB 5600MHz (2x32),RTX 5090,Samsung 990 Pro 1TB,Corsair RM1000x Gold,DeepCool LE720 360mm,Corsair 7000D Airflow,enthusiast,33412.12
AMD Ryzen 7 9800X3D,MSI MAG X870E Tomahawk,DDR5 32GB 6000MHz RGB,RTX 5090,Samsung 990 Pro 4TB,Corsair RM850x Gold,NZXT Kraken 360,Corsair 7000D Airflow,enthusiast,34192.52
AMD Ryzen 7 7800X3D,MSI MAG B650 Tomahawk,DDR5 64GB 5600MHz (2x32),RTX 5090,WD Blue SN580 1TB,Corsair RM850x Gold,DeepCool LE720 360mm,Lian Li O11 Dynamic EVO,high,27679.77
Intel i5-14600KF,MSI MAG Z790 Tomahawk DDR5,DDR5 32GB 6000MHz RGB,RTX 5070,Samsung 990 Pro 1TB,Corsair RM750x Gold,NZXT Kraken 360,Lian Li O11 Dynamic EVO,high,14781.59
AMD Ryzen 7 7700X,MSI MAG X870E Tomahawk,DDR5 32GB 6000MHz RGB,RTX 5090,WD Black SN850X 2TB,Corsair RM750x Gold,DeepCool LE720 360mm,Lian Li O11 Dynamic EVO,high,30189.82
AMD Ryzen 5 8400F,ASUS Prime A620M-K,DDR5 16GB 5600MHz (2x8),RX 7800 XT,Crucial P3 500GB,Corsair CX650 Bronze,DeepCool AK400,NZXT H5 Flow,budget,6874.82
Intel i5-14400F,MSI PRO B760M-A DDR4,DDR4 8GB 3200MHz (1x8),RX 7800 XT,Kingston NV2 500GB,Corsair CX650 Bronze,DeepCool AK400,Gamemax Infinit M909,budget,6263.43
Intel i5-12400F,MSI PRO H610M-G DDR4,DDR4 16GB 3200MHz (2x8),Arc B580,Kingston NV2 1TB,Cooler Master MWE 650 Gold,Cooler box (stock),Gamemax Infinit M909,entry,5138.19
AMD Ryzen 5 5600,MSI B550M-A Pro,DDR4 16GB 3200MHz (2x8),RX 6600,Kingston NV2 1TB,Corsair CX650 Bronze,DeepCool AK400,Corsair 3000D Airflow,entry,3871.74
AMD Ryzen 7 5800X3D,ASUS TUF B550M-Plus,DDR4 32GB 3600MHz RGB,RTX 5070 Ti,Samsung 990 Pro 1TB,Corsair RM850x Gold,DeepCool LE720 360mm,Corsair 7000D Airflow,enthusiast,14264.95
Intel i5-14400F,MSI MAG Z790 Tomahawk DDR5,DDR5 32GB 6000MHz RGB,RTX 4070,Kingston NV2 1TB,Cooler Master MWE 650 Gold,Thermalright Peerless Assassin,Lian Li O11 Dynamic EVO,mid,12364.01
Intel i5-14400F,MSI PRO B760M-A DDR4,DDR4 8GB 3200MHz (1x8),GTX 1650,Kingston NV2 1TB,Redragon RGPS 500W Bronze,Cooler box (stock),Corsair 3000D Airflow,entry,3476.28
Intel i5-12400F,MSI PRO B760M-A DDR4,DDR4 8GB 3200MHz (1x8),RX 6600,Crucial P3 500GB,Corsair CX650 Bronze,DeepCool AK400,Gamemax Infinit M909,entry,3985.44
Intel i9-14900K,MSI MAG Z790 Tomahawk DDR5,DDR5 32GB 6000MHz RGB,RX 9070 XT,Samsung 990 Pro 4TB,Corsair RM1000x Gold,DeepCool LE720 360mm,Corsair 7000D Airflow,enthusiast,17509.08
AMD Ryzen 5 8400F,MSI PRO B850M-B,DDR5 16GB 5600MHz (2x8),RX 6600,WD Blue SN580 1TB,Corsair CX650 Bronze,Thermalright Peerless Assassin,NZXT H5 Flow,budget,5845.02
Intel i7-14700KF,MSI PRO B760M-A DDR4,DDR4 16GB 3200MHz (2x8),RTX 5060 Ti 16GB,Crucial P3 500GB,Corsair CX650 Bronze,Thermalright Peerless Assassin,NZXT H5 Flow,mid,8100.58
Intel i5-14400F,MSI PRO H610M-G DDR4,DDR4 16GB 3200MHz (2x8),RTX 4070,WD Blue SN580 1TB,Corsair RM750x Gold,DeepCool AK400,Corsair 3000D Airflow,budget,7228.4
Intel i5-14400F,ASUS TUF B760M-Plus DDR5,DDR5 32GB 5600MHz (2x16),RTX 3060 12GB,Samsung 990 Pro 1TB,Corsair RM850x Gold,DeepCool LE720 360mm,Lian Li O11 Dynamic EVO,mid,9427.92
AMD Ryzen 5 7600,MSI PRO B850M-B,DDR5 16GB 5600MHz (2x8),RTX 3060 12GB,Kingston NV2 500GB,Redragon RGPS 500W Bronze,Cooler box (stock),Corsair 3000D Airflow,budget,5706.21
Intel i5-14600KF,MSI MAG Z790 Tomahawk DDR5,DDR5 64GB 5600MHz (2x32),RTX 5090,Samsung 990 Pro 4TB,Corsair RM850x Gold,NZXT Kraken 360,Corsair 7000D Airflow,high,30409.29
AMD Ryzen 7 5700X,ASUS TUF B550M-Plus,DDR4 32GB 3200MHz (2x16),RTX 5060 Ti 16GB,Kingston NV2 500GB,Corsair CX650 Bronze,DeepCool AK400,Gamemax Infinit M909,budget,8237.87
AMD Ryzen 7 7800X3D,MSI MAG X870E Tomahawk,DDR5 32GB 6000MHz RGB,Arc B580,WD Blue SN580 1TB,Corsair RM850x Gold,DeepCool LE720 360mm,NZXT H5 Flow,mid,13149.2
AMD Ryzen 7 5700X,ASUS TUF B550M-Plus,DDR4 16GB 3200MHz (2x8),RTX 4060,WD Black SN850X 2TB,Corsair RM750x Gold,DeepCool LE720 360mm,NZXT H5 Flow,mid,7778.61
Intel i5-14600KF,MSI PRO B760M-A DDR4,DDR4 16GB 3200MHz (2x8),RX 7600,Crucial P3 500GB,Cooler Master MWE 650 Gold,DeepCool LE720 360mm,NZXT H5 Flow,mid,6547.86
Intel i7-14700KF,ASUS TUF B760M-Plus DDR5,DDR5 32GB 6000MHz RGB,RTX 5080,WD Blue SN580 1TB,Corsair RM750x Gold,Thermalright Peerless Assassin,Corsair 7000D Airflow,high,19173.79
AMD Ryzen 5 7600,MSI PRO B850M-B,DDR5 32GB 5600MHz (2x16),RX 7800 XT,Kingston NV2 1TB,Cooler Master MWE 650 Gold,Cooler box (stock),Corsair 3000D Airflow,budget,9639.76
Intel i9-14900K,ASUS TUF B760M-Plus DDR5,DDR5 32GB 6000MHz RGB,RTX 5070 Ti,Samsung 990 Pro 1TB,Corsair RM850x Gold,Thermalright Peerless Assassin,NZXT H5 Flow,high,17633.32
AMD Ryzen 9 9950X,MSI MAG X870E Tomahawk,DDR5 32GB 6000MHz RGB,RTX 5090,WD Black SN850X 2TB,Corsair RM850x Gold,DeepCool LE720 360mm,Corsair 7000D Airflow,enthusiast,29714.5
AMD Ryzen 7 5700X,MSI B550M-A Pro,DDR4 8GB 3200MHz (1x8),RTX 4060,Kingston NV2 1TB,Cooler Master MWE 650 Gold,DeepCool AK400,Corsair 3000D Airflow,entry,5372.75
Intel i3-12100F,MSI PRO H610M-G DDR4,DDR4 16GB 3200MHz (2x8),RTX 4060,Kingston NV2 1TB,Corsair CX650 Bronze,Cooler box (stock),Gamemax Infinit M909,budget,4782.93
AMD Ryzen 5 7600,MSI MAG X870E Tomahawk,DDR5 32GB 5600MHz (2x16),RX 7800 XT,WD Black SN850X 2TB,Cooler Master MWE 650 Gold,DeepCool LE720 360mm,NZXT H5 Flow,mid,12652.26
Intel i5-14600KF,MSI PRO H610M-G DDR4,DDR4 8GB 3200MHz (1x8),RTX 4070,WD Blue SN580 1TB,Corsair RM750x Gold,DeepCool AK400,Gamemax Infinit M909,budget,7346.38
AMD Ryzen 7 5700X,MSI B550M-A Pro,DDR4 16GB 3200MHz (2x8),RX 7600,Crucial P3 500GB,Corsair RM850x Gold,DeepCool LE720 360mm,NZXT H5 Flow,mid,5950.0
Intel i7-14700KF,ASUS TUF B760M-Plus DDR5,DDR5 32GB 5600MHz (2x16),RTX 5070 Ti,Samsung 990 Pro 1TB,Corsair RM750x Gold,Thermalright Peerless Assassin,NZXT H5 Flow,high,14469.37
AMD Ryzen 7 5800X3D,MSI B550M-A Pro,DDR4 32GB 3600MHz RGB,RTX 5070,Samsung 990 Pro 4TB,Corsair RM1000x Gold,DeepCool LE720 360mm,Corsair 7000D Airflow,enthusiast,13890.48
Intel i7-14700KF,MSI MAG Z790 Tomahawk DDR5,DDR5 32GB 6000MHz RGB,RTX 4070,WD Black SN850X 2TB,Corsair RM1000x Gold,Thermalright Peerless Assassin,Lian Li O11 Dynamic EVO,high,15130.43
AMD Ryzen 5 5500,ASUS TUF B550M-Plus,DDR4 8GB 3200MHz (1x8),GTX 1650,WD Blue SN580 1TB,Redragon RGPS 500W Bronze,Cooler box (stock),Gamemax Infinit M909,budget,3255.45
AMD Ryzen 9 9950X,MSI MAG B650 Tomahawk,DDR5 32GB 5600MHz (2x16),RTX 5090,WD Black SN850X 2TB,Corsair RM750x Gold,DeepCool LE720 360mm,Lian Li O11 Dynamic EVO,high,30353.43
AMD Ryzen 7 9800X3D,MSI MAG X870E Tomahawk,DDR5 32GB 6000MHz RGB,RTX 5070,Samsung 990 Pro 4TB,Corsair RM850x Gold,NZXT Kraken 360,Corsair 7000D Airflow,enthusiast,17802.21
Intel i5-14600KF,ASUS TUF B760M-Plus DDR5,DDR5 32GB 6000MHz RGB,RX 7800 XT,Samsung 990 Pro 1TB,Corsair RM1000x Gold,DeepCool LE720 360mm,Corsair 7000D Airflow,high,12231.99
AMD Ryzen 7 5800X3D,ASUS TUF B550M-Plus,DDR4 32GB 3200MHz (2x16),RTX 5090,WD Blue SN580 1TB,Corsair RM750x Gold,DeepCool LE720 360mm,Corsair 7000D Airflow,high,25887.02
AMD Ryzen 7 5700X,MSI B550M-A Pro,DDR4 16GB 3200MHz (2x8),RTX 3060 12GB,Kingston NV2 500GB,Cooler Master MWE 650 Gold,Thermalright Peerless Assassin,Corsair 3000D Airflow,budget,5049.67
Intel i7-14700KF,MSI MAG Z790 Tomahawk DDR5,DDR5 32GB 6000MHz RGB,RTX 5070,Crucial P3 500GB,Corsair CX650 Bronze,DeepCool LE720 360mm,Lian Li O11 Dynamic EVO,mid,14537.75
AMD Ryzen 7 7700X,MSI PRO B850M-B,DDR5 16GB 5600MHz (2x8),RTX 3060 12GB,Crucial P3 500GB,Cooler Master MWE 650 Gold,Cooler box (stock),Corsair 3000D Airflow,budget,6712.21
AMD Ryzen 5 5600,MSI B550M-A Pro,DDR4 8GB 3200MHz (1x8),RX 7600,Crucial P3 500GB,Cooler Master MWE 650 Gold,DeepCool AK400,NZXT H5 Flow,budget,4227.54
AMD Ryzen 9 9950X,MSI MAG X870E Tomahawk,DDR5 64GB 5600MHz (2x32),RX 7800 XT,WD Blue SN580 1TB,Corsair RM750x Gold,NZXT Kraken 360,Lian Li O11 Dynamic EVO,high,18311.91
AMD Ryzen 7 9800X3D,MSI MAG X870E Tomahawk,DDR5 32GB 6000MHz RGB,RTX 5090,WD Black SN850X 2TB,Corsair RM850x Gold,NZXT Kraken 360,Lian Li O11 Dynamic EVO,enthusiast,29332.68
AMD Ryzen 7 7800X3D,MSI MAG X870E Tomahawk,DDR5 16GB 5600MHz (2x8),RTX 3060 12GB,WD Blue SN580 1TB,Corsair RM850x Gold,DeepCool AK400,Lian Li O11 Dynamic EVO,mid,8901.1
AMD Ryzen 7 5800X3D,ASUS TUF B550M-Plus,DDR4 32GB 3600MHz RGB,RTX 5080,Samsung 990 Pro 1TB,Corsair RM750x Gold,DeepCool LE720 360mm,Lian Li O11 Dynamic EVO,high,17978.78
Intel i5-14400F,MSI PRO H610M-G DDR4,DDR4 16GB 3200MHz (2x8),GTX 1650,WD Blue SN580 1TB,Corsair RM750x Gold,Thermalright Peerless Assassin,NZXT H5 Flow,budget,4534.63
AMD Ryzen 7 5800X3D,MSI B550M-A Pro,DDR4 32GB 3600MHz RGB,RTX 5070,Samsung 990 Pro 4TB,Corsair RM850x Gold,DeepCool LE720 360mm,Corsair 7000D Airflow,enthusiast,13782.17
Intel i5-14600KF,ASUS TUF B760M-Plus DDR5,DDR5 32GB 6000MHz RGB,RTX 5080,Samsung 990 Pro 4TB,Corsair RM750x Gold,DeepCool LE720 360mm,Corsair 7000D Airflow,high,19234.98
Intel i3-12100F,MSI PRO B760M-A DDR4,DDR4 16GB 3200MHz (2x8),Arc B580,Kingston NV2 1TB,Corsair CX650 Bronze,DeepCool AK400,Gamemax Infinit M909,entry,5142.17
AMD Ryzen 7 7800X3D,MSI MAG X870E Tomahawk,DDR5 32GB 6000MHz RGB,RTX 5070,Samsung 990 Pro 4TB,Corsair RM1000x Gold,DeepCool LE720 360mm,Corsair 7000D Airflow,enthusiast,16666.54
Intel i3-12100F,MSI PRO H610M-G DDR4,DDR4 16GB 3200MHz (2x8),RX 6600,Kingston NV2 500GB,Cooler Master MWE 650 Gold,DeepCool AK400,Corsair 3000D Airflow,entry,3841.22
AMD Ryzen 7 5800X3D,Gigabyte A520M K V2,DDR4 32GB 3600MHz RGB,RTX 5080,Samsung 990 Pro 1TB,Corsair RM850x Gold,NZXT Kraken 360,Corsair 7000D Airflow,enthusiast,16662.98
Intel i9-14900K,MSI MAG Z790 Tomahawk DDR5,DDR5 32GB 6000MHz RGB,RTX 5070,WD Black SN850X 2TB,Corsair RM850x Gold,DeepCool LE720 360mm,Corsair 7000D Airflow,enthusiast,17255.78
Intel i5-14600KF,ASUS TUF B760M-Plus DDR5,DDR5 32GB 6000MHz RGB,RTX 4070,WD Blue SN580 1TB,Corsair RM1000x Gold,Thermalright Peerless Assassin,Corsair 7000D Airflow,high,12091.39
Intel i5-14600KF,ASUS TUF B760M-Plus DDR5,DDR5 32GB 5600MHz (2x16),RX 7800 XT,WD Black SN850X 2TB,Corsair CX650 Bronze,Thermalright Peerless Assassin,Corsair 3000D Airflow,mid,11735.48
AMD Ryzen 9 9950X,MSI MAG X870E Tomahawk,DDR5 32GB 6000MHz RGB,RTX 5070 Ti,Samsung 990 Pro 4TB,Corsair RM1000x Gold,DeepCool LE720 360mm,Corsair 7000D Airflow,enthusiast,21377.76
Intel i5-12400F,MSI PRO B760M-A DDR4,DDR4 16GB 3200MHz (2x8),Arc B580,Crucial P3 500GB,Redragon RGPS 500W Bronze,DeepCool AK400,Gamemax Infinit M909,entry,5092.36
AMD Ryzen 7 7700X,MSI MAG B650 Tomahawk,DDR5 16GB 5600MHz (2x8),RX 7800 XT,Kingston NV2 1TB,Corsair CX650 Bronze,Cooler box (stock),Gamemax Infinit M909,budget,8141.19
AMD Ryzen 7 7800X3D,MSI MAG B650 Tomahawk,DDR5 32GB 5600MHz (2x16),RTX 5070,WD Black SN850X 2TB,Corsair RM850x Gold,DeepCool LE720 360mm,Corsair 3000D Airflow,mid,13821.48
AMD Ryzen 5 5500,ASUS TUF B550M-Plus,DDR4 32GB 3200MHz (2x16),GTX 1650,Kingston NV2 1TB,Cooler Master MWE 650 Gold,Cooler box (stock),Corsair 3000D Airflow,budget,4577.31
AMD Ryzen 7 9800X3D,MSI MAG X870E Tomahawk,DDR5 32GB 6000MHz RGB,RX 9070 XT,Samsung 990 Pro 1TB,Corsair RM850x Gold,NZXT Kraken 360,Lian Li O11 Dynamic EVO,enthusiast,16301.61
AMD Ryzen 7 7700X,MSI PRO B850M-B,DDR5 16GB 5600MHz (2x8),RTX 3060 12GB,WD Blue SN580 1TB,Cooler Master MWE 650 Gold,DeepCool AK400,Corsair 3000D Airflow,budget,6448.13
AMD Ryzen 7 7800X3D,MSI MAG X870E Tomahawk,DDR5 32GB 6000MHz RGB,RTX 5090,Samsung 990 Pro 1TB,Corsair RM850x Gold,DeepCool LE720 360mm,Corsair 7000D Airflow,enthusiast,27621.18
Intel i3-12100F,ASUS TUF B760M-Plus DDR5,DDR5 16GB 5600MHz (2x8),RTX 4070,Crucial P3 500GB,Redragon RGPS 500W Bronze,Cooler box (stock),NZXT H5 Flow,budget,7940.04
Intel i5-14600KF,MSI MAG Z790 Tomahawk DDR5,DDR5 32GB 6000MHz RGB,RX 9070 XT,Samsung 990 Pro 4TB,Corsair RM1000x Gold,DeepCool LE720 360mm,NZXT H5 Flow,high,15662.43
AMD Ryzen 5 5500,ASUS TUF B550M-Plus,DDR4 32GB 3200MHz (2x16),GTX 1650,Crucial P3 500GB,Corsair CX650 Bronze,Thermalright Peerless Assassin,NZXT H5 Flow,budget,4770.33
AMD Ryzen 5 7600,ASUS Prime A620M-K,DDR5 16GB 5600MHz (2x8),RX 7800 XT,WD Blue SN580 1TB,Corsair CX650 Bronze,DeepCool AK400,Corsair 3000D Airflow,budget,7705.9
AMD Ryzen 7 9800X3D,MSI MAG X870E Tomahawk,DDR5 64GB 5600MHz (2x32),RX 9070 XT,Samsung 990 Pro 1TB,Corsair RM850x Gold,NZXT Kraken 360,Lian Li O11 Dynamic EVO,enthusiast,20181.96
Intel i5-14600KF,ASUS TUF B760M-Plus DDR5,DDR5 16GB 5600MHz (2x8),RTX 4070,Samsung 990 Pro 1TB,Corsair CX650 Bronze,Thermalright Peerless Assassin,NZXT H5 Flow,mid,8589.22
AMD Ryzen 5 8400F,ASUS Prime A620M-K,DDR5 32GB 5600MHz (2x16),RX 7600,Kingston NV2 500GB,Redragon RGPS 500W Bronze,DeepCool AK400,NZXT H5 Flow,budget,7111.91
Intel i5-12400F,MSI PRO H610M-G DDR4,DDR4 8GB 3200MHz (1x8),RX 6600,Crucial P3 500GB,Redragon RGPS 500W Bronze,DeepCool AK400,Corsair 3000D Airflow,entry,3907.2
AMD Ryzen 9 9950X,MSI MAG X870E Tomahawk,DDR5 64GB 5600MHz (2x32),RX 9070 XT,Samsung 990 Pro 1TB,Corsair RM1000x Gold,NZXT Kraken 360,Lian Li O11 Dynamic EVO,enthusiast,20798.27
Intel i5-14600KF,MSI PRO B760M-A DDR4,DDR4 8GB 3200MHz (1x8),RX 7800 XT,Kingston NV2 1TB,Cooler Master MWE 650 Gold,DeepCool AK400,Gamemax Infinit M909,budget,6441.35
AMD Ryzen 7 7700X,MSI MAG X870E Tomahawk,DDR5 32GB 6000MHz RGB,RTX 5060 Ti 16GB,Crucial P3 500GB,Corsair CX650 Bronze,DeepCool AK400,Corsair 3000D Airflow,mid,12976.73
AMD Ryzen 7 7700X,MSI MAG B650 Tomahawk,DDR5 32GB 5600MHz (2x16),RTX 5070,Samsung 990 Pro 1TB,Corsair RM850x Gold,NZXT Kraken 360,Lian Li O11 Dynamic EVO,high,12767.98
AMD Ryzen 7 7800X3D,MSI MAG X870E Tomahawk,DDR5 32GB 5600MHz (2x16),RTX 4060,WD Black SN850X 2TB,Cooler Master MWE 650 Gold,Thermalright Peerless Assassin,Corsair 3000D Airflow,mid,10885.38
AMD Ryzen 7 5800X3D,ASUS TUF B550M-Plus,DDR4 32GB 3600MHz RGB,RTX 5090,Samsung 990 Pro 1TB,Corsair RM850x Gold,NZXT Kraken 360,Corsair 7000D Airflow,enthusiast,27053.01
AMD Ryzen 7 7700X,MSI MAG B650 Tomahawk,DDR5 32GB 6000MHz RGB,RTX 5060 Ti 16GB,WD Black SN850X 2TB,Corsair RM1000x Gold,DeepCool LE720 360mm,Corsair 7000D Airflow,high,15153.54
AMD Ryzen 5 5600,ASUS TUF B550M-Plus,DDR4 8GB 3200MHz (1x8),RX 6600,WD Blue SN580 1TB,Redragon RGPS 500W Bronze,DeepCool AK400,Gamemax Infinit M909,budget,3557.56
AMD Ryzen 5 8400F,ASUS Prime A620M-K,DDR5 16GB 5600MHz (2x8),RX 6600,Kingston NV2 1TB,Corsair CX650 Bronze,Cooler box (stock),Corsair 3000D Airflow,entry,4871.76
Intel i9-14900K,MSI MAG Z790 Tomahawk DDR5,DDR5 64GB 5600MHz (2x32),RTX 5090,Samsung 990 Pro 1TB,Corsair RM850x Gold,NZXT Kraken 360,Lian Li O11 Dynamic EVO,enthusiast,34304.88
Intel i7-14700KF,MSI MAG Z790 Tomahawk DDR5,DDR5 32GB 5600MHz (2x16),RTX 5070 Ti,WD Blue SN580 1TB,Corsair RM1000x Gold,NZXT Kraken 360,NZXT H5 Flow,high,17922.89
AMD Ryzen 9 9950X,MSI MAG B650 Tomahawk,DDR5 32GB 5600MHz (2x16),RTX 5090,Samsung 990 Pro 1TB,Corsair RM1000x Gold,NZXT Kraken 360,Corsair 7000D Airflow,high,31205.84
AMD Ryzen 7 5800X3D,ASUS TUF B550M-Plus,DDR4 32GB 3600MHz RGB,RTX 5070,Samsung 990 Pro 4TB,Corsair RM850x Gold,NZXT Kraken 360,Corsair 7000D Airflow,enthusiast,15121.35
Intel i5-14600KF,MSI PRO B760M-A DDR4,DDR4 16GB 3200MHz (2x8),RX 7600,Kingston NV2 1TB,Cooler Master MWE 650 Gold,Thermalright Peerless Assassin,Corsair 3000D Airflow,mid,5558.96
AMD Ryzen 9 9950X,MSI MAG B650 Tomahawk,DDR5 32GB 5600MHz (2x16),RTX 5080,WD Blue SN580 1TB,Corsair RM1000x Gold,Thermalright Peerless Assassin,Lian Li O11 Dynamic EVO,high,20325.64
AMD Ryzen 5 8400F,MSI PRO B850M-B,DDR5 16GB 5600MHz (2x8),RX 7600,WD Blue SN580 1TB,Redragon RGPS 500W Bronze,Cooler box (stock),Corsair 3000D Airflow,budget,5056.45
AMD Ryzen 5 5600,MSI B550M-A Pro,DDR4 16GB 3200MHz (2x8),Arc B580,Crucial P3 500GB,Redragon RGPS 500W Bronze,Thermalright Peerless Assassin,Gamemax Infinit M909,budget,4528.33
AMD Ryzen 7 7700X,MSI MAG B650 Tomahawk,DDR5 16GB 5600MHz (2x8),RX 7600,WD Black SN850X 2TB,Corsair RM750x Gold,Thermalright Peerless Assassin,Lian Li O11 Dynamic EVO,mid,8666.1
AMD Ryzen 7 5800X3D,ASUS TUF B550M-Plus,DDR4 32GB 3600MHz RGB,RX 9070 XT,WD Blue SN580 1TB,Corsair RM850x Gold,DeepCool AK400,Corsair 3000D Airflow,mid,11195.39
AMD Ryzen 5 7600,MSI PRO B850M-B,DDR5 16GB 5600MHz (2x8),GTX 1650,Kingston NV2 500GB,Corsair CX650 Bronze,DeepCool AK400,Gamemax Infinit M909,entry,4939.74
AMD Ryzen 5 5500,Gigabyte A520M K V2,DDR4 16GB 3200MHz (2x8),RX 6600,Crucial P3 500GB,Corsair RM750x Gold,Thermalright Peerless Assassin,NZXT H5 Flow,budget,4169.77
AMD Ryzen 7 9800X3D,MSI MAG X870E Tomahawk,DDR5 64GB 5600MHz (2x32),RX 7800 XT,Samsung 990 Pro 4TB,Corsair RM1000x Gold,NZXT Kraken 360,NZXT H5 Flow,high,20195.38
AMD Ryzen 7 7700X,MSI MAG X870E Tomahawk,DDR5 32GB 6000MHz RGB,RTX 4060,WD Black SN850X 2TB,Corsair RM850x Gold,DeepCool AK400,Corsair 3000D Airflow,mid,12690.92
AMD Ryzen 7 5800X3D,ASUS TUF B550M-Plus,DDR4 32GB 3200MHz (2x16),RX 9070 XT,WD Black SN850X 2TB,Corsair RM1000x Gold,Thermalright Peerless Assassin,Lian Li O11 Dynamic EVO,high,12186.04
Intel i5-14600KF,MSI PRO B760M-A DDR4,DDR4 16GB 3200MHz (2x8),RTX 5060 Ti 16GB,WD Blue SN580 1TB,Corsair RM850x Gold,DeepCool LE720 360mm,Corsair 3000D Airflow,mid,9067.75
AMD Ryzen 7 9800X3D,MSI MAG B650 Tomahawk,DDR5 32GB 5600MHz (2x16),RTX 5080,Samsung 990 Pro 1TB,Corsair RM1000x Gold,Thermalright Peerless Assassin,Lian Li O11 Dynamic EVO,high,18192.84
AMD Ryzen 5 5500,MSI B550M-A Pro,DDR4 8GB 3200MHz (1x8),RTX 3060 12GB,Kingston NV2 1TB,Corsair CX650 Bronze,DeepCool AK400,NZXT H5 Flow,budget,4487.84
AMD Ryzen 7 5800X3D,ASUS TUF B550M-Plus,DDR4 32GB 3600MHz RGB,RX 9070 XT,WD Blue SN580 1TB,Corsair RM850x Gold,Thermalright Peerless Assassin,Lian Li O11 Dynamic EVO,high,12257.73
Intel i3-12100F,MSI PRO H610M-G DDR4,DDR4 16GB 3200MHz (2x8),RTX 3060 12GB,Kingston NV2 500GB,Cooler Master MWE 650 Gold,DeepCool AK400,Gamemax Infinit M909,entry,4281.15
AMD Ryzen 7 7700X,MSI MAG B650 Tomahawk,DDR5 16GB 5600MHz (2x8),RX 7600,WD Blue SN580 1TB,Redragon RGPS 500W Bronze,Thermalright Peerless Assassin,Gamemax Infinit M909,budget,6315.39
AMD Ryzen 7 7700X,MSI MAG X870E Tomahawk,DDR5 16GB 5600MHz (2x8),RX 7800 XT,Crucial P3 500GB,Corsair RM750x Gold,DeepCool AK400,Lian Li O11 Dynamic EVO,mid,10137.98
AMD Ryzen 5 5600,ASUS TUF B550M-Plus,DDR4 32GB 3200MHz (2x16),Arc B580,Crucial P3 500GB,Corsair CX650 Bronze,DeepCool AK400,Corsair 3000D Airflow,budget,6498.67
AMD Ryzen 5 5600,MSI B550M-A Pro,DDR4 8GB 3200MHz (1x8),RX 7600,Crucial P3 500GB,Cooler Master MWE 650 Gold,DeepCool AK400,Corsair 3000D Airflow,entry,4367.4
Intel i5-14400F,MSI PRO B760M-A DDR4,DDR4 8GB 3200MHz (1x8),RTX 3060 12GB,Kingston NV2 1TB,Corsair CX650 Bronze,DeepCool AK400,NZXT H5 Flow,budget,4504.63
AMD Ryzen 7 7800X3D,MSI MAG X870E Tomahawk,DDR5 64GB 5600MHz (2x32),RTX 5070,WD Black SN850X 2TB,Corsair RM850x Gold,DeepCool LE720 360mm,Corsair 7000D Airflow,enthusiast,19007.78
Intel i7-14700KF,ASUS TUF B760M-Plus DDR5,DDR5 32GB 5600MHz (2x16),RTX 3060 12GB,WD Black SN850X 2TB,Corsair RM850x Gold,Thermalright Peerless Assassin,Corsair 3000D Airflow,mid,11212.79
Intel i5-12400F,MSI PRO B760M-A DDR4,DDR4 32GB 3200MHz (2x16),Arc B580,Kingston NV2 1TB,Redragon RGPS 500W Bronze,DeepCool AK400,Corsair 3000D Airflow,budget,6479.04
Intel i5-14600KF,ASUS TUF B760M-Plus DDR5,DDR5 16GB 5600MHz (2x8),RTX 3060 12GB,Kingston NV2 500GB,Cooler Master MWE 650 Gold,DeepCool AK400,Corsair 3000D Airflow,budget,6509.42
Intel i7-14700KF,MSI MAG Z790 Tomahawk DDR5,DDR5 32GB 5600MHz (2x16),RX 9070 XT,Samsung 990 Pro 4TB,Corsair RM850x Gold,DeepCool LE720 360mm,Lian Li O11 Dynamic EVO,high,15817.91
Intel i5-12400F,MSI PRO H610M-G DDR4,DDR4 8GB 3200MHz (1x8),RX 7600,Crucial P3 500GB,Cooler Master MWE 650 Gold,Cooler box (stock),Gamemax Infinit M909,entry,4209.45
Intel i5-14600KF,MSI PRO B760M-A DDR4,DDR4 32GB 3200MHz (2x16),RX 7800 XT,Crucial P3 500GB,Cooler Master MWE 650 Gold,Thermalright Peerless Assassin,NZXT H5 Flow,budget,8712.2
AMD Ryzen 5 8400F,MSI PRO B850M-B,DDR5 16GB 5600MHz (2x8),RTX 3060 12GB,Kingston NV2 500GB,Redragon RGPS 500W Bronze,DeepCool AK400,Gamemax Infinit M909,entry,4756.33
Intel i5-12400F,ASUS TUF B760M-Plus DDR5,DDR5 16GB 5600MHz (2x8),RX 7800 XT,WD Blue SN580 1TB,Redragon RGPS 500W Bronze,Cooler box (stock),NZXT H5 Flow,budget,7397.26
AMD Ryzen 7 7800X3D,MSI PRO B850M-B,DDR5 32GB 5600MHz (2x16),RTX 3060 12GB,Kingston NV2 1TB,Corsair CX650 Bronze,DeepCool LE720 360mm,Lian Li O11 Dynamic EVO,mid,10135.95
AMD Ryzen 5 5500,MSI B550M-A Pro,DDR4 16GB 3200MHz (2x8),RTX 4060,Crucial P3 500GB,Redragon RGPS 500W Bronze,DeepCool AK400,NZXT H5 Flow,budget,4993.5
AMD Ryzen 7 5700X,Gigabyte A520M K V2,DDR4 8GB 3200MHz (1x8),RTX 4060,Kingston NV2 1TB,Cooler Master MWE 650 Gold,Cooler box (stock),Gamemax Infinit M909,entry,5232.85
AMD Ryzen 7 7700X,MSI MAG X870E Tomahawk,DDR5 32GB 6000MHz RGB,RTX 4070,WD Blue SN580 1TB,Corsair RM850x Gold,DeepCool LE720 360mm,Lian Li O11 Dynamic EVO,mid,13882.48
Intel i7-14700KF,MSI MAG Z790 Tomahawk DDR5,DDR5 32GB 6000MHz RGB,RTX 3060 12GB,Samsung 990 Pro 1TB,Corsair CX650 Bronze,DeepCool AK400,NZXT H5 Flow,mid,10037.78
AMD Ryzen 7 7700X,MSI MAG B650 Tomahawk,DDR5 64GB 5600MHz (2x32),RTX 5070 Ti,WD Blue SN580 1TB,Corsair RM850x Gold,DeepCool LE720 360mm,NZXT H5 Flow,high,19500.68
Intel i5-12400F,ASUS TUF B760M-Plus DDR5,DDR5 16GB 5600MHz (2x8),RTX 4060,Crucial P3 500GB,Redragon RGPS 500W Bronze,DeepCool AK400,Gamemax Infinit M909,budget,5895.88
AMD Ryzen 7 7700X,MSI MAG X870E Tomahawk,DDR5 32GB 6000MHz RGB,RTX 5060 Ti 16GB,WD Blue SN580 1TB,Corsair RM850x Gold,DeepCool LE720 360mm,Lian Li O11 Dynamic EVO,high,13734.48
AMD Ryzen 7 5800X3D,MSI B550M-A Pro,DDR4 16GB 3200MHz (2x8),RTX 4070,Crucial P3 500GB,Corsair RM750x Gold,DeepCool LE720 360mm,NZXT H5 Flow,mid,8146.57
Intel i7-14700KF,MSI MAG Z790 Tomahawk DDR5,DDR5 16GB 5600MHz (2x8),RTX 4070,WD Black SN850X 2TB,Corsair CX650 Bronze,DeepCool LE720 360mm,NZXT H5 Flow,mid,11392.59
AMD Ryzen 7 7800X3D,MSI MAG X870E Tomahawk,DDR5 16GB 5600MHz (2x8),RTX 3060 12GB,WD Blue SN580 1TB,Corsair RM750x Gold,DeepCool AK400,Lian Li O11 Dynamic EVO,mid,9131.09
Intel i3-12100F,MSI PRO B760M-A DDR4,DDR4 16GB 3200MHz (2x8),RX 7800 XT,WD Blue SN580 1TB,Corsair RM750x Gold,DeepCool AK400,Gamemax Infinit M909,budget,6872.18
AMD Ryzen 5 7600,ASUS Prime A620M-K,DDR5 16GB 5600MHz (2x8),RX 7600,Kingston NV2 500GB,Corsair CX650 Bronze,Cooler box (stock),Gamemax Infinit M909,entry,5932.8
AMD Ryzen 7 5700X,MSI B550M-A Pro,DDR4 32GB 3200MHz (2x16),RX 7600,Samsung 990 Pro 1TB,Corsair RM850x Gold,DeepCool LE720 360mm,Lian Li O11 Dynamic EVO,mid,7485.88
AMD Ryzen 7 5700X,MSI B550M-A Pro,DDR4 32GB 3200MHz (2x16),RTX 5070,Kingston NV2 1TB,Cooler Master MWE 650 Gold,DeepCool AK400,Corsair 3000D Airflow,mid,8882.33
AMD Ryzen 7 7800X3D,MSI MAG X870E Tomahawk,DDR5 32GB 6000MHz RGB,RTX 5090,Samsung 990 Pro 1TB,Corsair RM1000x Gold,NZXT Kraken 360,Lian Li O11 Dynamic EVO,enthusiast,29417.11
AMD Ryzen 7 5800X3D,ASUS TUF B550M-Plus,DDR4 16GB 3200MHz (2x8),RTX 4060,Crucial P3 500GB,Corsair CX650 Bronze,DeepCool AK400,Lian Li O11 Dynamic EVO,mid,7359.56
AMD Ryzen 7 5800X3D,ASUS TUF B550M-Plus,DDR4 32GB 3600MHz RGB,RTX 5060 Ti 16GB,WD Blue SN580 1TB,Corsair RM1000x Gold,DeepCool LE720 360mm,Lian Li O11 Dynamic EVO,high,10869.74
AMD Ryzen 5 7600,MSI PRO B850M-B,DDR5 32GB 5600MHz (2x16),RTX 4070,Kingston NV2 1TB,Cooler Master MWE 650 Gold,DeepCool AK400,NZXT H5 Flow,mid,10861.66
Intel i5-12400F,ASUS TUF B760M-Plus DDR5,DDR5 16GB 5600MHz (2x8),RX 6600,Kingston NV2 500GB,Redragon RGPS 500W Bronze,Thermalright Peerless Assassin,Gamemax Infinit M909,budget,5441.0
AMD Ryzen 7 5800X3D,ASUS TUF B550M-Plus,DDR4 32GB 3600MHz RGB,RX 7800 XT,WD Black SN850X 2TB,Corsair RM850x Gold,DeepCool LE720 360mm,Corsair 7000D Airflow,high,12965.47
Intel i9-14900K,MSI MAG Z790 Tomahawk DDR5,DDR5 32GB 6000MHz RGB,RTX 5080,Samsung 990 Pro 4TB,Corsair RM850x Gold,Thermalright Peerless Assassin,Lian Li O11 Dynamic EVO,high,22952.82
Intel i9-14900K,MSI MAG Z790 Tomahawk DDR5,DDR5 32GB 5600MHz (2x16),RTX 5070,WD Blue SN580 1TB,Corsair RM850x Gold,NZXT Kraken 360,NZXT H5 Flow,high,15317.13
Intel i9-14900K,MSI MAG Z790 Tomahawk DDR5,DDR5 32GB 6000MHz RGB,RTX 5070 Ti,Samsung 990 Pro 1TB,Corsair RM1000x Gold,NZXT Kraken 360,Lian Li O11 Dynamic EVO,enthusiast,17871.52
Intel i7-14700KF,MSI PRO B760M-A DDR4,DDR4 16GB 3200MHz (2x8),RX 7800 XT,WD Black SN850X 2TB,Corsair RM850x Gold,DeepCool AK400,Corsair 3000D Airflow,mid,9421.55
AMD Ryzen 7 5700X,MSI B550M-A Pro,DDR4 8GB 3200MHz (1x8),RX 6600,Crucial P3 500GB,Cooler Master MWE 650 Gold,DeepCool AK400,Corsair 3000D Airflow,entry,4328.31
AMD Ryzen 7 5700X,Gigabyte A520M K V2,DDR4 32GB 3200MHz (2x16),RX 7600,Kingston NV2 1TB,Redragon RGPS 500W Bronze,DeepCool AK400,Gamemax Infinit M909,budget,6003.68
Intel i5-12400F,MSI PRO H610M-G DDR4,DDR4 8GB 3200MHz (1x8),RX 7600,WD Blue SN580 1TB,Corsair CX650 Bronze,Cooler box (stock),Corsair 3000D Airflow,budget,4608.21
AMD Ryzen 7 7700X,MSI MAG B650 Tomahawk,DDR5 32GB 5600MHz (2x16),RTX 4060,WD Black SN850X 2TB,Cooler Master MWE 650 Gold,DeepCool LE720 360mm,Lian Li O11 Dynamic EVO,mid,10688.51
AMD Ryzen 7 7700X,MSI MAG X870E Tomahawk,DDR5 64GB 5600MHz (2x32),RTX 5070 Ti,WD Blue SN580 1TB,Corsair RM850x Gold,Thermalright Peerless Assassin,Corsair 7000D Airflow,high,19560.5
AMD Ryzen 7 5800X3D,ASUS TUF B550M-Plus,DDR4 32GB 3200MHz (2x16),RTX 4070,Crucial P3 500GB,Cooler Master MWE 650 Gold,Thermalright Peerless Assassin,Corsair 3000D Airflow,mid,9045.32
Intel i5-14600KF,ASUS TUF B760M-Plus DDR5,DDR5 32GB 5600MHz (2x16),RX 7800 XT,Samsung 990 Pro 1TB,Corsair RM750x Gold,Thermalright Peerless Assassin,Corsair 7000D Airflow,high,11872.59
AMD Ryzen 7 7800X3D,MSI MAG X870E Tomahawk,DDR5 16GB 5600MHz (2x8),RTX 4060,Crucial P3 500GB,Corsair RM850x Gold,DeepCool LE720 360mm,Lian Li O11 Dynamic EVO,mid,10396.76
Intel i9-14900K,MSI MAG Z790 Tomahawk DDR5,DDR5 32GB 6000MHz RGB,RTX 5060 Ti 16GB,WD Black SN850X 2TB,Corsair RM750x Gold,Thermalright Peerless Assassin,Corsair 7000D Airflow,high,14799.13
AMD Ryzen 7 5800X3D,MSI B550M-A Pro,DDR4 16GB 3200MHz (2x8),RX 9070 XT,WD Blue SN580 1TB,Corsair RM750x Gold,DeepCool AK400,Lian Li O11 Dynamic EVO,mid,10110.81
Intel i7-14700KF,MSI MAG Z790 Tomahawk DDR5,DDR5 64GB 5600MHz (2x32),RX 9070 XT,WD Black SN850X 2TB,Corsair RM850x Gold,NZXT Kraken 360,Corsair 7000D Airflow,enthusiast,19079.75
